Time (sec.), Cycles, "speed_target", "speed_actual", "speed_error"
0.000000000, 0, 0.000000000, 0.000000000, 0.000000000
0.000000000, 0, 0.000000000, 0.000000000, 0.000000000
0.000000000, 0, 0.000000000, 0.000000000, 0.000000000
1.049741530, 176356577, 90.000000000, 0.000000000, 0.000000000
1.049741565, 176356583, 90.000000000, 0.000000000, 0.000000000
1.049791554, 176364981, 90.000000000, 0.000000000, -90.000000000
1.099742440, 184756730, 90.000000000, 0.000000000, -90.000000000
1.099742476, 184756736, 90.000000000, 7.272727013, -90.000000000
1.099791554, 184764981, 90.000000000, 7.272727013, -82.727272034
1.149742440, 193156730, 90.000000000, 7.272727013, -82.727272034
1.149742476, 193156736, 90.000000000, 22.690908432, -82.727272034
1.149791554, 193164981, 90.000000000, 22.690908432, -67.309089661
1.199742714, 201556776, 90.000000000, 22.690908432, -67.309089661
1.199742750, 201556782, 90.000000000, 39.435634613, -67.309089661
1.199791554, 201564981, 90.000000000, 39.435634613, -50.564365387
1.249742494, 209956739, 90.000000000, 39.435634613, -50.564365387
1.249742530, 209956745, 90.000000000, 53.961074829, -50.564365387
1.249791554, 209964981, 90.000000000, 53.961074829, -36.038925171
1.299742542, 218356747, 90.000000000, 53.961074829, -36.038925171
1.299742577, 218356753, 90.000000000, 64.423393250, -36.038925171
1.299791554, 218364981, 90.000000000, 64.423393250, -25.576606750
1.349742464, 226756734, 90.000000000, 64.423393250, -25.576606750
1.349742500, 226756740, 90.000000000, 72.772888184, -25.576606750
1.349791554, 226764981, 90.000000000, 72.772888184, -17.227111816
1.399742589, 235156755, 90.000000000, 72.772888184, -17.227111816
1.399742625, 235156761, 90.000000000, 78.569168091, -17.227111816
1.399791554, 235164981, 90.000000000, 78.569168091, -11.430831909
1.449742595, 243556756, 90.000000000, 78.569168091, -11.430831909
1.449742631, 243556762, 90.000000000, 81.583236694, -11.430831909
1.449791554, 243564981, 90.000000000, 81.583236694, -8.416763306
1.499742589, 251956755, 90.000000000, 81.583236694, -8.416763306
1.499742625, 251956761, 90.000000000, 85.332374573, -8.416763306
1.499791554, 251964981, 90.000000000, 85.332374573, -4.667625427
1.549742595, 260356756, 90.000000000, 85.332374573, -4.667625427
1.549742631, 260356762, 90.000000000, 87.281921387, -4.667625427
1.549791554, 260364981, 90.000000000, 87.281921387, -2.718078613
1.599742506, 268756741, 90.000000000, 87.281921387, -2.718078613
1.599742542, 268756747, 90.000000000, 89.022956848, -2.718078613
1.599791554, 268764981, 90.000000000, 89.022956848, -0.977043152
1.649742440, 277156730, 90.000000000, 89.022956848, -0.977043152
1.649742476, 277156736, 90.000000000, 89.928298950, -0.977043152
1.649791554, 277164981, 90.000000000, 89.928298950, -0.071701050
1.699742601, 285556757, 90.000000000, 89.928298950, -0.071701050
1.699742637, 285556763, 90.000000000, 89.671806335, -0.071701050
1.699791554, 285564981, 90.000000000, 89.671806335, -0.328193665
1.749742548, 293956748, 90.000000000, 89.671806335, -0.328193665
1.749742583, 293956754, 90.000000000, 90.265701294, -0.328193665
1.749791554, 293964981, 90.000000000, 90.265701294, 0.265701294
1.799742565, 302356751, 90.000000000, 90.265701294, 0.265701294
1.799742601, 302356757, 90.000000000, 90.574523926, 0.265701294
1.799791554, 302364981, 90.000000000, 90.574523926, 0.574523926
1.849742625, 310756761, 90.000000000, 90.574523926, 0.574523926
1.849742661, 310756767, 90.000000000, 90.735107422, 0.574523926
1.849791554, 310764981, 90.000000000, 90.735107422, 0.735107422
1.899742625, 319156761, 90.000000000, 90.735107422, 0.735107422
1.899742661, 319156767, 90.000000000, 90.818618774, 0.735107422
1.899791554, 319164981, 90.000000000, 90.818618774, 0.818618774
1.949742607, 327556758, 90.000000000, 90.818618774, 0.818618774
1.949742643, 327556764, 90.000000000, 90.862045288, 0.818618774
1.949791554, 327564981, 90.000000000, 90.862045288, 0.862045288
1.999742577, 335956753, 90.000000000, 90.862045288, 0.862045288
1.999742613, 335956759, 90.000000000, 90.884620667, 0.862045288
1.999791554, 335964981, 90.000000000, 90.884620667, 0.884620667
2.049742554, 344356749, 90.000000000, 90.884620667, 0.884620667
2.049742589, 344356755, 90.000000000, 90.896362305, 0.884620667
2.049791554, 344364981, 90.000000000, 90.896362305, 0.896362305
2.099742571, 352756752, 90.000000000, 90.896362305, 0.896362305
2.099742607, 352756758, 90.000000000, 90.175201416, 0.896362305
2.099791554, 352764981, 90.000000000, 90.175201416, 0.175201416
2.149742607, 361156758, 90.000000000, 90.175201416, 0.175201416
2.149742643, 361156764, 90.000000000, 90.527465820, 0.175201416
2.149791554, 361164981, 90.000000000, 90.527465820, 0.527465820
2.199742607, 369556758, 90.000000000, 90.527465820, 0.527465820
2.199742643, 369556764, 90.000000000, 90.710639954, 0.527465820
2.199791554, 369564981, 90.000000000, 90.710639954, 0.710639954
2.249742518, 377956743, 90.000000000, 90.710639954, 0.710639954
2.249742554, 377956749, 90.000000000, 90.805892944, 0.710639954
2.249791554, 377964981, 90.000000000, 90.805892944, 0.805892944
2.299742595, 386356756, 90.000000000, 90.805892944, 0.805892944
2.299742631, 386356762, 90.000000000, 90.855422974, 0.805892944
2.299791554, 386364981, 90.000000000, 90.855422974, 0.855422974
2.349742583, 394756754, 90.000000000, 90.855422974, 0.855422974
2.349742619, 394756760, 90.000000000, 90.881179810, 0.855422974
2.349791554, 394764981, 90.000000000, 90.881179810, 0.881179810
2.399742631, 403156762, 90.000000000, 90.881179810, 0.881179810
2.399742667, 403156768, 90.000000000, 90.167304993, 0.881179810
2.399791554, 403164981, 90.000000000, 90.167304993, 0.167304993
2.449742643, 411556764, 90.000000000, 90.167304993, 0.167304993
2.449742679, 411556770, 90.000000000, 90.523361206, 0.167304993
2.449791554, 411564981, 90.000000000, 90.523361206, 0.523361206
2.499742530, 419956745, 90.000000000, 90.523361206, 0.523361206
2.499742565, 419956751, 90.000000000, 90.708511353, 0.523361206
2.499791554, 419964981, 90.000000000, 90.708511353, 0.708511353
2.549742655, 428356766, 90.000000000, 90.708511353, 0.708511353
2.549742690, 428356772, 90.000000000, 90.077514648, 0.708511353
2.549791554, 428364981, 90.000000000, 90.077514648, 0.077514648
2.599742548, 436756748, 90.000000000, 90.077514648, 0.077514648
2.599742583, 436756754, 90.000000000, 89.749397278, 0.077514648
2.599791554, 436764981, 90.000000000, 89.749397278, -0.250602722
2.649742518, 445156743, 90.000000000, 89.749397278, -0.250602722
2.649742554, 445156749, 90.000000000, 90.306045532, -0.250602722
2.649791554, 445164981, 90.000000000, 90.306045532, 0.306045532
2.699742542, 453556747, 90.000000000, 90.306045532, 0.306045532
2.699742577, 453556753, 90.000000000, 90.595504761, 0.306045532
2.699791554, 453564981, 90.000000000, 90.595504761, 0.595504761
2.749742649, 461956765, 90.000000000, 90.595504761, 0.595504761
2.749742685, 461956771, 90.000000000, 90.018753052, 0.595504761
2.749791554, 461964981, 90.000000000, 90.018753052, 0.018753052
2.799742679, 470356770, 90.000000000, 90.018753052, 0.018753052
2.799742714, 470356776, 90.000000000, 89.718841553, 0.018753052
2.799791554, 470364981, 90.000000000, 89.718841553, -0.281158447
2.849742488, 478756738, 90.000000000, 89.718841553, -0.281158447
2.849742524, 478756744, 90.000000000, 90.290161133, -0.281158447
2.849791554, 478764981, 90.000000000, 90.290161133, 0.290161133
2.899742560, 487156750, 90.000000000, 90.290161133, 0.290161133
2.899742595, 487156756, 90.000000000, 89.859970093, 0.290161133
2.899791554, 487164981, 90.000000000, 89.859970093, -0.140029907
2.949742613, 495556759, 90.000000000, 89.859970093, -0.140029907
2.949742649, 495556765, 90.000000000, 90.363540649, -0.140029907
2.949791554, 495564981, 90.000000000, 90.363540649, 0.363540649
2.999742565, 503956751, 90.000000000, 90.363540649, 0.363540649
2.999742601, 503956757, 90.000000000, 89.898132324, 0.363540649
2.999791554, 503964981, 90.000000000, 89.898132324, -0.101867676
3.049742524, 512356744, 90.000000000, 89.898132324, -0.101867676
3.049742560, 512356750, 90.000000000, 90.383392334, -0.101867676
3.049791554, 512364981, 90.000000000, 90.383392334, 0.383392334
3.099742542, 520756747, 90.000000000, 90.383392334, 0.383392334
3.099742577, 520756753, 90.000000000, 90.635726929, 0.383392334
3.099791554, 520764981, 90.000000000, 90.635726929, 0.635726929
3.149742607, 529156758, 90.000000000, 90.635726929, 0.635726929
3.149742643, 529156764, 90.000000000, 90.039672852, 0.635726929
3.149791554, 529164981, 90.000000000, 90.039672852, 0.039672852
3.199742542, 537556747, 90.000000000, 90.039672852, 0.039672852
3.199742577, 537556753, 90.000000000, 90.456985474, 0.039672852
3.199791554, 537564981, 90.000000000, 90.456985474, 0.456985474
3.249742625, 545956761, 90.000000000, 90.456985474, 0.456985474
3.249742661, 545956767, 90.000000000, 89.946723938, 0.456985474
3.249791554, 545964981, 90.000000000, 89.946723938, -0.053276062
3.299742518, 554356743, 90.000000000, 89.946723938, -0.053276062
3.299742554, 554356749, 90.000000000, 90.408653259, -0.053276062
3.299791554, 554364981, 90.000000000, 90.408653259, 0.408653259
3.349742476, 562756736, 90.000000000, 90.408653259, 0.408653259
3.349742512, 562756742, 90.000000000, 90.648857117, 0.408653259
3.349791554, 562764981, 90.000000000, 90.648857117, 0.648857117
3.399742607, 571156758, 90.000000000, 90.648857117, 0.648857117
3.399742643, 571156764, 90.000000000, 89.319221497, 0.648857117
3.399791554, 571164981, 90.000000000, 89.319221497, -0.680778503
3.449742601, 579556757, 90.000000000, 89.319221497, -0.680778503
3.449742637, 579556763, 90.000000000, 90.082351685, -0.680778503
3.449791554, 579564981, 90.000000000, 90.082351685, 0.082351685
3.499742613, 587956759, 90.000000000, 90.082351685, 0.082351685
3.499742649, 587956765, 90.000000000, 89.024642944, 0.082351685
3.499791554, 587964981, 90.000000000, 89.024642944, -0.975357056
3.549742607, 596356758, 90.000000000, 89.024642944, -0.975357056
3.549742643, 596356764, 90.000000000, 89.929168701, -0.975357056
3.549791554, 596364981, 90.000000000, 89.929168701, -0.070831299
3.599781554, 604763301, 90.000000000, 89.929168701, -0.327743530
3.649742613, 613156759, 90.000000000, 89.929168701, -0.327743530
3.649742649, 613156765, 90.000000000, 90.265930176, -0.327743530
3.649791554, 613164981, 90.000000000, 90.265930176, 0.265930176
3.699742536, 621556746, 90.000000000, 90.265930176, 0.265930176
3.699742571, 621556752, 90.000000000, 90.574645996, 0.265930176
3.699791554, 621564981, 90.000000000, 90.574645996, 0.574645996
3.749742565, 629956751, 90.000000000, 90.574645996, 0.574645996
3.749742601, 629956757, 90.000000000, 90.735176086, 0.574645996
3.749791554, 629964981, 90.000000000, 90.735176086, 0.735176086
3.799742613, 638356759, 90.000000000, 90.735176086, 0.735176086
3.799742649, 638356765, 90.000000000, 90.818649292, 0.735176086
3.799791554, 638364981, 90.000000000, 90.818649292, 0.818649292
3.849742506, 646756741, 90.000000000, 90.818649292, 0.818649292
3.849742542, 646756747, 90.000000000, 90.862060547, 0.818649292
3.849791554, 646764981, 90.000000000, 90.862060547, 0.862060547
3.899742583, 655156754, 90.000000000, 90.862060547, 0.862060547
3.899742619, 655156760, 90.000000000, 90.157363892, 0.862060547
3.899791554, 655164981, 90.000000000, 90.157363892, 0.157363892
3.949742643, 663556764, 90.000000000, 90.157363892, 0.157363892
3.949742679, 663556770, 90.000000000, 89.790924072, 0.157363892
3.949791554, 663564981, 90.000000000, 89.790924072, -0.209075928
3.999742512, 671956742, 90.000000000, 89.790924072, -0.209075928
3.999742548, 671956748, 90.000000000, 90.327636719, -0.209075928
3.999791554, 671964981, 90.000000000, 90.327636719, 0.327636719
4.049742542, 680356747, 90.000000000, 90.327636719, 0.327636719
4.049742577, 680356753, 90.000000000, 90.606735229, 0.327636719
4.049791554, 680364981, 90.000000000, 90.606735229, 0.606735229
4.099742565, 688756751, 90.000000000, 90.606735229, 0.606735229
4.099742601, 688756757, 90.000000000, 90.751861572, 0.606735229
4.099791554, 688764981, 90.000000000, 90.751861572, 0.751861572
4.149742643, 697156764, 90.000000000, 90.751861572, 0.751861572
4.149742679, 697156770, 90.000000000, 90.100059509, 0.751861572
4.149791554, 697164981, 90.000000000, 90.100059509, 0.100059509
4.199742560, 705556750, 90.000000000, 90.100059509, 0.100059509
4.199742595, 705556756, 90.000000000, 90.488388062, 0.100059509
4.199791554, 705564981, 90.000000000, 90.488388062, 0.488388062
4.249742613, 713956759, 90.000000000, 90.488388062, 0.488388062
4.249742649, 713956765, 90.000000000, 89.963050842, 0.488388062
4.249791554, 713964981, 90.000000000, 89.963050842, -0.036949158
4.299742571, 722356752, 90.000000000, 89.963050842, -0.036949158
4.299742607, 722356758, 90.000000000, 89.689880371, -0.036949158
4.299791554, 722364981, 90.000000000, 89.689880371, -0.310119629
4.349742577, 730756753, 90.000000000, 89.689880371, -0.310119629
4.349742613, 730756759, 90.000000000, 89.547828674, -0.310119629
4.349791554, 730764981, 90.000000000, 89.547828674, -0.452171326
4.399742583, 739156754, 90.000000000, 89.547828674, -0.452171326
4.399742619, 739156760, 90.000000000, 90.201232910, -0.452171326
4.399791554, 739164981, 90.000000000, 90.201232910, 0.201232910
4.449742488, 747556738, 90.000000000, 90.201232910, 0.201232910
4.449742524, 747556744, 90.000000000, 90.541000366, 0.201232910
4.449791554, 747564981, 90.000000000, 90.541000366, 0.541000366
4.499742554, 755956749, 90.000000000, 90.541000366, 0.541000366
4.499742589, 755956755, 90.000000000, 89.990409851, 0.541000366
4.499791554, 755964981, 90.000000000, 89.990409851, -0.009590149
4.549742577, 764356753, 90.000000000, 89.990409851, -0.009590149
4.549742613, 764356759, 90.000000000, 90.431365967, -0.009590149
4.549791554, 764364981, 90.000000000, 90.431365967, 0.431365967
4.599742619, 772756760, 90.000000000, 90.431365967, 0.431365967
4.599742655, 772756766, 90.000000000, 89.933395386, 0.431365967
4.599791554, 772764981, 90.000000000, 89.933395386, -0.066604614
4.649742560, 781156750, 90.000000000, 89.933395386, -0.066604614
4.649742595, 781156756, 90.000000000, 90.401725769, -0.066604614
4.649791554, 781164981, 90.000000000, 90.401725769, 0.401725769
4.699742548, 789556748, 90.000000000, 90.401725769, 0.401725769
4.699742583, 789556754, 90.000000000, 90.645256042, 0.401725769
4.699791554, 789564981, 90.000000000, 90.645256042, 0.645256042
4.749742554, 797956749, 90.000000000, 90.645256042, 0.645256042
4.749742589, 797956755, 90.000000000, 90.044624329, 0.645256042
4.749791554, 797964981, 90.000000000, 90.044624329, 0.044624329
4.799742530, 806356745, 90.000000000, 90.044624329, 0.044624329
4.799742565, 806356751, 90.000000000, 90.459564209, 0.044624329
4.799791554, 806364981, 90.000000000, 90.459564209, 0.459564209
4.849742536, 814756746, 90.000000000, 90.459564209, 0.459564209
4.849742571, 814756752, 90.000000000, 89.948059082, 0.459564209
4.849791554, 814764981, 90.000000000, 89.948059082, -0.051940918
4.899742589, 823156755, 90.000000000, 89.948059082, -0.051940918
4.899742625, 823156761, 90.000000000, 89.682083130, -0.051940918
4.899791554, 823164981, 90.000000000, 89.682083130, -0.317916870
4.949742667, 831556768, 90.000000000, 89.682083130, -0.317916870
4.949742702, 831556774, 90.000000000, 88.816497803, -0.317916870
4.949791554, 831564981, 90.000000000, 88.816497803, -1.183502197
4.999742643, 839956764, 90.000000000, 88.816497803, -1.183502197
4.999742679, 839956770, 90.000000000, 89.093673706, -1.183502197
4.999791554, 839964981, 90.000000000, 89.093673706, -0.906326294
5.049742565, 848356751, 90.000000000, 89.093673706, -0.906326294
5.049742601, 848356757, 90.000000000, 89.965072632, -0.906326294
5.049791554, 848364981, 90.000000000, 89.965072632, -0.034927368
5.099742643, 856756764, 90.000000000, 89.965072632, -0.034927368
5.099742679, 856756770, 90.000000000, 88.963653564, -0.034927368
5.099791554, 856764981, 90.000000000, 88.963653564, -1.036346436
5.149742500, 865156740, 90.000000000, 88.963653564, -1.036346436
5.149742536, 865156746, 90.000000000, 89.897460938, -1.036346436
5.149791554, 865164981, 90.000000000, 89.897460938, -0.102539063
5.199742571, 873556752, 90.000000000, 89.897460938, -0.102539063
5.199742607, 873556758, 90.000000000, 89.655769348, -0.102539063
5.199791554, 873564981, 90.000000000, 89.655769348, -0.344230652
5.249742595, 881956756, 90.000000000, 89.655769348, -0.344230652
5.249742631, 881956762, 90.000000000, 90.257354736, -0.344230652
5.249791554, 881964981, 90.000000000, 90.257354736, 0.257354736
5.299742506, 890356741, 90.000000000, 90.257354736, 0.257354736
5.299742542, 890356747, 90.000000000, 90.570182800, 0.257354736
5.299791554, 890364981, 90.000000000, 90.570182800, 0.570182800
5.349742601, 898756757, 90.000000000, 90.570182800, 0.570182800
5.349742637, 898756763, 90.000000000, 90.005584717, 0.570182800
5.349791554, 898764981, 90.000000000, 90.005584717, 0.005584717
5.399742548, 907156748, 90.000000000, 90.005584717, 0.005584717
5.399742583, 907156754, 90.000000000, 90.439262390, 0.005584717
5.399791554, 907164981, 90.000000000, 90.439262390, 0.439262390
5.449742571, 915556752, 90.000000000, 90.439262390, 0.439262390
5.449742607, 915556758, 90.000000000, 90.664779663, 0.439262390
5.449791554, 915564981, 90.000000000, 90.664779663, 0.664779663
5.499742583, 923956754, 90.000000000, 90.664779663, 0.664779663
5.499742619, 923956760, 90.000000000, 90.782043457, 0.664779663
5.499791554, 923964981, 90.000000000, 90.782043457, 0.782043457
5.549742667, 932356768, 90.000000000, 90.782043457, 0.782043457
5.549742702, 932356774, 90.000000000, 90.115753174, 0.782043457
5.549791554, 932364981, 90.000000000, 90.115753174, 0.115753174
5.599742589, 940756755, 90.000000000, 90.115753174, 0.115753174
5.599742625, 940756761, 90.000000000, 90.496551514, 0.115753174
5.599791554, 940764981, 90.000000000, 90.496551514, 0.496551514
5.649742530, 949156745, 90.000000000, 90.496551514, 0.496551514
5.649795554, 949165653, 90.000000000, 90.694564819, 0.496551514
5.649795554, 949165653, 90.000000000, 90.694564819, 0.694564819
5.699742524, 957556744, 90.000000000, 90.694564819, 0.694564819
5.699742560, 957556750, 90.000000000, 90.070266724, 0.694564819
5.699791554, 957564981, 90.000000000, 90.070266724, 0.070266724
5.749742595, 965956756, 90.000000000, 90.070266724, 0.070266724
5.749742631, 965956762, 90.000000000, 89.745628357, 0.070266724
5.749791554, 965964981, 90.000000000, 89.745628357, -0.254371643
5.799742601, 974356757, 90.000000000, 89.745628357, -0.254371643
5.799742637, 974356763, 90.000000000, 89.576812744, -0.254371643
5.799791554, 974364981, 90.000000000, 89.576812744, -0.423187256
5.849742607, 982756758, 90.000000000, 89.576812744, -0.423187256
5.849742643, 982756764, 90.000000000, 88.761756897, -0.423187256
5.849791554, 982764981, 90.000000000, 88.761756897, -1.238243103
5.899742601, 991156757, 90.000000000, 88.761756897, -1.238243103
5.899742637, 991156763, 90.000000000, 89.792472839, -1.238243103
5.899791554, 991164981, 90.000000000, 89.792472839, -0.207527161
5.949742565, 999556751, 90.000000000, 89.792472839, -0.207527161
5.949742601, 999556757, 90.000000000, 89.601181030, -0.207527161
5.949791554, 999564981, 90.000000000, 89.601181030, -0.398818970
5.999742601, 1007956757, 90.000000000, 89.601181030, -0.398818970
5.999742637, 1007956763, 90.000000000, 90.228973389, -0.398818970
5.999791554, 1007964981, 90.000000000, 90.228973389, 0.228973389
6.049742464, 1016356734, 150.000000000, 90.228973389, 0.228973389
6.049742500, 1016356740, 150.000000000, 90.555419922, 0.228973389
6.049791554, 1016364981, 150.000000000, 90.555419922, -59.444580078
6.099742440, 1024756730, 150.000000000, 90.555419922, -59.444580078
6.099742476, 1024756736, 150.000000000, 95.816093445, -59.444580078
6.099791554, 1024764981, 150.000000000, 95.816093445, -54.183906555
6.149742690, 1033156772, 150.000000000, 95.816093445, -54.183906555
6.149742726, 1033156778, 150.000000000, 107.278907776, -54.183906555
6.149791554, 1033164981, 150.000000000, 107.278907776, -42.721092224
6.199742738, 1041556780, 150.000000000, 107.278907776, -42.721092224
6.199742774, 1041556786, 150.000000000, 118.330482483, -42.721092224
6.199791554, 1041564981, 150.000000000, 118.330482483, -31.669517517
6.249742589, 1049956755, 150.000000000, 118.330482483, -31.669517517
6.249742625, 1049956761, 150.000000000, 128.440933228, -31.669517517
6.249791554, 1049964981, 150.000000000, 128.440933228, -21.559066772
6.299742506, 1058356741, 150.000000000, 128.440933228, -21.559066772
6.299742542, 1058356747, 150.000000000, 136.607452393, -21.559066772
6.299791554, 1058364981, 150.000000000, 136.607452393, -13.392547607
6.349742470, 1066756735, 150.000000000, 136.607452393, -13.392547607
6.349742506, 1066756741, 150.000000000, 140.854049683, -13.392547607
6.349791554, 1066764981, 150.000000000, 140.854049683, -9.145950317
6.399742607, 1075156758, 150.000000000, 140.854049683, -9.145950317
6.399742643, 1075156764, 150.000000000, 144.516830444, -9.145950317
6.399791554, 1075164981, 150.000000000, 144.516830444, -5.483169556
6.449742589, 1083556755, 150.000000000, 144.516830444, -5.483169556
6.449742625, 1083556761, 150.000000000, 146.421478271, -5.483169556
6.449791554, 1083564981, 150.000000000, 146.421478271, -3.578521729
6.499742827, 1091956795, 150.000000000, 146.421478271, -3.578521729
6.499742863, 1091956801, 150.000000000, 148.139175415, -3.578521729
6.499791554, 1091964981, 150.000000000, 148.139175415, -1.860824585
6.549742827, 1100356795, 150.000000000, 148.139175415, -1.860824585
6.549742863, 1100356801, 150.000000000, 149.032379150, -1.860824585
6.549791554, 1100364981, 150.000000000, 149.032379150, -0.967620850
6.599742821, 1108756794, 150.000000000, 149.032379150, -0.967620850
6.599742857, 1108756800, 150.000000000, 149.496841431, -0.967620850
6.599791554, 1108764981, 150.000000000, 149.496841431, -0.503158569
6.649742595, 1117156756, 150.000000000, 149.496841431, -0.503158569
6.649742631, 1117156762, 150.000000000, 149.738372803, -0.503158569
6.649791554, 1117164981, 150.000000000, 149.738372803, -0.261627197
6.699742827, 1125556795, 150.000000000, 149.738372803, -0.261627197
6.699742863, 1125556801, 150.000000000, 150.591217041, -0.261627197
6.699791554, 1125564981, 150.000000000, 150.591217041, 0.591217041
6.749742804, 1133956791, 150.000000000, 150.591217041, 0.591217041
6.749742839, 1133956797, 150.000000000, 150.307434082, 0.591217041
6.749791554, 1133964981, 150.000000000, 150.307434082, 0.307434082
6.799742857, 1142356800, 150.000000000, 150.307434082, 0.307434082
6.799742893, 1142356806, 150.000000000, 150.159881592, 0.307434082
6.799791554, 1142364981, 150.000000000, 150.159881592, 0.159881592
6.849742774, 1150756786, 150.000000000, 150.159881592, 0.159881592
6.849742810, 1150756792, 150.000000000, 150.810409546, 0.159881592
6.849791554, 1150764981, 150.000000000, 150.810409546, 0.810409546
6.899742595, 1159156756, 150.000000000, 150.810409546, 0.810409546
6.899742631, 1159156762, 150.000000000, 150.421417236, 0.810409546
6.899791554, 1159164981, 150.000000000, 150.421417236, 0.421417236
6.949742851, 1167556799, 150.000000000, 150.421417236, 0.421417236
6.949742887, 1167556805, 150.000000000, 150.946411133, 0.421417236
6.949791554, 1167564981, 150.000000000, 150.946411133, 0.946411133
6.999742815, 1175956793, 150.000000000, 150.946411133, 0.946411133
6.999742851, 1175956799, 150.000000000, 151.219406128, 0.946411133
6.999791554, 1175964981, 150.000000000, 151.219406128, 1.219406128
7.049742619, 1184356760, 150.000000000, 151.219406128, 1.219406128
7.049742655, 1184356766, 150.000000000, 149.906814575, 1.219406128
7.049796554, 1184365821, 150.000000000, 149.906814575, -0.093185425
7.099742631, 1192756762, 150.000000000, 149.906814575, -0.093185425
7.099742667, 1192756768, 150.000000000, 149.951538086, -0.093185425
7.099791554, 1192764981, 150.000000000, 149.951538086, -0.048461914
7.149742798, 1201156790, 150.000000000, 149.951538086, -0.048461914
7.149742833, 1201156796, 150.000000000, 149.974807739, -0.048461914
7.149791554, 1201164981, 150.000000000, 149.974807739, -0.025192261
7.199742798, 1209556790, 150.000000000, 149.974807739, -0.025192261
7.199742833, 1209556796, 150.000000000, 149.986907959, -0.025192261
7.199791554, 1209564981, 150.000000000, 149.986907959, -0.013092041
7.249742595, 1217956756, 150.000000000, 149.986907959, -0.013092041
7.249742631, 1217956762, 150.000000000, 149.265914917, -0.013092041
7.249791554, 1217964981, 150.000000000, 149.265914917, -0.734085083
7.299742643, 1226356764, 150.000000000, 149.265914917, -0.734085083
7.299742679, 1226356770, 150.000000000, 149.618286133, -0.734085083
7.299791554, 1226364981, 150.000000000, 149.618286133, -0.381713867
7.349742649, 1234756765, 150.000000000, 149.618286133, -0.381713867
7.349742685, 1234756771, 150.000000000, 149.074234009, -0.381713867
7.349791554, 1234764981, 150.000000000, 149.074234009, -0.925765991
7.399742637, 1243156763, 150.000000000, 149.074234009, -0.925765991
7.399742673, 1243156769, 150.000000000, 149.518615723, -0.925765991
7.399791554, 1243164981, 150.000000000, 149.518615723, -0.481384277
7.449742774, 1251556786, 150.000000000, 149.518615723, -0.481384277
7.449742810, 1251556792, 150.000000000, 149.022399902, -0.481384277
7.449791554, 1251564981, 150.000000000, 149.022399902, -0.977600098
7.499742524, 1259956744, 150.000000000, 149.022399902, -0.977600098
7.499742560, 1259956750, 150.000000000, 148.037109375, -0.977600098
7.499791554, 1259964981, 150.000000000, 148.037109375, -1.962890625
7.549742595, 1268356756, 150.000000000, 148.037109375, -1.962890625
7.549742631, 1268356762, 150.000000000, 148.252014160, -1.962890625
7.549791554, 1268364981, 150.000000000, 148.252014160, -1.747985840
7.599742827, 1276756795, 150.000000000, 148.252014160, -1.747985840
7.599742863, 1276756801, 150.000000000, 149.091049194, -1.747985840
7.599791554, 1276764981, 150.000000000, 149.091049194, -0.908950806
7.649742583, 1285156754, 150.000000000, 149.091049194, -0.908950806
7.649742619, 1285156760, 150.000000000, 148.800079346, -0.908950806
7.649791554, 1285164981, 150.000000000, 148.800079346, -1.199920654
7.699742667, 1293556768, 150.000000000, 148.800079346, -1.199920654
7.699742702, 1293556774, 150.000000000, 145.739669800, -1.199920654
7.699791554, 1293564981, 150.000000000, 145.739669800, -4.260330200
7.749742494, 1301956739, 150.000000000, 145.739669800, -4.260330200
7.749742530, 1301956745, 150.000000000, 145.602798462, -4.260330200
7.749791554, 1301964981, 150.000000000, 145.602798462, -4.397201538
7.799742554, 1310356749, 150.000000000, 145.602798462, -4.397201538
7.799742589, 1310356755, 150.000000000, 146.258911133, -4.397201538
7.799791554, 1310364981, 150.000000000, 146.258911133, -3.741088867
7.849742637, 1318756763, 150.000000000, 146.258911133, -3.741088867
7.849742673, 1318756769, 150.000000000, 148.054641724, -3.741088867
7.849791554, 1318764981, 150.000000000, 148.054641724, -1.945358276
7.899742577, 1327156753, 150.000000000, 148.054641724, -1.945358276
7.899742613, 1327156759, 150.000000000, 151.170227051, -1.945358276
7.899791554, 1327164981, 150.000000000, 151.170227051, 1.170227051
7.949742667, 1335556768, 150.000000000, 151.170227051, 1.170227051
7.949742702, 1335556774, 150.000000000, 152.790328979, 1.170227051
7.949791554, 1335564981, 150.000000000, 152.790328979, 2.790328979
7.999742690, 1343956772, 150.000000000, 152.790328979, 2.790328979
7.999742726, 1343956778, 150.000000000, 153.632781982, 2.790328979
7.999791554, 1343964981, 150.000000000, 153.632781982, 3.632781982
8.049742631, 1352356762, 150.000000000, 153.632781982, 3.632781982
8.049742667, 1352356768, 150.000000000, 152.616317749, 3.632781982
8.049791554, 1352364981, 150.000000000, 152.616317749, 2.616317749
8.099742613, 1360756759, 150.000000000, 152.616317749, 2.616317749
8.099742649, 1360756765, 150.000000000, 152.815032959, 2.616317749
8.099791554, 1360764981, 150.000000000, 152.815032959, 2.815032959
8.149742649, 1369156765, 150.000000000, 152.815032959, 2.815032959
8.149742685, 1369156771, 150.000000000, 152.191085815, 2.815032959
8.149791554, 1369164981, 150.000000000, 152.191085815, 2.191085815
8.199742804, 1377556791, 150.000000000, 152.191085815, 2.191085815
8.199742839, 1377556797, 150.000000000, 151.866638184, 2.191085815
8.199791554, 1377564981, 150.000000000, 151.866638184, 1.866638184
8.249742786, 1385956788, 150.000000000, 151.866638184, 1.866638184
8.249742821, 1385956794, 150.000000000, 150.243377686, 1.866638184
8.249791554, 1385964981, 150.000000000, 150.243377686, 0.243377686
8.299742774, 1394356786, 150.000000000, 150.243377686, 0.243377686
8.299742810, 1394356792, 150.000000000, 149.399291992, 0.243377686
8.299791554, 1394364981, 150.000000000, 149.399291992, -0.600708008
8.349742601, 1402756757, 150.000000000, 149.399291992, -0.600708008
8.349742637, 1402756763, 150.000000000, 148.233093262, -0.600708008
8.349791554, 1402764981, 150.000000000, 148.233093262, -1.766906738
8.399742845, 1411156798, 150.000000000, 148.233093262, -1.766906738
8.399742881, 1411156804, 150.000000000, 149.808471680, -1.766906738
8.399791554, 1411164981, 150.000000000, 149.808471680, -0.191528320
8.449742595, 1419556756, 150.000000000, 149.808471680, -0.191528320
8.449742631, 1419556762, 150.000000000, 149.173126221, -0.191528320
8.449791554, 1419564981, 150.000000000, 149.173126221, -0.826873779
8.499742625, 1427956761, 150.000000000, 149.173126221, -0.826873779
8.499742661, 1427956767, 150.000000000, 149.570037842, -0.826873779
8.499791554, 1427964981, 150.000000000, 149.570037842, -0.429962158
8.549742798, 1436356790, 150.000000000, 149.570037842, -0.429962158
8.549742833, 1436356796, 150.000000000, 150.503692627, -0.429962158
8.549791554, 1436364981, 150.000000000, 150.503692627, 0.503692627
8.599742798, 1444756790, 150.000000000, 150.503692627, 0.503692627
8.599742833, 1444756796, 150.000000000, 150.261932373, 0.503692627
8.599791554, 1444764981, 150.000000000, 150.261932373, 0.261932373
8.649781554, 1453163301, 150.000000000, 150.261932373, -0.591064453
8.699742679, 1461556770, 150.000000000, 150.261932373, -0.591064453
8.699742714, 1461556776, 150.000000000, 149.692657471, -0.591064453
8.699791554, 1461564981, 150.000000000, 149.692657471, -0.307342529
8.749742619, 1469956760, 150.000000000, 149.692657471, -0.307342529
8.749742655, 1469956766, 150.000000000, 150.567443848, -0.307342529
8.749791554, 1469964981, 150.000000000, 150.567443848, 0.567443848
8.799742595, 1478356756, 150.000000000, 150.567443848, 0.567443848
8.799742631, 1478356762, 150.000000000, 150.295074463, 0.567443848
8.799791554, 1478364981, 150.000000000, 150.295074463, 0.295074463
8.849742786, 1486756788, 150.000000000, 150.295074463, 0.295074463
8.849742821, 1486756794, 150.000000000, 150.880706787, 0.295074463
8.849791554, 1486764981, 150.000000000, 150.880706787, 0.880706787
8.899742750, 1495156782, 150.000000000, 150.880706787, 0.880706787
8.899742786, 1495156788, 150.000000000, 150.457977295, 0.880706787
8.899791554, 1495164981, 150.000000000, 150.457977295, 0.457977295
8.949742792, 1503556789, 150.000000000, 150.457977295, 0.457977295
8.949742827, 1503556795, 150.000000000, 150.238159180, 0.457977295
8.949791554, 1503564981, 150.000000000, 150.238159180, 0.238159180
8.999742798, 1511956790, 150.000000000, 150.238159180, 0.238159180
8.999742833, 1511956796, 150.000000000, 150.123840332, 0.238159180
8.999791554, 1511964981, 150.000000000, 150.123840332, 0.123840332
9.049742827, 1520356795, 150.000000000, 150.123840332, 0.123840332
9.049742863, 1520356801, 150.000000000, 150.064392090, 0.123840332
9.049791554, 1520364981, 150.000000000, 150.064392090, 0.064392090
9.099742857, 1528756800, 150.000000000, 150.064392090, 0.064392090
9.099742893, 1528756806, 150.000000000, 150.033477783, 0.064392090
9.099791554, 1528764981, 150.000000000, 150.033477783, 0.033477783
9.149742601, 1537156757, 150.000000000, 150.033477783, 0.033477783
9.149742637, 1537156763, 150.000000000, 150.017410278, 0.033477783
9.149791554, 1537164981, 150.000000000, 150.017410278, 0.017410278
9.199742810, 1545556792, 150.000000000, 150.017410278, 0.017410278
9.199742845, 1545556798, 150.000000000, 150.736328125, 0.017410278
9.199791554, 1545564981, 150.000000000, 150.736328125, 0.736328125
9.249742554, 1553956749, 150.000000000, 150.736328125, 0.736328125
9.249742589, 1553956755, 150.000000000, 150.382904053, 0.736328125
9.249791554, 1553964981, 150.000000000, 150.382904053, 0.382904053
9.299742595, 1562356756, 150.000000000, 150.382904053, 0.382904053
9.299742631, 1562356762, 150.000000000, 149.471832275, 0.382904053
9.299791554, 1562364981, 150.000000000, 149.471832275, -0.528167725
9.349742643, 1570756764, 150.000000000, 149.471832275, -0.528167725
9.349742679, 1570756770, 150.000000000, 149.725357056, -0.528167725
9.349791554, 1570764981, 150.000000000, 149.725357056, -0.274642944
9.399742804, 1579156791, 150.000000000, 149.725357056, -0.274642944
9.399742839, 1579156797, 150.000000000, 150.584457397, -0.274642944
9.399791554, 1579164981, 150.000000000, 150.584457397, 0.584457397
9.449742744, 1587556781, 150.000000000, 150.584457397, 0.584457397
9.449742780, 1587556787, 150.000000000, 150.303924561, 0.584457397
9.449791554, 1587564981, 150.000000000, 150.303924561, 0.303924561
9.499742571, 1595956752, 150.000000000, 150.303924561, 0.303924561
9.499742607, 1595956758, 150.000000000, 149.430755615, 0.303924561
9.499791554, 1595964981, 150.000000000, 149.430755615, -0.569244385
9.549742631, 1604356762, 150.000000000, 149.430755615, -0.569244385
9.549742667, 1604356768, 150.000000000, 149.703994751, -0.569244385
9.549791554, 1604364981, 150.000000000, 149.703994751, -0.296005249
9.599742827, 1612756795, 150.000000000, 149.703994751, -0.296005249
9.599742863, 1612756801, 150.000000000, 150.573348999, -0.296005249
9.599791554, 1612764981, 150.000000000, 150.573348999, 0.573348999
9.649742637, 1621156763, 150.000000000, 150.573348999, 0.573348999
9.649742673, 1621156769, 150.000000000, 150.298156738, 0.573348999
9.649791554, 1621164981, 150.000000000, 150.298156738, 0.298156738
9.699742827, 1629556795, 150.000000000, 150.298156738, 0.298156738
9.699742863, 1629556801, 150.000000000, 150.882308960, 0.298156738
9.699791554, 1629564981, 150.000000000, 150.882308960, 0.882308960
9.749742774, 1637956786, 150.000000000, 150.882308960, 0.882308960
9.749742810, 1637956792, 150.000000000, 151.186065674, 0.882308960
9.749791554, 1637964981, 150.000000000, 151.186065674, 1.186065674
9.799742583, 1646356754, 150.000000000, 151.186065674, 1.186065674
9.799742619, 1646356760, 150.000000000, 149.889480591, 1.186065674
9.799791554, 1646364981, 150.000000000, 149.889480591, -0.110519409
9.849742637, 1654756763, 150.000000000, 149.889480591, -0.110519409
9.849742673, 1654756769, 150.000000000, 149.942535400, -0.110519409
9.849791554, 1654764981, 150.000000000, 149.942535400, -0.057464600
9.899742649, 1663156765, 150.000000000, 149.942535400, -0.057464600
9.899742685, 1663156771, 150.000000000, 149.970123291, -0.057464600
9.899791554, 1663164981, 150.000000000, 149.970123291, -0.029876709
9.949742851, 1671556799, 150.000000000, 149.970123291, -0.029876709
9.949742887, 1671556805, 150.000000000, 149.984466553, -0.029876709
9.949791554, 1671564981, 150.000000000, 149.984466553, -0.015533447
9.999742804, 1679956791, 150.000000000, 149.984466553, -0.015533447
9.999742839, 1679956797, 150.000000000, 149.991928101, -0.015533447
9.999791554, 1679964981, 150.000000000, 149.991928101, -0.008071899
10.049742631, 1688356762, 150.000000000, 149.991928101, -0.008071899
10.049742667, 1688356768, 150.000000000, 149.995803833, -0.008071899
10.049791554, 1688364981, 150.000000000, 149.995803833, -0.004196167
10.099742643, 1696756764, 150.000000000, 149.995803833, -0.004196167
10.099742679, 1696756770, 150.000000000, 150.725097656, -0.004196167
10.099791554, 1696764981, 150.000000000, 150.725097656, 0.725097656
10.149742625, 1705156761, 150.000000000, 150.725097656, 0.725097656
10.149742661, 1705156767, 150.000000000, 150.377044678, 0.725097656
10.149791554, 1705164981, 150.000000000, 150.377044678, 0.377044678
10.199742833, 1713556796, 150.000000000, 150.377044678, 0.377044678
10.199742869, 1713556802, 150.000000000, 150.923339844, 0.377044678
10.199791554, 1713564981, 150.000000000, 150.923339844, 0.923339844
10.249742625, 1721956761, 150.000000000, 150.923339844, 0.923339844
10.249742661, 1721956767, 150.000000000, 150.480133057, 0.923339844
10.249791554, 1721964981, 150.000000000, 150.480133057, 0.480133057
10.299742655, 1730356766, 150.000000000, 150.480133057, 0.480133057
10.299742690, 1730356772, 150.000000000, 150.249664307, 0.480133057
10.299791554, 1730364981, 150.000000000, 150.249664307, 0.249664307
10.349742857, 1738756800, 150.000000000, 150.249664307, 0.249664307
10.349742893, 1738756806, 150.000000000, 150.857086182, 0.249664307
10.349791554, 1738764981, 150.000000000, 150.857086182, 0.857086182
10.399742565, 1747156751, 150.000000000, 150.857086182, 0.857086182
10.399742601, 1747156757, 150.000000000, 150.445678711, 0.857086182
10.399791554, 1747164981, 150.000000000, 150.445678711, 0.445678711
10.449742571, 1755556752, 150.000000000, 150.445678711, 0.445678711
10.449742607, 1755556758, 150.000000000, 149.504486084, 0.445678711
10.449791554, 1755564981, 150.000000000, 149.504486084, -0.495513916
10.499742643, 1763956764, 150.000000000, 149.504486084, -0.495513916
10.499742679, 1763956770, 150.000000000, 149.742340088, -0.495513916
10.499791554, 1763964981, 150.000000000, 149.742340088, -0.257659912
10.549742619, 1772356760, 150.000000000, 149.742340088, -0.257659912
10.549742655, 1772356766, 150.000000000, 149.866027832, -0.257659912
10.549791554, 1772364981, 150.000000000, 149.866027832, -0.133972168
10.599742792, 1780756789, 150.000000000, 149.866027832, -0.133972168
10.599742827, 1780756795, 150.000000000, 150.657592773, -0.133972168
10.599791554, 1780764981, 150.000000000, 150.657592773, 0.657592773
10.649742607, 1789156758, 150.000000000, 150.657592773, 0.657592773
10.649742643, 1789156764, 150.000000000, 150.341949463, 0.657592773
10.649791554, 1789164981, 150.000000000, 150.341949463, 0.341949463
10.699742821, 1797556794, 150.000000000, 150.341949463, 0.341949463
10.699742857, 1797556800, 150.000000000, 150.177825928, 0.341949463
10.699791554, 1797564981, 150.000000000, 150.177825928, 0.177825928
10.749742798, 1805956790, 150.000000000, 150.177825928, 0.177825928
10.749742833, 1805956796, 150.000000000, 150.092468262, 0.177825928
10.749791554, 1805964981, 150.000000000, 150.092468262, 0.092468262
10.799742780, 1814356787, 150.000000000, 150.092468262, 0.092468262
10.799742815, 1814356793, 150.000000000, 150.048095703, 0.092468262
10.799791554, 1814364981, 150.000000000, 150.048095703, 0.048095703
10.849742726, 1822756778, 150.000000000, 150.048095703, 0.048095703
10.849742762, 1822756784, 150.000000000, 150.025024414, 0.048095703
10.849791554, 1822764981, 150.000000000, 150.025024414, 0.025024414
10.899742744, 1831156781, 150.000000000, 150.025024414, 0.025024414
10.899742780, 1831156787, 150.000000000, 149.285736084, 0.025024414
10.899791554, 1831164981, 150.000000000, 149.285736084, -0.714263916
10.949742583, 1839556754, 150.000000000, 149.285736084, -0.714263916
10.949742619, 1839556760, 150.000000000, 148.901306152, -0.714263916
10.949791554, 1839564981, 150.000000000, 148.901306152, -1.098693848
10.999742839, 1847956797, 150.000000000, 148.901306152, -1.098693848
10.999742875, 1847956803, 150.000000000, 149.428680420, -1.098693848
10.999791554, 1847964981, 150.000000000, 149.428680420, -0.571319580
11.049742619, 1856356760, 150.000000000, 149.428680420, -0.571319580
11.049742655, 1856356766, 150.000000000, 148.975646973, -0.571319580
11.049791554, 1856364981, 150.000000000, 148.975646973, -1.024353027
11.099742810, 1864756792, 90.000000000, 148.975646973, -1.024353027
11.099742845, 1864756798, 90.000000000, 150.194610596, -1.024353027
11.099791554, 1864764981, 90.000000000, 150.194610596, 60.194610596
11.149742702, 1873156774, 90.000000000, 150.194610596, 60.194610596
11.149742738, 1873156780, 90.000000000, 146.464828491, 60.194610596
11.149791554, 1873164981, 90.000000000, 146.464828491, 56.464828491
11.199742952, 1881556816, 90.000000000, 146.464828491, 56.464828491
11.199742988, 1881556822, 90.000000000, 137.979888916, 56.464828491
11.199791554, 1881564981, 90.000000000, 137.979888916, 47.979888916
11.249742679, 1889956770, 90.000000000, 137.979888916, 47.979888916
11.249742714, 1889956776, 90.000000000, 127.022270203, 47.979888916
11.249791554, 1889964981, 90.000000000, 127.022270203, 37.022270203
11.299742685, 1898356771, 90.000000000, 127.022270203, 37.022270203
11.299742720, 1898356777, 90.000000000, 115.506118774, 37.022270203
11.299791554, 1898364981, 90.000000000, 115.506118774, 25.506118774
11.349742673, 1906756769, 90.000000000, 115.506118774, 25.506118774
11.349742708, 1906756775, 90.000000000, 105.881362915, 25.506118774
11.349791554, 1906764981, 90.000000000, 105.881362915, 15.881362915
11.399742649, 1915156765, 90.000000000, 105.881362915, 15.881362915
11.399742685, 1915156771, 90.000000000, 98.694671631, 15.881362915
11.399791554, 1915164981, 90.000000000, 98.694671631, 8.694671631
11.449742661, 1923556767, 90.000000000, 98.694671631, 8.694671631
11.449742696, 1923556773, 90.000000000, 92.775772095, 8.694671631
11.449791554, 1923564981, 90.000000000, 92.775772095, 2.775772095
11.499742589, 1931956755, 90.000000000, 92.775772095, 2.775772095
11.499742625, 1931956761, 90.000000000, 88.970672607, 2.775772095
11.499791554, 1931964981, 90.000000000, 88.970672607, -1.029327393
11.549742536, 1940356746, 90.000000000, 88.970672607, -1.029327393
11.549742571, 1940356752, 90.000000000, 85.537475586, -1.029327393
11.549791554, 1940364981, 90.000000000, 85.537475586, -4.462524414
11.599742637, 1948756763, 90.000000000, 85.537475586, -4.462524414
11.599742673, 1948756769, 90.000000000, 85.206756592, -4.462524414
11.599791554, 1948764981, 90.000000000, 85.206756592, -4.793243408
11.649742565, 1957156751, 90.000000000, 85.206756592, -4.793243408
11.649742601, 1957156757, 90.000000000, 85.762054443, -4.793243408
11.649791554, 1957164981, 90.000000000, 85.762054443, -4.237945557
11.699742524, 1965556744, 90.000000000, 85.762054443, -4.237945557
11.699742560, 1965556750, 90.000000000, 86.778083801, -4.237945557
11.699791554, 1965564981, 90.000000000, 86.778083801, -3.221916199
11.749742542, 1973956747, 90.000000000, 86.778083801, -3.221916199
11.749742577, 1973956753, 90.000000000, 87.306419373, -3.221916199
11.749791554, 1973964981, 90.000000000, 87.306419373, -2.693580627
11.799742595, 1982356756, 90.000000000, 87.306419373, -2.693580627
11.799742631, 1982356762, 90.000000000, 88.308425903, -2.693580627
11.799791554, 1982364981, 90.000000000, 88.308425903, -1.691574097
11.849742607, 1990756758, 90.000000000, 88.308425903, -1.691574097
11.849742643, 1990756764, 90.000000000, 88.829467773, -1.691574097
11.849791554, 1990764981, 90.000000000, 88.829467773, -1.170532227
11.899742560, 1999156750, 90.000000000, 88.829467773, -1.170532227
11.899742595, 1999156756, 90.000000000, 89.827682495, -1.170532227
11.899791554, 1999164981, 90.000000000, 89.827682495, -0.172317505
11.949742613, 2007556759, 90.000000000, 89.827682495, -0.172317505
11.949742649, 2007556765, 90.000000000, 90.346755981, -0.172317505
11.949791554, 2007564981, 90.000000000, 90.346755981, 0.346755981
11.999742583, 2015956754, 90.000000000, 90.346755981, 0.346755981
11.999742619, 2015956760, 90.000000000, 90.616668701, 0.346755981
11.999791554, 2015964981, 90.000000000, 90.616668701, 0.616668701
12.049742589, 2024356755, 90.000000000, 90.616668701, 0.616668701
12.049742625, 2024356761, 90.000000000, 90.757026672, 0.616668701
12.049791554, 2024364981, 90.000000000, 90.757026672, 0.757026672
12.099742512, 2032756742, 90.000000000, 90.757026672, 0.757026672
12.099742548, 2032756748, 90.000000000, 90.830017090, 0.757026672
12.099791554, 2032764981, 90.000000000, 90.830017090, 0.830017090
12.149742565, 2041156751, 90.000000000, 90.830017090, 0.830017090
12.149742601, 2041156757, 90.000000000, 90.867965698, 0.830017090
12.149791554, 2041164981, 90.000000000, 90.867965698, 0.867965698
12.199742571, 2049556752, 90.000000000, 90.867965698, 0.867965698
12.199742607, 2049556758, 90.000000000, 90.160430908, 0.867965698
12.199791554, 2049564981, 90.000000000, 90.160430908, 0.160430908
12.249742690, 2057956772, 90.000000000, 90.160430908, 0.160430908
12.249742726, 2057956778, 90.000000000, 89.065238953, 0.160430908
12.249791554, 2057964981, 90.000000000, 89.065238953, -0.934761047
12.299742583, 2066356754, 90.000000000, 89.065238953, -0.934761047
12.299742619, 2066356760, 90.000000000, 89.950286865, -0.934761047
12.299791554, 2066364981, 90.000000000, 89.950286865, -0.049713135
12.349742601, 2074756757, 90.000000000, 89.950286865, -0.049713135
12.349742637, 2074756763, 90.000000000, 89.683242798, -0.049713135
12.349791554, 2074764981, 90.000000000, 89.683242798, -0.316757202
12.399742536, 2083156746, 90.000000000, 89.683242798, -0.316757202
12.399742571, 2083156752, 90.000000000, 90.271644592, -0.316757202
12.399791554, 2083164981, 90.000000000, 90.271644592, 0.271644592
12.449742565, 2091556751, 90.000000000, 90.271644592, 0.271644592
12.449742601, 2091556757, 90.000000000, 90.577613831, 0.271644592
12.449791554, 2091564981, 90.000000000, 90.577613831, 0.577613831
12.499742655, 2099956766, 90.000000000, 90.577613831, 0.577613831
12.499742690, 2099956772, 90.000000000, 89.282173157, 0.577613831
12.499791554, 2099964981, 90.000000000, 89.282173157, -0.717826843
12.549742565, 2108356751, 90.000000000, 89.282173157, -0.717826843
12.549742601, 2108356757, 90.000000000, 90.063087463, -0.717826843
12.549791554, 2108364981, 90.000000000, 90.063087463, 0.063087463
12.599742571, 2116756752, 90.000000000, 90.063087463, 0.063087463
12.599742607, 2116756758, 90.000000000, 89.014617920, 0.063087463
12.599791554, 2116764981, 90.000000000, 89.014617920, -0.985382080
12.649742548, 2125156748, 90.000000000, 89.014617920, -0.985382080
12.649742583, 2125156754, 90.000000000, 89.923965454, -0.985382080
12.649791554, 2125164981, 90.000000000, 89.923965454, -0.076034546
12.699742577, 2133556753, 90.000000000, 89.923965454, -0.076034546
12.699742613, 2133556759, 90.000000000, 90.396820068, -0.076034546
12.699791554, 2133564981, 90.000000000, 90.396820068, 0.396820068
12.749742530, 2141956745, 90.000000000, 90.396820068, 0.396820068
12.749742565, 2141956751, 90.000000000, 90.642700195, 0.396820068
12.749791554, 2141964981, 90.000000000, 90.642700195, 0.642700195
12.799742589, 2150356755, 90.000000000, 90.642700195, 0.642700195
12.799742625, 2150356761, 90.000000000, 90.770561218, 0.642700195
12.799791554, 2150364981, 90.000000000, 90.770561218, 0.770561218
12.849742625, 2158756761, 90.000000000, 90.770561218, 0.770561218
12.849742661, 2158756767, 90.000000000, 90.837051392, 0.770561218
12.849791554, 2158764981, 90.000000000, 90.837051392, 0.837051392
12.899742560, 2167156750, 90.000000000, 90.837051392, 0.837051392
12.899742595, 2167156756, 90.000000000, 90.871627808, 0.837051392
12.899791554, 2167164981, 90.000000000, 90.871627808, 0.871627808
12.949742643, 2175556764, 90.000000000, 90.871627808, 0.871627808
12.949742679, 2175556770, 90.000000000, 90.162338257, 0.871627808
12.949791554, 2175564981, 90.000000000, 90.162338257, 0.162338257
12.999742571, 2183956752, 90.000000000, 90.162338257, 0.162338257
12.999742607, 2183956758, 90.000000000, 90.520774841, 0.162338257
12.999791554, 2183964981, 90.000000000, 90.520774841, 0.520774841
13.049742548, 2192356748, 90.000000000, 90.520774841, 0.520774841
13.049742583, 2192356754, 90.000000000, 89.252616882, 0.520774841
13.049791554, 2192364981, 90.000000000, 89.252616882, -0.747383118
13.099742524, 2200756744, 90.000000000, 89.252616882, -0.747383118
13.099742560, 2200756750, 90.000000000, 90.047714233, -0.747383118
13.099791554, 2200764981, 90.000000000, 90.047714233, 0.047714233
13.149742619, 2209156760, 90.000000000, 90.047714233, 0.047714233
13.149742655, 2209156766, 90.000000000, 89.006622314, 0.047714233
13.149791554, 2209164981, 90.000000000, 89.006622314, -0.993377686
13.199742649, 2217556765, 90.000000000, 89.006622314, -0.993377686
13.199742685, 2217556771, 90.000000000, 89.192535400, -0.993377686
13.199791554, 2217564981, 90.000000000, 89.192535400, -0.807464600
13.249742571, 2225956752, 90.000000000, 89.192535400, -0.807464600
13.249742607, 2225956758, 90.000000000, 90.016479492, -0.807464600
13.249791554, 2225964981, 90.000000000, 90.016479492, 0.016479492
13.299742530, 2234356745, 90.000000000, 90.016479492, 0.016479492
13.299742565, 2234356751, 90.000000000, 90.444931030, 0.016479492
13.299791554, 2234364981, 90.000000000, 90.444931030, 0.444931030
13.349742589, 2242756755, 90.000000000, 90.444931030, 0.444931030
13.349742625, 2242756761, 90.000000000, 90.667724609, 0.444931030
13.349791554, 2242764981, 90.000000000, 90.667724609, 0.667724609
13.399742613, 2251156759, 90.000000000, 90.667724609, 0.667724609
13.399742649, 2251156765, 90.000000000, 90.783576965, 0.667724609
13.399791554, 2251164981, 90.000000000, 90.783576965, 0.783576965
13.449742560, 2259556750, 90.000000000, 90.783576965, 0.783576965
13.449742595, 2259556756, 90.000000000, 90.116546631, 0.783576965
13.449791554, 2259564981, 90.000000000, 90.116546631, 0.116546631
13.499742631, 2267956762, 90.000000000, 90.116546631, 0.116546631
13.499742667, 2267956768, 90.000000000, 90.496963501, 0.116546631
13.499791554, 2267964981, 90.000000000, 90.496963501, 0.496963501
13.549742524, 2276356744, 90.000000000, 90.496963501, 0.496963501
13.549742560, 2276356750, 90.000000000, 89.967514038, 0.496963501
13.549791554, 2276364981, 90.000000000, 89.967514038, -0.032485962
13.599742613, 2284756759, 90.000000000, 89.967514038, -0.032485962
13.599742649, 2284756765, 90.000000000, 89.692199707, -0.032485962
13.599791554, 2284764981, 90.000000000, 89.692199707, -0.307800293
13.649742619, 2293156760, 90.000000000, 89.692199707, -0.307800293
13.649742655, 2293156766, 90.000000000, 89.549034119, -0.307800293
13.649791554, 2293164981, 90.000000000, 89.549034119, -0.450965881
13.699781554, 2301563301, 90.000000000, 89.549034119, -1.252685547
13.749742500, 2309956740, 90.000000000, 89.549034119, -1.252685547
13.749742536, 2309956746, 90.000000000, 89.784957886, -1.252685547
13.749791554, 2309964981, 90.000000000, 89.784957886, -0.215042114
13.799742643, 2318356764, 90.000000000, 89.784957886, -0.215042114
13.799742679, 2318356770, 90.000000000, 89.597267151, -0.215042114
13.799791554, 2318364981, 90.000000000, 89.597267151, -0.402732849
13.849742560, 2326756750, 90.000000000, 89.597267151, -0.402732849
13.849742595, 2326756756, 90.000000000, 89.499664307, -0.402732849
13.849791554, 2326764981, 90.000000000, 89.499664307, -0.500335693
13.899742589, 2335156755, 90.000000000, 89.499664307, -0.500335693
13.899742625, 2335156761, 90.000000000, 90.176185608, -0.500335693
13.899791554, 2335164981, 90.000000000, 90.176185608, 0.176185608
13.949742548, 2343556748, 90.000000000, 90.176185608, 0.176185608
13.949742583, 2343556754, 90.000000000, 90.527969360, 0.176185608
13.949791554, 2343564981, 90.000000000, 90.527969360, 0.527969360
13.999742494, 2351956739, 90.000000000, 90.527969360, 0.527969360
13.999742530, 2351956745, 90.000000000, 90.710906982, 0.527969360
13.999791554, 2351964981, 90.000000000, 90.710906982, 0.710906982
14.049742649, 2360356765, 90.000000000, 90.710906982, 0.710906982
14.049742685, 2360356771, 90.000000000, 89.351486206, 0.710906982
14.049791554, 2360364981, 90.000000000, 89.351486206, -0.648513794
14.099742631, 2368756762, 90.000000000, 89.351486206, -0.648513794
14.099742667, 2368756768, 90.000000000, 90.099136353, -0.648513794
14.099796554, 2368765821, 90.000000000, 90.099136353, 0.099136353
14.149742655, 2377156766, 90.000000000, 90.099136353, 0.099136353
14.149742690, 2377156772, 90.000000000, 89.760643005, 0.099136353
14.149791554, 2377164981, 90.000000000, 89.760643005, -0.239356995
14.199742685, 2385556771, 90.000000000, 89.760643005, -0.239356995
14.199742720, 2385556777, 90.000000000, 89.584625244, -0.239356995
14.199791554, 2385564981, 90.000000000, 89.584625244, -0.415374756
14.249742476, 2393956736, 90.000000000, 89.584625244, -0.415374756
14.249742512, 2393956742, 90.000000000, 90.220367432, -0.415374756
14.249791554, 2393964981, 90.000000000, 90.220367432, 0.220367432
14.299742554, 2402356749, 90.000000000, 90.220367432, 0.220367432
14.299742589, 2402356755, 90.000000000, 90.550949097, 0.220367432
14.299791554, 2402364981, 90.000000000, 90.550949097, 0.550949097
14.349742542, 2410756747, 90.000000000, 90.550949097, 0.550949097
14.349742577, 2410756753, 90.000000000, 90.722854614, 0.550949097
14.349791554, 2410764981, 90.000000000, 90.722854614, 0.722854614
14.399742500, 2419156740, 90.000000000, 90.722854614, 0.722854614
14.399742536, 2419156746, 90.000000000, 90.812240601, 0.722854614
14.399791554, 2419164981, 90.000000000, 90.812240601, 0.812240601
14.449742571, 2427556752, 90.000000000, 90.812240601, 0.812240601
14.449742607, 2427556758, 90.000000000, 90.131454468, 0.812240601
14.449791554, 2427564981, 90.000000000, 90.131454468, 0.131454468
14.499742613, 2435956759, 90.000000000, 90.131454468, 0.131454468
14.499742649, 2435956765, 90.000000000, 89.777450562, 0.131454468
14.499791554, 2435964981, 90.000000000, 89.777450562, -0.222549438
14.549742565, 2444356751, 90.000000000, 89.777450562, -0.222549438
14.549742601, 2444356757, 90.000000000, 90.320632935, -0.222549438
14.549791554, 2444364981, 90.000000000, 90.320632935, 0.320632935
14.599742577, 2452756753, 90.000000000, 90.320632935, 0.320632935
14.599742613, 2452756759, 90.000000000, 90.603088379, 0.320632935
14.599791554, 2452764981, 90.000000000, 90.603088379, 0.603088379
14.649742601, 2461156757, 90.000000000, 90.603088379, 0.603088379
14.649742637, 2461156763, 90.000000000, 90.022697449, 0.603088379
14.649791554, 2461164981, 90.000000000, 90.022697449, 0.022697449
14.699742530, 2469556745, 90.000000000, 90.022697449, 0.022697449
14.699742565, 2469556751, 90.000000000, 90.448165894, 0.022697449
14.699791554, 2469564981, 90.000000000, 90.448165894, 0.448165894
14.749742506, 2477956741, 90.000000000, 90.448165894, 0.448165894
14.749742542, 2477956747, 90.000000000, 90.669403076, 0.448165894
14.749791554, 2477964981, 90.000000000, 90.669403076, 0.669403076
14.799742494, 2486356739, 90.000000000, 90.669403076, 0.669403076
14.799742530, 2486356745, 90.000000000, 90.784446716, 0.669403076
14.799791554, 2486364981, 90.000000000, 90.784446716, 0.784446716
14.849742565, 2494756751, 90.000000000, 90.784446716, 0.784446716
14.849742601, 2494756757, 90.000000000, 90.117004395, 0.784446716
14.849791554, 2494764981, 90.000000000, 90.117004395, 0.117004395
14.899742488, 2503156738, 90.000000000, 90.117004395, 0.117004395
14.899742524, 2503156744, 90.000000000, 89.769927979, 0.117004395
14.899791554, 2503164981, 90.000000000, 89.769927979, -0.230072021
14.949742595, 2511556756, 90.000000000, 89.769927979, -0.230072021
14.949742631, 2511556762, 90.000000000, 88.862182617, -0.230072021
14.949791554, 2511564981, 90.000000000, 88.862182617, -1.137817383
14.999742577, 2519956753, 90.000000000, 88.862182617, -1.137817383
14.999742613, 2519956759, 90.000000000, 89.117424011, -1.137817383
14.999791554, 2519964981, 90.000000000, 89.117424011, -0.882575989
15.049742560, 2528356750, 90.000000000, 89.117424011, -0.882575989
15.049742595, 2528356756, 90.000000000, 89.977416992, -0.882575989
15.049791554, 2528364981, 90.000000000, 89.977416992, -0.022583008
15.099742619, 2536756760, 90.000000000, 89.977416992, -0.022583008
15.099742655, 2536756766, 90.000000000, 89.697341919, -0.022583008
15.099791554, 2536764981, 90.000000000, 89.697341919, -0.302658081
15.149742619, 2545156760, 90.000000000, 89.697341919, -0.302658081
15.149742655, 2545156766, 90.000000000, 89.551712036, -0.302658081
15.149791554, 2545164981, 90.000000000, 89.551712036, -0.448287964
15.199742601, 2553556757, 90.000000000, 89.551712036, -0.448287964
15.199742637, 2553556763, 90.000000000, 89.475982666, -0.448287964
15.199791554, 2553564981, 90.000000000, 89.475982666, -0.524017334
15.249742607, 2561956758, 90.000000000, 89.475982666, -0.524017334
15.249742643, 2561956764, 90.000000000, 89.436599731, -0.524017334
15.249791554, 2561964981, 90.000000000, 89.436599731, -0.563400269
15.299742577, 2570356753, 90.000000000, 89.436599731, -0.563400269
15.299742613, 2570356759, 90.000000000, 90.143386841, -0.563400269
15.299791554, 2570364981, 90.000000000, 90.143386841, 0.143386841
15.349742577, 2578756753, 90.000000000, 90.143386841, 0.143386841
15.349742613, 2578756759, 90.000000000, 89.783653259, 0.143386841
15.349791554, 2578764981, 90.000000000, 89.783653259, -0.216346741
15.399742571, 2587156752, 90.000000000, 89.783653259, -0.216346741
15.399742607, 2587156758, 90.000000000, 90.323852539, -0.216346741
15.399791554, 2587164981, 90.000000000, 90.323852539, 0.323852539
15.449742589, 2595556755, 90.000000000, 90.323852539, 0.323852539
15.449742625, 2595556761, 90.000000000, 90.604766846, 0.323852539
15.449791554, 2595564981, 90.000000000, 90.604766846, 0.604766846
15.499742583, 2603956754, 90.000000000, 90.604766846, 0.604766846
15.499742619, 2603956760, 90.000000000, 90.023567200, 0.604766846
15.499791554, 2603964981, 90.000000000, 90.023567200, 0.023567200
15.549742625, 2612356761, 90.000000000, 90.023567200, 0.023567200
15.549742661, 2612356767, 90.000000000, 89.721343994, 0.023567200
15.549791554, 2612364981, 90.000000000, 89.721343994, -0.278656006
15.599742571, 2620756752, 90.000000000, 89.721343994, -0.278656006
15.599742607, 2620756758, 90.000000000, 90.291458130, -0.278656006
15.599791554, 2620764981, 90.000000000, 90.291458130, 0.291458130
15.649742512, 2629156742, 90.000000000, 90.291458130, 0.291458130
15.649742548, 2629156748, 90.000000000, 90.587921143, 0.291458130
15.649791554, 2629164981, 90.000000000, 90.587921143, 0.587921143
15.699742512, 2637556742, 90.000000000, 90.587921143, 0.587921143
15.699742548, 2637556748, 90.000000000, 90.742080688, 0.587921143
15.699791554, 2637564981, 90.000000000, 90.742080688, 0.742080688
15.749742518, 2645956743, 90.000000000, 90.742080688, 0.742080688
15.749742554, 2645956749, 90.000000000, 90.822235107, 0.742080688
15.749791554, 2645964981, 90.000000000, 90.822235107, 0.822235107
15.799742625, 2654356761, 90.000000000, 90.822235107, 0.822235107
15.799742661, 2654356767, 90.000000000, 89.409378052, 0.822235107
15.799791554, 2654364981, 90.000000000, 89.409378052, -0.590621948
15.849742554, 2662756749, 90.000000000, 89.409378052, -0.590621948
15.849742589, 2662756755, 90.000000000, 90.129234314, -0.590621948
15.849791554, 2662764981, 90.000000000, 90.129234314, 0.129234314
15.899742548, 2671156748, 90.000000000, 90.129234314, 0.129234314
15.899742583, 2671156754, 90.000000000, 90.503555298, 0.129234314
15.899791554, 2671164981, 90.000000000, 90.503555298, 0.503555298
15.949742655, 2679556766, 90.000000000, 90.503555298, 0.503555298
15.949742690, 2679556772, 90.000000000, 89.243667603, 0.503555298
15.949791554, 2679564981, 90.000000000, 89.243667603, -0.756332397
15.999742631, 2687956762, 90.000000000, 89.243667603, -0.756332397
15.999742667, 2687956768, 90.000000000, 90.043060303, -0.756332397
15.999791554, 2687964981, 90.000000000, 90.043060303, 0.043060303
16.049742560, 2696356750, 90.000000000, 90.043060303, 0.043060303
16.049742595, 2696356756, 90.000000000, 89.731483459, 0.043060303
16.049791554, 2696364981, 90.000000000, 89.731483459, -0.268516541
16.099742661, 2704756767, 90.000000000, 89.731483459, -0.268516541
16.099742696, 2704756773, 90.000000000, 89.569458008, -0.268516541
16.099791554, 2704764981, 90.000000000, 89.569458008, -0.430541992
16.149742524, 2713156744, 30.000000000, 89.569458008, -0.430541992
16.149742560, 2713156750, 30.000000000, 89.485206604, -0.430541992
16.149791554, 2713164981, 30.000000000, 89.485206604, 59.485206604
16.199742798, 2721556790, 30.000000000, 89.485206604, 59.485206604
16.199742833, 2721556796, 30.000000000, 85.077758789, 59.485206604
16.199791554, 2721564981, 30.000000000, 85.077758789, 55.077758789
16.249742893, 2729956806, 30.000000000, 85.077758789, 55.077758789
16.249742929, 2729956812, 30.000000000, 75.513160706, 55.077758789
16.249791554, 2729964981, 30.000000000, 75.513160706, 45.513160706
16.299742685, 2738356771, 30.000000000, 75.513160706, 45.513160706
16.299742720, 2738356777, 30.000000000, 64.721389771, 45.513160706
16.299791554, 2738364981, 30.000000000, 64.721389771, 34.721389771
16.349742744, 2746756781, 30.000000000, 64.721389771, 34.721389771
16.349742780, 2746756787, 30.000000000, 54.018753052, 34.721389771
16.349791554, 2746764981, 30.000000000, 54.018753052, 24.018753052
16.399742643, 2755156764, 30.000000000, 54.018753052, 24.018753052
16.399742679, 2755156770, 30.000000000, 45.544296265, 24.018753052
16.399791554, 2755164981, 30.000000000, 45.544296265, 15.544296265
16.449742649, 2763556765, 30.000000000, 45.544296265, 15.544296265
16.449742685, 2763556771, 30.000000000, 38.228485107, 15.544296265
16.449791554, 2763564981, 30.000000000, 38.228485107, 8.228485107
16.499742512, 2771956742, 30.000000000, 38.228485107, 8.228485107
16.499742548, 2771956748, 30.000000000, 32.969718933, 8.228485107
16.499791554, 2771964981, 30.000000000, 32.969718933, 2.969718933
16.549742524, 2780356744, 30.000000000, 32.969718933, 2.969718933
16.549742560, 2780356750, 30.000000000, 30.235162735, 2.969718933
16.549791554, 2780364981, 30.000000000, 30.235162735, 0.235162735
16.599742554, 2788756749, 30.000000000, 30.235162735, 0.235162735
16.599742589, 2788756755, 30.000000000, 28.813194275, 0.235162735
16.599791554, 2788764981, 30.000000000, 28.813194275, -1.186805725
16.649742661, 2797156767, 30.000000000, 28.813194275, -1.186805725
16.649742696, 2797156773, 30.000000000, 28.801042557, -1.186805725
16.649791554, 2797164981, 30.000000000, 28.801042557, -1.198957443
16.699742452, 2805556732, 30.000000000, 28.801042557, -1.198957443
16.699742488, 2805556738, 30.000000000, 28.067451477, -1.198957443
16.699791554, 2805564981, 30.000000000, 28.067451477, -1.932548523
16.749742536, 2813956746, 30.000000000, 28.067451477, -1.932548523
16.749742571, 2813956752, 30.000000000, 27.685985565, -1.932548523
16.749791554, 2813964981, 30.000000000, 27.685985565, -2.314014435
16.799742554, 2822356749, 30.000000000, 27.685985565, -2.314014435
16.799742589, 2822356755, 30.000000000, 27.487621307, -2.314014435
16.799791554, 2822364981, 30.000000000, 27.487621307, -2.512378693
16.849742601, 2830756757, 30.000000000, 27.487621307, -2.512378693
16.849742637, 2830756763, 30.000000000, 28.111743927, -2.512378693
16.849791554, 2830764981, 30.000000000, 28.111743927, -1.888256073
16.899742571, 2839156752, 30.000000000, 28.111743927, -1.888256073
16.899742607, 2839156758, 30.000000000, 28.436286926, -1.888256073
16.899791554, 2839164981, 30.000000000, 28.436286926, -1.563713074
16.949742548, 2847556748, 30.000000000, 28.436286926, -1.563713074
16.949742583, 2847556754, 30.000000000, 28.605051041, -1.563713074
16.949791554, 2847564981, 30.000000000, 28.605051041, -1.394948959
16.999742548, 2855956748, 30.000000000, 28.605051041, -1.394948959
16.999742583, 2855956754, 30.000000000, 29.420080185, -1.394948959
16.999791554, 2855964981, 30.000000000, 29.420080185, -0.579919815
17.049742524, 2864356744, 30.000000000, 29.420080185, -0.579919815
17.049742560, 2864356750, 30.000000000, 29.116622925, -0.579919815
17.049791554, 2864364981, 30.000000000, 29.116622925, -0.883377075
17.099742601, 2872756757, 30.000000000, 29.116622925, -0.883377075
17.099742637, 2872756763, 30.000000000, 29.686096191, -0.883377075
17.099791554, 2872764981, 30.000000000, 29.686096191, -0.313903809
17.149742601, 2881156757, 30.000000000, 29.686096191, -0.313903809
17.149742637, 2881156763, 30.000000000, 30.709495544, -0.313903809
17.149791554, 2881164981, 30.000000000, 30.709495544, 0.709495544
17.199742583, 2889556754, 30.000000000, 30.709495544, 0.709495544
17.199742619, 2889556760, 30.000000000, 30.514390945, 0.709495544
17.199791554, 2889564981, 30.000000000, 30.514390945, 0.514390945
17.249742607, 2897956758, 30.000000000, 30.514390945, 0.514390945
17.249742637, 2897956763, 30.000000000, 30.412937164, 0.514390945
17.249791554, 2897964981, 30.000000000, 30.412937164, 0.412937164
17.299742571, 2906356752, 30.000000000, 30.412937164, 0.412937164
17.299742607, 2906356758, 30.000000000, 30.360179901, 0.412937164
17.299791554, 2906364981, 30.000000000, 30.360179901, 0.360179901
17.349742518, 2914756743, 30.000000000, 30.360179901, 0.360179901
17.349742554, 2914756749, 30.000000000, 29.605476379, 0.360179901
17.349791554, 2914764981, 30.000000000, 29.605476379, -0.394523621
17.399742583, 2923156754, 30.000000000, 29.605476379, -0.394523621
17.399742619, 2923156760, 30.000000000, 29.213027954, -0.394523621
17.399791554, 2923164981, 30.000000000, 29.213027954, -0.786972046
17.449742595, 2931556756, 30.000000000, 29.213027954, -0.786972046
17.449742631, 2931556762, 30.000000000, 30.463500977, -0.786972046
17.449791554, 2931564981, 30.000000000, 30.463500977, 0.463500977
17.499742524, 2939956744, 30.000000000, 30.463500977, 0.463500977
17.499742560, 2939956750, 30.000000000, 29.659202576, 0.463500977
17.499791554, 2939964981, 30.000000000, 29.659202576, -0.340797424
17.549742571, 2948356752, 30.000000000, 29.659202576, -0.340797424
17.549742607, 2948356758, 30.000000000, 29.968238831, -0.340797424
17.549791554, 2948364981, 30.000000000, 29.968238831, -0.031761169
17.599742548, 2956756748, 30.000000000, 29.968238831, -0.031761169
17.599742583, 2956756754, 30.000000000, 29.401664734, -0.031761169
17.599791554, 2956764981, 30.000000000, 29.401664734, -0.598335266
17.649742661, 2965156767, 30.000000000, 29.401664734, -0.598335266
17.649742696, 2965156773, 30.000000000, 29.834320068, -0.598335266
17.649791554, 2965164981, 30.000000000, 29.834320068, -0.165679932
17.699742631, 2973556762, 30.000000000, 29.834320068, -0.165679932
17.699742667, 2973556768, 30.000000000, 30.059299469, -0.165679932
17.699791554, 2973564981, 30.000000000, 30.059299469, 0.059299469
17.749742583, 2981956754, 30.000000000, 30.059299469, 0.059299469
17.749742619, 2981956760, 30.000000000, 30.176288605, 0.059299469
17.749791554, 2981964981, 30.000000000, 30.176288605, 0.176288605
17.799742560, 2990356750, 30.000000000, 30.176288605, 0.176288605
17.799742595, 2990356756, 30.000000000, 30.237123489, 0.176288605
17.799791554, 2990364981, 30.000000000, 30.237123489, 0.237123489
17.849742571, 2998756752, 30.000000000, 30.237123489, 0.237123489
17.849742607, 2998756758, 30.000000000, 29.541484833, 0.237123489
17.849791554, 2998764981, 30.000000000, 29.541484833, -0.458515167
17.899742607, 3007156758, 30.000000000, 29.541484833, -0.458515167
17.899742643, 3007156764, 30.000000000, 29.907024384, -0.458515167
17.899791554, 3007164981, 30.000000000, 29.907024384, -0.092975616
17.949742607, 3015556758, 30.000000000, 29.907024384, -0.092975616
17.949742643, 3015556764, 30.000000000, 30.097106934, -0.092975616
17.949791554, 3015564981, 30.000000000, 30.097106934, 0.097106934
17.999742560, 3023956750, 30.000000000, 30.097106934, 0.097106934
17.999742595, 3023956756, 30.000000000, 30.195949554, 0.097106934
17.999791554, 3023964981, 30.000000000, 30.195949554, 0.195949554
18.049742560, 3032356750, 30.000000000, 30.195949554, 0.195949554
18.049742595, 3032356756, 30.000000000, 29.520074844, 0.195949554
18.049791554, 3032364981, 30.000000000, 29.520074844, -0.479925156
18.099742625, 3040756761, 30.000000000, 29.520074844, -0.479925156
18.099742661, 3040756767, 30.000000000, 29.895893097, -0.479925156
18.099791554, 3040764981, 30.000000000, 29.895893097, -0.104106903
18.149742583, 3049156754, 30.000000000, 29.895893097, -0.104106903
18.149742619, 3049156760, 30.000000000, 30.091318130, -0.104106903
18.149791554, 3049164981, 30.000000000, 30.091318130, 0.091318130
18.199742577, 3057556753, 30.000000000, 30.091318130, 0.091318130
18.199742613, 3057556759, 30.000000000, 30.192939758, 0.091318130
18.199791554, 3057564981, 30.000000000, 30.192939758, 0.192939758
18.249742619, 3065956760, 30.000000000, 30.192939758, 0.192939758
18.249742655, 3065956766, 30.000000000, 30.973054886, 0.192939758
18.249786554, 3065964141, 30.000000000, 30.973054886, 0.973054886
18.299742577, 3074356753, 30.000000000, 30.973054886, 0.973054886
18.299742613, 3074356759, 30.000000000, 29.924169540, 0.973054886
18.299791554, 3074364981, 30.000000000, 29.924169540, -0.075830460
18.349742607, 3082756758, 30.000000000, 29.924169540, -0.075830460
18.349742643, 3082756764, 30.000000000, 30.106021881, -0.075830460
18.349791554, 3082764981, 30.000000000, 30.106021881, 0.106021881
18.399742601, 3091156757, 30.000000000, 30.106021881, 0.106021881
18.399742637, 3091156763, 30.000000000, 30.200584412, 0.106021881
18.399791554, 3091164981, 30.000000000, 30.200584412, 0.200584412
18.449742548, 3099556748, 30.000000000, 30.200584412, 0.200584412
18.449742583, 3099556754, 30.000000000, 30.249757767, 0.200584412
18.449791554, 3099564981, 30.000000000, 30.249757767, 0.249757767
18.499742512, 3107956742, 30.000000000, 30.249757767, 0.249757767
18.499742548, 3107956748, 30.000000000, 29.548055649, 0.249757767
18.499791554, 3107964981, 30.000000000, 29.548055649, -0.451944351
18.549742589, 3116356755, 30.000000000, 29.548055649, -0.451944351
18.549742625, 3116356761, 30.000000000, 29.183170319, -0.451944351
18.549791554, 3116364981, 30.000000000, 29.183170319, -0.816829681
18.599742613, 3124756759, 30.000000000, 29.183170319, -0.816829681
18.599742649, 3124756765, 30.000000000, 29.720703125, -0.816829681
18.599791554, 3124764981, 30.000000000, 29.720703125, -0.279296875
18.649742607, 3133156758, 30.000000000, 29.720703125, -0.279296875
18.649742643, 3133156764, 30.000000000, 30.000219345, -0.279296875
18.649791554, 3133164981, 30.000000000, 30.000219345, 0.000219345
18.699742595, 3141556756, 30.000000000, 30.000219345, 0.000219345
18.699742631, 3141556762, 30.000000000, 30.145568848, 0.000219345
18.699791554, 3141564981, 30.000000000, 30.145568848, 0.145568848
18.749781554, 3149963301, 30.000000000, 30.145568848, 0.221149445
18.799742619, 3158356760, 30.000000000, 30.145568848, 0.221149445
18.799742655, 3158356766, 30.000000000, 30.260452271, 0.221149445
18.799791554, 3158364981, 30.000000000, 30.260452271, 0.260452271
18.849742613, 3166756759, 30.000000000, 30.260452271, 0.260452271
18.849742649, 3166756765, 30.000000000, 30.280887604, 0.260452271
18.849791554, 3166764981, 30.000000000, 30.280887604, 0.280887604
18.899742583, 3175156754, 30.000000000, 30.280887604, 0.280887604
18.899742619, 3175156760, 30.000000000, 30.291515350, 0.280887604
18.899791554, 3175164981, 30.000000000, 30.291515350, 0.291515350
18.949742565, 3183556751, 30.000000000, 30.291515350, 0.291515350
18.949742601, 3183556757, 30.000000000, 30.297042847, 0.291515350
18.949791554, 3183564981, 30.000000000, 30.297042847, 0.297042847
18.999742571, 3191956752, 30.000000000, 30.297042847, 0.297042847
18.999742607, 3191956758, 30.000000000, 30.299915314, 0.297042847
18.999791554, 3191964981, 30.000000000, 30.299915314, 0.299915314
19.049742560, 3200356750, 30.000000000, 30.299915314, 0.299915314
19.049742595, 3200356756, 30.000000000, 29.574138641, 0.299915314
19.049791554, 3200364981, 30.000000000, 29.574138641, -0.425861359
19.099742619, 3208756760, 30.000000000, 29.574138641, -0.425861359
19.099742655, 3208756766, 30.000000000, 29.924005508, -0.425861359
19.099791554, 3208764981, 30.000000000, 29.924005508, -0.075994492
19.149742560, 3217156750, 30.000000000, 29.924005508, -0.075994492
19.149742595, 3217156756, 30.000000000, 29.378664017, -0.075994492
19.149791554, 3217164981, 30.000000000, 29.378664017, -0.621335983
19.199742601, 3225556757, 30.000000000, 29.378664017, -0.621335983
19.199742637, 3225556763, 30.000000000, 29.822359085, -0.621335983
19.199791554, 3225564981, 30.000000000, 29.822359085, -0.177640915
19.249742601, 3233956757, 30.000000000, 29.822359085, -0.177640915
19.249742637, 3233956763, 30.000000000, 30.053081512, -0.177640915
19.249791554, 3233964981, 30.000000000, 30.053081512, 0.053081512
19.299742560, 3242356750, 30.000000000, 30.053081512, 0.053081512
19.299742595, 3242356756, 30.000000000, 30.173055649, 0.053081512
19.299791554, 3242364981, 30.000000000, 30.173055649, 0.173055649
19.349742601, 3250756757, 30.000000000, 30.173055649, 0.173055649
19.349742637, 3250756763, 30.000000000, 30.962715149, 0.173055649
19.349791554, 3250764981, 30.000000000, 30.962715149, 0.962715149
19.399742560, 3259156750, 30.000000000, 30.962715149, 0.962715149
19.399742595, 3259156756, 30.000000000, 29.918792725, 0.962715149
19.399791554, 3259164981, 30.000000000, 29.918792725, -0.081207275
19.449742548, 3267556748, 30.000000000, 29.918792725, -0.081207275
19.449742583, 3267556754, 30.000000000, 30.103225708, -0.081207275
19.449791554, 3267564981, 30.000000000, 30.103225708, 0.103225708
19.499742524, 3275956744, 30.000000000, 30.103225708, 0.103225708
19.499742560, 3275956750, 30.000000000, 29.471858978, 0.103225708
19.499791554, 3275964981, 30.000000000, 29.471858978, -0.528141022
19.549742536, 3284356746, 30.000000000, 29.471858978, -0.528141022
19.549742571, 3284356752, 30.000000000, 29.870819092, -0.528141022
19.549791554, 3284364981, 30.000000000, 29.870819092, -0.129180908
19.599742577, 3292756753, 30.000000000, 29.870819092, -0.129180908
19.599742613, 3292756759, 30.000000000, 30.078279495, -0.129180908
19.599791554, 3292764981, 30.000000000, 30.078279495, 0.078279495
19.649742589, 3301156755, 30.000000000, 30.078279495, 0.078279495
19.649742625, 3301156761, 30.000000000, 29.458887100, 0.078279495
19.649791554, 3301164981, 30.000000000, 29.458887100, -0.541112900
19.699742589, 3309556755, 30.000000000, 29.458887100, -0.541112900
19.699742625, 3309556761, 30.000000000, 30.591346741, -0.541112900
19.699791554, 3309564981, 30.000000000, 30.591346741, 0.591346741
19.749742536, 3317956746, 30.000000000, 30.591346741, 0.591346741
19.749742571, 3317956752, 30.000000000, 29.725681305, 0.591346741
19.749791554, 3317964981, 30.000000000, 29.725681305, -0.274318695
19.799742625, 3326356761, 30.000000000, 29.725681305, -0.274318695
19.799742661, 3326356767, 30.000000000, 30.002807617, -0.274318695
19.799791554, 3326364981, 30.000000000, 30.002807617, 0.002807617
19.849742601, 3334756757, 30.000000000, 30.002807617, 0.002807617
19.849742637, 3334756763, 30.000000000, 30.146913528, 0.002807617
19.849791554, 3334764981, 30.000000000, 30.146913528, 0.146913528
19.899742589, 3343156755, 30.000000000, 30.146913528, 0.146913528
19.899742625, 3343156761, 30.000000000, 29.494575500, 0.146913528
19.899791554, 3343164981, 30.000000000, 29.494575500, -0.505424500
19.949742589, 3351556755, 30.000000000, 29.494575500, -0.505424500
19.949742625, 3351556761, 30.000000000, 31.337177277, -0.505424500
19.949791554, 3351564981, 30.000000000, 31.337177277, 1.337177277
19.999742512, 3359956742, 30.000000000, 31.337177277, 1.337177277
19.999742548, 3359956748, 30.000000000, 30.113513947, 1.337177277
19.999791554, 3359964981, 30.000000000, 30.113513947, 0.113513947
20.049742548, 3368356748, 30.000000000, 30.113513947, 0.113513947
20.049742583, 3368356754, 30.000000000, 29.477209091, 0.113513947
20.049791554, 3368364981, 30.000000000, 29.477209091, -0.522790909
20.099742565, 3376756751, 30.000000000, 29.477209091, -0.522790909
20.099742601, 3376756757, 30.000000000, 29.873601913, -0.522790909
20.099791554, 3376764981, 30.000000000, 29.873601913, -0.126398087
20.149742518, 3385156743, 30.000000000, 29.873601913, -0.126398087
20.149742554, 3385156749, 30.000000000, 29.352455139, -0.126398087
20.149791554, 3385164981, 30.000000000, 29.352455139, -0.647544861
20.199742565, 3393556751, 30.000000000, 29.352455139, -0.647544861
20.199742601, 3393556757, 30.000000000, 29.081459045, -0.647544861
20.199791554, 3393564981, 30.000000000, 29.081459045, -0.918540955
20.249742601, 3401956757, 30.000000000, 29.081459045, -0.918540955
20.249742637, 3401956763, 30.000000000, 29.667812347, -0.918540955
20.249791554, 3401964981, 30.000000000, 29.667812347, -0.332187653
20.299742601, 3410356757, 30.000000000, 29.667812347, -0.332187653
20.299742637, 3410356763, 30.000000000, 29.972717285, -0.332187653
20.299791554, 3410364981, 30.000000000, 29.972717285, -0.027282715
20.349742560, 3418756750, 30.000000000, 29.972717285, -0.027282715
20.349742595, 3418756756, 30.000000000, 30.131267548, -0.027282715
20.349791554, 3418764981, 30.000000000, 30.131267548, 0.131267548
20.399742565, 3427156751, 30.000000000, 30.131267548, 0.131267548
20.399742601, 3427156757, 30.000000000, 30.213712692, 0.131267548
20.399791554, 3427164981, 30.000000000, 30.213712692, 0.213712692
20.449742530, 3435556745, 30.000000000, 30.213712692, 0.213712692
20.449742565, 3435556751, 30.000000000, 30.256584167, 0.213712692
20.449791554, 3435564981, 30.000000000, 30.256584167, 0.256584167
20.499742601, 3443956757, 30.000000000, 30.256584167, 0.256584167
20.499742637, 3443956763, 30.000000000, 30.278877258, 0.256584167
20.499791554, 3443964981, 30.000000000, 30.278877258, 0.278877258
20.549742589, 3452356755, 30.000000000, 30.278877258, 0.278877258
20.549742625, 3452356761, 30.000000000, 30.290470123, 0.278877258
20.549791554, 3452364981, 30.000000000, 30.290470123, 0.290470123
20.599742536, 3460756746, 30.000000000, 30.290470123, 0.290470123
20.599742571, 3460756752, 30.000000000, 29.569225311, 0.290470123
20.599791554, 3460764981, 30.000000000, 29.569225311, -0.430774689
20.649742583, 3469156754, 30.000000000, 29.569225311, -0.430774689
20.649742619, 3469156760, 30.000000000, 29.194179535, -0.430774689
20.649791554, 3469164981, 30.000000000, 29.194179535, -0.805820465
20.699742631, 3477556762, 30.000000000, 29.194179535, -0.805820465
20.699742667, 3477556768, 30.000000000, 30.453701019, -0.805820465
20.699791554, 3477564981, 30.000000000, 30.453701019, 0.453701019
20.749742637, 3485956763, 30.000000000, 30.453701019, 0.453701019
20.749742673, 3485956769, 30.000000000, 30.381378174, 0.453701019
20.749791554, 3485964981, 30.000000000, 30.381378174, 0.381378174
20.799742637, 3494356763, 30.000000000, 30.381378174, 0.381378174
20.799742673, 3494356769, 30.000000000, 31.071043015, 0.381378174
20.799791554, 3494364981, 30.000000000, 31.071043015, 1.071043015
20.849742583, 3502756754, 30.000000000, 31.071043015, 1.071043015
20.849742619, 3502756760, 30.000000000, 29.975124359, 1.071043015
20.849791554, 3502764981, 30.000000000, 29.975124359, -0.024875641
20.899742631, 3511156762, 30.000000000, 29.975124359, -0.024875641
20.899742667, 3511156768, 30.000000000, 30.859790802, -0.024875641
20.899791554, 3511164981, 30.000000000, 30.859790802, 0.859790802
20.949742530, 3519556745, 30.000000000, 30.859790802, 0.859790802
20.949742565, 3519556751, 30.000000000, 29.865272522, 0.859790802
20.949791554, 3519564981, 30.000000000, 29.865272522, -0.134727478
20.999742512, 3527956742, 30.000000000, 29.865272522, -0.134727478
20.999742548, 3527956748, 30.000000000, 29.348123550, -0.134727478
20.999791554, 3527964981, 30.000000000, 29.348123550, -0.651876450
21.049742595, 3536356756, 30.000000000, 29.348123550, -0.651876450
21.049742631, 3536356762, 30.000000000, 29.806476593, -0.651876450
21.049791554, 3536364981, 30.000000000, 29.806476593, -0.193523407
21.099742548, 3544756748, 30.000000000, 29.806476593, -0.193523407
21.099742583, 3544756754, 30.000000000, 30.044822693, -0.193523407
21.099791554, 3544764981, 30.000000000, 30.044822693, 0.044822693
21.149742565, 3553156751, 30.000000000, 30.044822693, 0.044822693
21.149742601, 3553156757, 30.000000000, 29.441490173, 0.044822693
21.149796554, 3553165821, 30.000000000, 29.441490173, -0.558509827
21.199742577, 3561556753, -30.000000000, 29.441490173, -0.558509827
21.199742613, 3561556759, -30.000000000, 29.127756119, -0.558509827
21.199791554, 3561564981, -30.000000000, 29.127756119, 59.127754211
21.249742792, 3569956789, -30.000000000, 29.127756119, 59.127754211
21.249742827, 3569956795, -30.000000000, 25.328250885, 59.127754211
21.249791554, 3569964981, -30.000000000, 25.328250885, 55.328250885
21.299741869, 3578356634, -30.000000000, 25.328250885, 55.328250885
21.299741905, 3578356640, -30.000000000, 16.079780579, 55.328250885
21.299791554, 3578364981, -30.000000000, 16.079780579, 46.079780579
21.349742601, 3586756757, -30.000000000, 16.079780579, 46.079780579
21.349742637, 3586756763, -30.000000000, 8.361485481, 46.079780579
21.349791554, 3586764981, -30.000000000, 8.361485481, 38.361484528
21.399742649, 3595156765, -30.000000000, 8.361485481, 38.361484528
21.399742685, 3595156771, -30.000000000, 2.166154385, 38.361484528
21.399791554, 3595164981, -30.000000000, 2.166154385, 32.166152954
21.449742601, 3603556757, -30.000000000, 2.166154385, 32.166152954
21.449742637, 3603556763, -30.000000000, -3.237235785, 32.166152954
21.449791554, 3603564981, -30.000000000, -3.237235785, 26.762763977
21.499742649, 3611956765, -30.000000000, -3.237235785, 26.762763977
21.499742685, 3611956771, -30.000000000, -8.228816986, 26.762763977
21.499791554, 3611964981, -30.000000000, -8.228816986, 21.771183014
21.549742690, 3620356772, -30.000000000, -8.228816986, 21.771183014
21.549742726, 3620356778, -30.000000000, -13.006256104, 21.771183014
21.549791554, 3620364981, -30.000000000, -13.006256104, 16.993743896
21.599742661, 3628756767, -30.000000000, -13.006256104, 16.993743896
21.599742696, 3628756773, -30.000000000, -16.945070267, 16.993743896
21.599791554, 3628764981, -30.000000000, -16.945070267, 13.054929733
21.649742571, 3637156752, -30.000000000, -16.945070267, 13.054929733
21.649742607, 3637156758, -30.000000000, -20.447799683, 13.054929733
21.649791554, 3637164981, -30.000000000, -20.447799683, 9.552200317
21.699742577, 3645556753, -30.000000000, -20.447799683, 9.552200317
21.699742613, 3645556759, -30.000000000, -23.723766327, 9.552200317
21.699791554, 3645564981, -30.000000000, -23.723766327, 6.276233673
21.749742649, 3653956765, -30.000000000, -23.723766327, 6.276233673
21.749742685, 3653956771, -30.000000000, -25.427268982, 6.276233673
21.749791554, 3653964981, -30.000000000, -25.427268982, 4.572731018
21.799742613, 3662356759, -30.000000000, -25.427268982, 4.572731018
21.799742649, 3662356765, -30.000000000, -27.040359497, 4.572731018
21.799791554, 3662364981, -30.000000000, -27.040359497, 2.959640503
21.849742571, 3670756752, -30.000000000, -27.040359497, 2.959640503
21.849742607, 3670756758, -30.000000000, -28.606441498, 2.959640503
21.849791554, 3670764981, -30.000000000, -28.606441498, 1.393558502
21.899742613, 3679156759, -30.000000000, -28.606441498, 1.393558502
21.899742649, 3679156765, -30.000000000, -29.420803070, 1.393558502
21.899791554, 3679164981, -30.000000000, -29.420803070, 0.579196930
21.949742536, 3687556746, -30.000000000, -29.420803070, 0.579196930
21.949742571, 3687556752, -30.000000000, -29.116996765, 0.579196930
21.949791554, 3687564981, -30.000000000, -29.116996765, 0.883003235
21.999742530, 3695956745, -30.000000000, -29.116996765, 0.883003235
21.999742565, 3695956751, -30.000000000, -29.686290741, 0.883003235
21.999791554, 3695964981, -30.000000000, -29.686290741, 0.313709259
22.049742571, 3704356752, -30.000000000, -29.686290741, 0.313709259
22.049742607, 3704356758, -30.000000000, -29.982324600, 0.313709259
22.049791554, 3704364981, -30.000000000, -29.982324600, 0.017675400
22.099742554, 3712756749, -30.000000000, -29.982324600, 0.017675400
22.099742589, 3712756755, -30.000000000, -30.136260986, 0.017675400
22.099791554, 3712764981, -30.000000000, -30.136260986, -0.136260986
22.149742571, 3721156752, -30.000000000, -30.136260986, -0.136260986
22.149742607, 3721156758, -30.000000000, -30.216308594, -0.136260986
22.149791554, 3721164981, -30.000000000, -30.216308594, -0.216308594
22.199742607, 3729556758, -30.000000000, -30.216308594, -0.216308594
22.199742643, 3729556764, -30.000000000, -30.985208511, -0.216308594
22.199791554, 3729564981, -30.000000000, -30.985208511, -0.985208511
22.249742536, 3737956746, -30.000000000, -30.985208511, -0.985208511
22.249742571, 3737956752, -30.000000000, -29.930488586, -0.985208511
22.249791554, 3737964981, -30.000000000, -29.930488586, 0.069511414
22.299742601, 3746356757, -30.000000000, -29.930488586, 0.069511414
22.299742637, 3746356763, -30.000000000, -30.836582184, 0.069511414
22.299791554, 3746364981, -30.000000000, -30.836582184, -0.836582184
22.349742583, 3754756754, -30.000000000, -30.836582184, -0.836582184
22.349742619, 3754756760, -30.000000000, -29.853202820, -0.836582184
22.349791554, 3754764981, -30.000000000, -29.853202820, 0.146797180
22.399742554, 3763156749, -30.000000000, -29.853202820, 0.146797180
22.399742589, 3763156755, -30.000000000, -30.069118500, 0.146797180
22.399791554, 3763164981, -30.000000000, -30.069118500, -0.069118500
22.449742619, 3771556760, -30.000000000, -30.069118500, -0.069118500
22.449742655, 3771556766, -30.000000000, -30.181396484, -0.069118500
22.449791554, 3771564981, -30.000000000, -30.181396484, -0.181396484
22.499742524, 3779956744, -30.000000000, -30.181396484, -0.181396484
22.499742560, 3779956750, -30.000000000, -30.239780426, -0.181396484
22.499791554, 3779964981, -30.000000000, -30.239780426, -0.239780426
22.549742571, 3788356752, -30.000000000, -30.239780426, -0.239780426
22.549742607, 3788356758, -30.000000000, -30.270139694, -0.239780426
22.549791554, 3788364981, -30.000000000, -30.270139694, -0.270139694
22.599742565, 3796756751, -30.000000000, -30.270139694, -0.270139694
22.599742601, 3796756757, -30.000000000, -30.285926819, -0.270139694
22.599791554, 3796764981, -30.000000000, -30.285926819, -0.285926819
22.649742571, 3805156752, -30.000000000, -30.285926819, -0.285926819
22.649742607, 3805156758, -30.000000000, -30.294136047, -0.285926819
22.649791554, 3805164981, -30.000000000, -30.294136047, -0.294136047
22.699742595, 3813556756, -30.000000000, -30.294136047, -0.294136047
22.699742631, 3813556762, -30.000000000, -30.298404694, -0.294136047
22.699791554, 3813564981, -30.000000000, -30.298404694, -0.298404694
22.749742637, 3821956763, -30.000000000, -30.298404694, -0.298404694
22.749742673, 3821956769, -30.000000000, -30.300624847, -0.298404694
22.749791554, 3821964981, -30.000000000, -30.300624847, -0.300624847
22.799742536, 3830356746, -30.000000000, -30.300624847, -0.300624847
22.799742571, 3830356752, -30.000000000, -29.574504852, -0.300624847
22.799791554, 3830364981, -30.000000000, -29.574504852, 0.425495148
22.849742595, 3838756756, -30.000000000, -29.574504852, 0.425495148
22.849742631, 3838756762, -30.000000000, -30.651470184, 0.425495148
22.849791554, 3838764981, -30.000000000, -30.651470184, -0.651470184
22.899742571, 3847156752, -30.000000000, -30.651470184, -0.651470184
22.899742607, 3847156758, -30.000000000, -29.756944656, -0.651470184
22.899791554, 3847164981, -30.000000000, -29.756944656, 0.243055344
22.949742583, 3855556754, -30.000000000, -29.756944656, 0.243055344
22.949742619, 3855556760, -30.000000000, -30.746339798, 0.243055344
22.949791554, 3855564981, -30.000000000, -30.746339798, -0.746339798
22.999742661, 3863956767, -30.000000000, -30.746339798, -0.746339798
22.999742696, 3863956773, -30.000000000, -30.533550262, -0.746339798
22.999791554, 3863964981, -30.000000000, -30.533550262, -0.533550262
23.049742589, 3872356755, -30.000000000, -30.533550262, -0.533550262
23.049742625, 3872356761, -30.000000000, -29.695625305, -0.533550262
23.049791554, 3872364981, -30.000000000, -29.695625305, 0.304374695
23.099742619, 3880756760, -30.000000000, -29.695625305, 0.304374695
23.099742655, 3880756766, -30.000000000, -29.987178802, 0.304374695
23.099791554, 3880764981, -30.000000000, -29.987178802, 0.012821198
23.149742601, 3889156757, -30.000000000, -29.987178802, 0.012821198
23.149742637, 3889156763, -30.000000000, -30.138786316, 0.012821198
23.149791554, 3889164981, -30.000000000, -30.138786316, -0.138786316
23.199742595, 3897556756, -30.000000000, -30.138786316, -0.138786316
23.199742631, 3897556762, -30.000000000, -30.217622757, -0.138786316
23.199791554, 3897564981, -30.000000000, -30.217622757, -0.217622757
23.249742565, 3905956751, -30.000000000, -30.217622757, -0.217622757
23.249742601, 3905956757, -30.000000000, -29.531345367, -0.217622757
23.249791554, 3905964981, -30.000000000, -29.531345367, 0.468654633
23.299742571, 3914356752, -30.000000000, -29.531345367, 0.468654633
23.299742607, 3914356758, -30.000000000, -29.901752472, 0.468654633
23.299791554, 3914364981, -30.000000000, -29.901752472, 0.098247528
23.349742565, 3922756751, -30.000000000, -29.901752472, 0.098247528
23.349742601, 3922756757, -30.000000000, -30.094364166, 0.098247528
23.349791554, 3922764981, -30.000000000, -30.094364166, -0.094364166
23.399742595, 3931156756, -30.000000000, -30.094364166, -0.094364166
23.399742631, 3931156762, -30.000000000, -30.921798706, -0.094364166
23.399791554, 3931164981, -30.000000000, -30.921798706, -0.921798706
23.449742595, 3939556756, -30.000000000, -30.921798706, -0.921798706
23.449742631, 3939556762, -30.000000000, -29.897514343, -0.921798706
23.449791554, 3939564981, -30.000000000, -29.897514343, 0.102485657
23.499742548, 3947956748, -30.000000000, -29.897514343, 0.102485657
23.499742583, 3947956754, -30.000000000, -30.092161179, 0.102485657
23.499791554, 3947964981, -30.000000000, -30.092161179, -0.092161179
23.549742577, 3956356753, -30.000000000, -30.092161179, -0.092161179
23.549742613, 3956356759, -30.000000000, -30.193378448, -0.092161179
23.549791554, 3956364981, -30.000000000, -30.193378448, -0.193378448
23.599742631, 3964756762, -30.000000000, -30.193378448, -0.193378448
23.599742667, 3964756768, -30.000000000, -30.246009827, -0.193378448
23.599791554, 3964764981, -30.000000000, -30.246009827, -0.246009827
23.649742589, 3973156755, -30.000000000, -30.246009827, -0.246009827
23.649742625, 3973156761, -30.000000000, -30.273378372, -0.246009827
23.649791554, 3973164981, -30.000000000, -30.273378372, -0.273378372
23.699742589, 3981556755, -30.000000000, -30.273378372, -0.273378372
23.699742625, 3981556761, -30.000000000, -30.287609100, -0.273378372
23.699791554, 3981564981, -30.000000000, -30.287609100, -0.287609100
23.749742649, 3989956765, -30.000000000, -30.287609100, -0.287609100
23.749742685, 3989956771, -30.000000000, -30.295009613, -0.287609100
23.749791554, 3989964981, -30.000000000, -30.295009613, -0.295009613
23.799781554, 3998363301, -30.000000000, -30.295009613, 0.428413391
23.849742607, 4006756758, -30.000000000, -30.295009613, 0.428413391
23.849742643, 4006756764, -30.000000000, -30.649953842, 0.428413391
23.849791554, 4006764981, -30.000000000, -30.649953842, -0.649953842
23.899742637, 4015156763, -30.000000000, -30.649953842, -0.649953842
23.899742673, 4015156769, -30.000000000, -30.483428955, -0.649953842
23.899791554, 4015164981, -30.000000000, -30.483428955, -0.483428955
23.949742583, 4023556754, -30.000000000, -30.483428955, -0.483428955
23.949742619, 4023556760, -30.000000000, -30.396835327, -0.483428955
23.949791554, 4023564981, -30.000000000, -30.396835327, -0.396835327
23.999742583, 4031956754, -30.000000000, -30.396835327, -0.396835327
23.999742619, 4031956760, -30.000000000, -29.624534607, -0.396835327
23.999791554, 4031964981, -30.000000000, -29.624534607, 0.375465393
24.049742548, 4040356748, -30.000000000, -29.624534607, 0.375465393
24.049742583, 4040356754, -30.000000000, -29.222938538, 0.375465393
24.049791554, 4040364981, -30.000000000, -29.222938538, 0.777061462
24.099742583, 4048756754, -30.000000000, -29.222938538, 0.777061462
24.099742619, 4048756760, -30.000000000, -30.468656540, 0.777061462
24.099791554, 4048764981, -30.000000000, -30.468656540, -0.468656540
24.149742655, 4057156766, -30.000000000, -30.468656540, -0.468656540
24.149742690, 4057156772, -30.000000000, -30.389154434, -0.468656540
24.149791554, 4057164981, -30.000000000, -30.389154434, -0.389154434
24.199742631, 4065556762, -30.000000000, -30.389154434, -0.389154434
24.199742667, 4065556768, -30.000000000, -30.347812653, -0.389154434
24.199791554, 4065564981, -30.000000000, -30.347812653, -0.347812653
24.249742571, 4073956752, -30.000000000, -30.347812653, -0.347812653
24.249742607, 4073956758, -30.000000000, -30.326316833, -0.347812653
24.249791554, 4073964981, -30.000000000, -30.326316833, -0.326316833
24.299742536, 4082356746, -30.000000000, -30.326316833, -0.326316833
24.299742571, 4082356752, -30.000000000, -30.315137863, -0.326316833
24.299791554, 4082364981, -30.000000000, -30.315137863, -0.315137863
24.349742625, 4090756761, -30.000000000, -30.315137863, -0.315137863
24.349742661, 4090756767, -30.000000000, -31.036600113, -0.315137863
24.349791554, 4090764981, -30.000000000, -31.036600113, -1.036600113
24.399742571, 4099156752, -30.000000000, -31.036600113, -1.036600113
24.399742607, 4099156758, -30.000000000, -29.957214355, -1.036600113
24.399791554, 4099164981, -30.000000000, -29.957214355, 0.042785645
24.449742565, 4107556751, -30.000000000, -29.957214355, 0.042785645
24.449742601, 4107556757, -30.000000000, -29.395931244, 0.042785645
24.449791554, 4107564981, -30.000000000, -29.395931244, 0.604068756
24.499742571, 4115956752, -30.000000000, -29.395931244, 0.604068756
24.499742607, 4115956758, -30.000000000, -29.831336975, 0.604068756
24.499791554, 4115964981, -30.000000000, -29.831336975, 0.168663025
24.549742625, 4124356761, -30.000000000, -29.831336975, 0.168663025
24.549781054, 4124363217, -30.000000000, -29.831336975, -0.057748795
24.599742613, 4132756759, -30.000000000, -29.831336975, -0.057748795
24.599742649, 4132756765, -30.000000000, -30.175483704, -0.057748795
24.599791554, 4132764981, -30.000000000, -30.175483704, -0.175483704
24.649742601, 4141156757, -30.000000000, -30.175483704, -0.175483704
24.649742637, 4141156763, -30.000000000, -29.509431839, -0.175483704
24.649791554, 4141164981, -30.000000000, -29.509431839, 0.490568161
24.699742637, 4149556763, -30.000000000, -29.509431839, 0.490568161
24.699742673, 4149556769, -30.000000000, -29.890357971, 0.490568161
24.699791554, 4149564981, -30.000000000, -29.890357971, 0.109642029
24.749742655, 4157956766, -30.000000000, -29.890357971, 0.109642029
24.749742690, 4157956772, -30.000000000, -29.361167908, 0.109642029
24.749791554, 4157964981, -30.000000000, -29.361167908, 0.638832092
24.799742589, 4166356755, -30.000000000, -29.361167908, 0.638832092
24.799742625, 4166356761, -30.000000000, -29.085987091, 0.638832092
24.799791554, 4166364981, -30.000000000, -29.085987091, 0.914012909
24.849742589, 4174756755, -30.000000000, -29.085987091, 0.914012909
24.849742625, 4174756761, -30.000000000, -30.397441864, 0.914012909
24.849791554, 4174764981, -30.000000000, -30.397441864, -0.397441864
24.899742577, 4183156753, -30.000000000, -30.397441864, -0.397441864
24.899742613, 4183156759, -30.000000000, -30.352123260, -0.397441864
24.899791554, 4183164981, -30.000000000, -30.352123260, -0.352123260
24.949742583, 4191556754, -30.000000000, -30.352123260, -0.352123260
24.949742619, 4191556760, -30.000000000, -31.055831909, -0.352123260
24.949791554, 4191564981, -30.000000000, -31.055831909, -1.055831909
24.999742583, 4199956754, -30.000000000, -31.055831909, -1.055831909
24.999742619, 4199956760, -30.000000000, -29.967212677, -1.055831909
24.999791554, 4199964981, -30.000000000, -29.967212677, 0.032787323
25.049742548, 4208356748, -30.000000000, -29.967212677, 0.032787323
25.049742583, 4208356754, -30.000000000, -30.128402710, 0.032787323
25.049791554, 4208364981, -30.000000000, -30.128402710, -0.128402710
25.099742595, 4216756756, -30.000000000, -30.128402710, -0.128402710
25.099742631, 4216756762, -30.000000000, -30.212223053, -0.128402710
25.099791554, 4216764981, -30.000000000, -30.212223053, -0.212223053
25.149742631, 4225156762, -30.000000000, -30.212223053, -0.212223053
25.149742667, 4225156768, -30.000000000, -30.255809784, -0.212223053
25.149791554, 4225164981, -30.000000000, -30.255809784, -0.255809784
25.199742560, 4233556750, -30.000000000, -30.255809784, -0.255809784
25.199742595, 4233556756, -30.000000000, -29.551200867, -0.255809784
25.199791554, 4233564981, -30.000000000, -29.551200867, 0.448799133
25.249742536, 4241956746, -30.000000000, -29.551200867, 0.448799133
25.249742571, 4241956752, -30.000000000, -29.912078857, 0.448799133
25.249791554, 4241964981, -30.000000000, -29.912078857, 0.087921143
25.299742595, 4250356756, -30.000000000, -29.912078857, 0.087921143
25.299742631, 4250356762, -30.000000000, -30.099735260, 0.087921143
25.299791554, 4250364981, -30.000000000, -30.099735260, -0.099735260
25.349742518, 4258756743, -30.000000000, -30.099735260, -0.099735260
25.349742554, 4258756749, -30.000000000, -29.470043182, -0.099735260
25.349791554, 4258764981, -30.000000000, -29.470043182, 0.529956818
25.399742565, 4267156751, -30.000000000, -29.470043182, 0.529956818
25.399742601, 4267156757, -30.000000000, -30.597150803, 0.529956818
25.399791554, 4267164981, -30.000000000, -30.597150803, -0.597150803
25.449742571, 4275556752, -30.000000000, -30.597150803, -0.597150803
25.449742607, 4275556758, -30.000000000, -29.728698730, -0.597150803
25.449791554, 4275564981, -30.000000000, -29.728698730, 0.271301270
25.499742554, 4283956749, -30.000000000, -29.728698730, 0.271301270
25.499742589, 4283956755, -30.000000000, -30.004375458, 0.271301270
25.499791554, 4283964981, -30.000000000, -30.004375458, -0.004375458
25.549742619, 4292356760, -30.000000000, -30.004375458, -0.004375458
25.549742655, 4292356766, -30.000000000, -30.147727966, -0.004375458
25.549791554, 4292364981, -30.000000000, -30.147727966, -0.147727966
25.599742560, 4300756750, -30.000000000, -30.147727966, -0.147727966
25.599742595, 4300756756, -30.000000000, -29.494998932, -0.147727966
25.599791554, 4300764981, -30.000000000, -29.494998932, 0.505001068
25.649742548, 4309156748, -30.000000000, -29.494998932, 0.505001068
25.649742583, 4309156754, -30.000000000, -29.882852554, 0.505001068
25.649791554, 4309164981, -30.000000000, -29.882852554, 0.117147446
25.699742613, 4317556759, -30.000000000, -29.882852554, 0.117147446
25.699742649, 4317556765, -30.000000000, -30.811811447, 0.117147446
25.699791554, 4317564981, -30.000000000, -30.811811447, -0.811811447
25.749742667, 4325956768, -30.000000000, -30.811811447, -0.811811447
25.749742702, 4325956774, -30.000000000, -30.567594528, -0.811811447
25.749791554, 4325964981, -30.000000000, -30.567594528, -0.567594528
25.799742571, 4334356752, -30.000000000, -30.567594528, -0.567594528
25.799742607, 4334356758, -30.000000000, -29.713329315, -0.567594528
25.799791554, 4334364981, -30.000000000, -29.713329315, 0.286670685
25.849742542, 4342756747, -30.000000000, -29.713329315, 0.286670685
25.849742577, 4342756753, -30.000000000, -29.996383667, 0.286670685
25.849791554, 4342764981, -30.000000000, -29.996383667, 0.003616333
25.899742530, 4351156745, -30.000000000, -29.996383667, 0.003616333
25.899742565, 4351156751, -30.000000000, -30.143573761, 0.003616333
25.899791554, 4351164981, -30.000000000, -30.143573761, -0.143573761
25.949742548, 4359556748, -30.000000000, -30.143573761, -0.143573761
25.949742583, 4359556754, -30.000000000, -30.220111847, -0.143573761
25.949791554, 4359564981, -30.000000000, -30.220111847, -0.220111847
25.999742571, 4367956752, -30.000000000, -30.220111847, -0.220111847
25.999742607, 4367956758, -30.000000000, -30.259910583, -0.220111847
25.999791554, 4367964981, -30.000000000, -30.259910583, -0.259910583
26.049742595, 4376356756, -30.000000000, -30.259910583, -0.259910583
26.049742631, 4376356762, -30.000000000, -30.280607224, -0.259910583
26.049791554, 4376364981, -30.000000000, -30.280607224, -0.280607224
26.099742560, 4384756750, -30.000000000, -30.280607224, -0.280607224
26.099742595, 4384756756, -30.000000000, -29.564096451, -0.280607224
26.099791554, 4384764981, -30.000000000, -29.564096451, 0.435903549
26.149742583, 4393156754, -30.000000000, -29.564096451, 0.435903549
26.149742619, 4393156760, -30.000000000, -30.646057129, 0.435903549
26.149791554, 4393164981, -30.000000000, -30.646057129, -0.646057129
26.199742530, 4401556745, -90.000000000, -30.646057129, -0.646057129
26.199742565, 4401556751, -90.000000000, -29.754131317, -0.646057129
26.199791554, 4401564981, -90.000000000, -29.754131317, 60.245868683
26.249742780, 4409956787, -90.000000000, -29.754131317, 60.245868683
26.249742815, 4409956793, -90.000000000, -35.108509064, 60.245868683
26.249791554, 4409964981, -90.000000000, -35.108509064, 54.891490936
26.299742982, 4418356821, -90.000000000, -35.108509064, 54.891490936
26.299743018, 4418356827, -90.000000000, -46.620063782, 54.891490936
26.299791554, 4418364981, -90.000000000, -46.620063782, 43.379936218
26.349742708, 4426756775, -90.000000000, -46.620063782, 43.379936218
26.349742744, 4426756781, -90.000000000, -58.424247742, 43.379936218
26.349791554, 4426764981, -90.000000000, -58.424247742, 31.575752258
26.399742619, 4435156760, -90.000000000, -58.424247742, 31.575752258
26.399742655, 4435156766, -90.000000000, -69.653335571, 31.575752258
26.399791554, 4435164981, -90.000000000, -69.653335571, 20.346664429
26.449742643, 4443556764, -90.000000000, -69.653335571, 20.346664429
26.449742679, 4443556770, -90.000000000, -77.674285889, 20.346664429
26.449791554, 4443564981, -90.000000000, -77.674285889, 12.325714111
26.499742518, 4451956743, -90.000000000, -77.674285889, 12.325714111
26.499742554, 4451956749, -90.000000000, -84.026992798, 12.325714111
26.499791554, 4451964981, -90.000000000, -84.026992798, 5.973007202
26.549742446, 4460356731, -90.000000000, -84.026992798, 5.973007202
26.549742482, 4460356737, -90.000000000, -87.330398560, 5.973007202
26.549791554, 4460364981, -90.000000000, -87.330398560, 2.669601440
26.599742536, 4468756746, -90.000000000, -87.330398560, 2.669601440
26.599742571, 4468756752, -90.000000000, -89.048164368, 2.669601440
26.599791554, 4468764981, -90.000000000, -89.048164368, 0.951835632
26.649742565, 4477156751, -90.000000000, -89.048164368, 0.951835632
26.649742601, 4477156757, -90.000000000, -89.941406250, 0.951835632
26.649791554, 4477164981, -90.000000000, -89.941406250, 0.058593750
26.699742548, 4485556748, -90.000000000, -89.941406250, 0.058593750
26.699742583, 4485556754, -90.000000000, -90.405891418, 0.058593750
26.699791554, 4485564981, -90.000000000, -90.405891418, -0.405891418
26.749742619, 4493956760, -90.000000000, -90.405891418, -0.405891418
26.749742655, 4493956766, -90.000000000, -91.374694824, -0.405891418
26.749791554, 4493964981, -90.000000000, -91.374694824, -1.374694824
26.799742649, 4502356765, -90.000000000, -91.374694824, -1.374694824
26.799742685, 4502356771, -90.000000000, -91.151199341, -1.374694824
26.799791554, 4502364981, -90.000000000, -91.151199341, -1.151199341
26.849742619, 4510756760, -90.000000000, -91.151199341, -1.151199341
26.849742655, 4510756766, -90.000000000, -90.307708740, -1.151199341
26.849791554, 4510764981, -90.000000000, -90.307708740, -0.307708740
26.899742536, 4519156746, -90.000000000, -90.307708740, -0.307708740
26.899742571, 4519156752, -90.000000000, -90.596366882, -0.307708740
26.899791554, 4519164981, -90.000000000, -90.596366882, -0.596366882
26.949742577, 4527556753, -90.000000000, -90.596366882, -0.596366882
26.949742613, 4527556759, -90.000000000, -90.746467590, -0.596366882
26.949791554, 4527564981, -90.000000000, -90.746467590, -0.746467590
26.999742595, 4535956756, -90.000000000, -90.746467590, -0.746467590
26.999742631, 4535956762, -90.000000000, -90.824523926, -0.746467590
26.999791554, 4535964981, -90.000000000, -90.824523926, -0.824523926
27.049742512, 4544356742, -90.000000000, -90.824523926, -0.824523926
27.049742548, 4544356748, -90.000000000, -90.865112305, -0.824523926
27.049791554, 4544364981, -90.000000000, -90.865112305, -0.865112305
27.099742571, 4552756752, -90.000000000, -90.865112305, -0.865112305
27.099742607, 4552756758, -90.000000000, -90.158950806, -0.865112305
27.099791554, 4552764981, -90.000000000, -90.158950806, -0.158950806
27.149742625, 4561156761, -90.000000000, -90.158950806, -0.158950806
27.149742661, 4561156767, -90.000000000, -90.519012451, -0.158950806
27.149791554, 4561164981, -90.000000000, -90.519012451, -0.519012451
27.199742595, 4569556756, -90.000000000, -90.519012451, -0.519012451
27.199742631, 4569556762, -90.000000000, -89.978973389, -0.519012451
27.199790554, 4569564813, -90.000000000, -89.978973389, 0.021026611
27.249742571, 4577956752, -90.000000000, -89.978973389, 0.021026611
27.249742607, 4577956758, -90.000000000, -90.425430298, 0.021026611
27.249791554, 4577964981, -90.000000000, -90.425430298, -0.425430298
27.299742589, 4586356755, -90.000000000, -90.425430298, -0.425430298
27.299742625, 4586356761, -90.000000000, -90.657577515, -0.425430298
27.299791554, 4586364981, -90.000000000, -90.657577515, -0.657577515
27.349742607, 4594756758, -90.000000000, -90.657577515, -0.657577515
27.349742643, 4594756764, -90.000000000, -89.323753357, -0.657577515
27.349791554, 4594764981, -90.000000000, -89.323753357, 0.676246643
27.399742536, 4603156746, -90.000000000, -89.323753357, 0.676246643
27.399742571, 4603156752, -90.000000000, -90.084709167, 0.676246643
27.399791554, 4603164981, -90.000000000, -90.084709167, -0.084709167
27.449742554, 4611556749, -90.000000000, -90.084709167, -0.084709167
27.449742589, 4611556755, -90.000000000, -89.753143311, -0.084709167
27.449791554, 4611564981, -90.000000000, -89.753143311, 0.246856689
27.499742518, 4619956743, -90.000000000, -89.753143311, 0.246856689
27.499742554, 4619956749, -90.000000000, -90.307998657, 0.246856689
27.499791554, 4619964981, -90.000000000, -90.307998657, -0.307998657
27.549742488, 4628356738, -90.000000000, -90.307998657, -0.307998657
27.549742524, 4628356744, -90.000000000, -90.596519470, -0.307998657
27.549791554, 4628364981, -90.000000000, -90.596519470, -0.596519470
27.599742512, 4636756742, -90.000000000, -90.596519470, -0.596519470
27.599742548, 4636756748, -90.000000000, -90.746551514, -0.596519470
27.599791554, 4636764981, -90.000000000, -90.746551514, -0.746551514
27.649742601, 4645156757, -90.000000000, -90.746551514, -0.746551514
27.649742637, 4645156763, -90.000000000, -89.370025635, -0.746551514
27.649791554, 4645164981, -90.000000000, -89.370025635, 0.629974365
27.699742625, 4653556761, -90.000000000, -89.370025635, 0.629974365
27.699742661, 4653556767, -90.000000000, -89.381500244, 0.629974365
27.699791554, 4653564981, -90.000000000, -89.381500244, 0.618499756
27.749742637, 4661956763, -90.000000000, -89.381500244, 0.618499756
27.749742673, 4661956769, -90.000000000, -89.387466431, 0.618499756
27.749791554, 4661964981, -90.000000000, -89.387466431, 0.612533569
27.799742625, 4670356761, -90.000000000, -89.387466431, 0.612533569
27.799742661, 4670356767, -90.000000000, -89.390571594, 0.612533569
27.799791554, 4670364981, -90.000000000, -89.390571594, 0.609428406
27.849742524, 4678756744, -90.000000000, -89.390571594, 0.609428406
27.849742560, 4678756750, -90.000000000, -90.119461060, 0.609428406
27.849791554, 4678764981, -90.000000000, -90.119461060, -0.119461060
27.899742524, 4687156744, -90.000000000, -90.119461060, -0.119461060
27.899742560, 4687156750, -90.000000000, -90.498474121, -0.119461060
27.899791554, 4687164981, -90.000000000, -90.498474121, -0.498474121
27.949742524, 4695556744, -90.000000000, -90.498474121, -0.498474121
27.949742560, 4695556750, -90.000000000, -90.695564270, -0.498474121
27.949791554, 4695564981, -90.000000000, -90.695564270, -0.695564270
27.999742679, 4703956770, -90.000000000, -90.695564270, -0.695564270
27.999742714, 4703956776, -90.000000000, -89.343505859, -0.695564270
27.999791554, 4703964981, -90.000000000, -89.343505859, 0.656494141
28.049742583, 4712356754, -90.000000000, -89.343505859, 0.656494141
28.049742619, 4712356760, -90.000000000, -90.094985962, 0.656494141
28.049791554, 4712364981, -90.000000000, -90.094985962, -0.094985962
28.099742583, 4720756754, -90.000000000, -90.094985962, -0.094985962
28.099742619, 4720756760, -90.000000000, -90.485748291, -0.094985962
28.099791554, 4720764981, -90.000000000, -90.485748291, -0.485748291
28.149742619, 4729156760, -90.000000000, -90.485748291, -0.485748291
28.149742655, 4729156766, -90.000000000, -89.234405518, -0.485748291
28.149791554, 4729164981, -90.000000000, -89.234405518, 0.765594482
28.199742601, 4737556757, -90.000000000, -89.234405518, 0.765594482
28.199742637, 4737556763, -90.000000000, -90.038253784, 0.765594482
28.199791554, 4737564981, -90.000000000, -90.038253784, -0.038253784
28.249742625, 4745956761, -90.000000000, -90.038253784, -0.038253784
28.249742661, 4745956767, -90.000000000, -89.728981018, -0.038253784
28.249791554, 4745964981, -90.000000000, -89.728981018, 0.271018982
28.299742571, 4754356752, -90.000000000, -89.728981018, 0.271018982
28.299742607, 4754356758, -90.000000000, -90.295425415, 0.271018982
28.299791554, 4754364981, -90.000000000, -90.295425415, -0.295425415
28.349742637, 4762756763, -90.000000000, -90.295425415, -0.295425415
28.349742673, 4762756769, -90.000000000, -90.589981079, -0.295425415
28.349791554, 4762764981, -90.000000000, -90.589981079, -0.589981079
28.399742524, 4771156744, -90.000000000, -90.589981079, -0.589981079
28.399742560, 4771156750, -90.000000000, -90.743148804, -0.589981079
28.399791554, 4771164981, -90.000000000, -90.743148804, -0.743148804
28.449742500, 4779556740, -90.000000000, -90.743148804, -0.743148804
28.449742536, 4779556746, -90.000000000, -90.822799683, -0.743148804
28.449791554, 4779564981, -90.000000000, -90.822799683, -0.822799683
28.499742577, 4787956753, -90.000000000, -90.822799683, -0.822799683
28.499742613, 4787956759, -90.000000000, -90.864212036, -0.822799683
28.499791554, 4787964981, -90.000000000, -90.864212036, -0.864212036
28.549742589, 4796356755, -90.000000000, -90.864212036, -0.864212036
28.549742625, 4796356761, -90.000000000, -90.885749817, -0.864212036
28.549791554, 4796364981, -90.000000000, -90.885749817, -0.885749817
28.599742589, 4804756755, -90.000000000, -90.885749817, -0.885749817
28.599742625, 4804756761, -90.000000000, -90.169677734, -0.885749817
28.599791554, 4804764981, -90.000000000, -90.169677734, -0.169677734
28.649742619, 4813156760, -90.000000000, -90.169677734, -0.169677734
28.649742655, 4813156766, -90.000000000, -89.797317505, -0.169677734
28.649791554, 4813164981, -90.000000000, -89.797317505, 0.202682495
28.699742613, 4821556759, -90.000000000, -89.797317505, 0.202682495
28.699742649, 4821556765, -90.000000000, -88.149154663, 0.202682495
28.699791554, 4821564981, -90.000000000, -88.149154663, 1.850845337
28.749742506, 4829956741, -90.000000000, -88.149154663, 1.850845337
28.749742542, 4829956747, -90.000000000, -89.473922729, 1.850845337
28.749791554, 4829964981, -90.000000000, -89.473922729, 0.526077271
28.799742494, 4838356739, -90.000000000, -89.473922729, 0.526077271
28.799742530, 4838356745, -90.000000000, -90.162796021, 0.526077271
28.799791554, 4838364981, -90.000000000, -90.162796021, -0.162796021
28.849781554, 4846763301, -90.000000000, -90.162796021, -0.521011353
28.899742506, 4855156741, -90.000000000, -90.162796021, -0.521011353
28.899742542, 4855156747, -90.000000000, -90.707283020, -0.521011353
28.899791554, 4855164981, -90.000000000, -90.707283020, -0.707283020
28.949742565, 4863556751, -90.000000000, -90.707283020, -0.707283020
28.949742601, 4863556757, -90.000000000, -90.804145813, -0.707283020
28.949791554, 4863564981, -90.000000000, -90.804145813, -0.804145813
28.999742565, 4871956751, -90.000000000, -90.804145813, -0.804145813
28.999742601, 4871956757, -90.000000000, -90.127243042, -0.804145813
28.999791554, 4871964981, -90.000000000, -90.127243042, -0.127243042
29.049742548, 4880356748, -90.000000000, -90.127243042, -0.127243042
29.049742583, 4880356754, -90.000000000, -90.502525330, -0.127243042
29.049791554, 4880364981, -90.000000000, -90.502525330, -0.502525330
29.099742577, 4888756753, -90.000000000, -90.502525330, -0.502525330
29.099742613, 4888756759, -90.000000000, -89.970397949, -0.502525330
29.099791554, 4888764981, -90.000000000, -89.970397949, 0.029602051
29.149742536, 4897156746, -90.000000000, -89.970397949, 0.029602051
29.149742571, 4897156752, -90.000000000, -90.420967102, 0.029602051
29.149791554, 4897164981, -90.000000000, -90.420967102, -0.420967102
29.199742673, 4905556769, -90.000000000, -90.420967102, -0.420967102
29.199742708, 4905556775, -90.000000000, -89.927993774, -0.420967102
29.199791554, 4905564981, -90.000000000, -89.927993774, 0.072006226
29.249742595, 4913956756, -90.000000000, -89.927993774, 0.072006226
29.249742631, 4913956762, -90.000000000, -89.671646118, 0.072006226
29.249791554, 4913964981, -90.000000000, -89.671646118, 0.328353882
29.299742518, 4922356743, -90.000000000, -89.671646118, 0.328353882
29.299742554, 4922356749, -90.000000000, -90.265609741, 0.328353882
29.299791554, 4922364981, -90.000000000, -90.265609741, -0.265609741
29.349742613, 4930756759, -90.000000000, -90.265609741, -0.265609741
29.349742649, 4930756765, -90.000000000, -89.847206116, -0.265609741
29.349791554, 4930764981, -90.000000000, -89.847206116, 0.152793884
29.399742577, 4939156753, -90.000000000, -89.847206116, 0.152793884
29.399742613, 4939156759, -90.000000000, -89.629638672, 0.152793884
29.399791554, 4939164981, -90.000000000, -89.629638672, 0.370361328
29.449742643, 4947556764, -90.000000000, -89.629638672, 0.370361328
29.449742679, 4947556770, -90.000000000, -89.516502380, 0.370361328
29.449791554, 4947564981, -90.000000000, -89.516502380, 0.483497620
29.499742601, 4955956757, -90.000000000, -89.516502380, 0.483497620
29.499742637, 4955956763, -90.000000000, -89.457672119, 0.483497620
29.499791554, 4955964981, -90.000000000, -89.457672119, 0.542327881
29.549742530, 4964356745, -90.000000000, -89.457672119, 0.542327881
29.549742565, 4964356751, -90.000000000, -89.427078247, 0.542327881
29.549791554, 4964364981, -90.000000000, -89.427078247, 0.572921753
29.599742518, 4972756743, -90.000000000, -89.427078247, 0.572921753
29.599742554, 4972756749, -90.000000000, -89.411170959, 0.572921753
29.599791554, 4972764981, -90.000000000, -89.411170959, 0.588829041
29.649742542, 4981156747, -90.000000000, -89.411170959, 0.588829041
29.649742577, 4981156753, -90.000000000, -89.402900696, 0.588829041
29.649791554, 4981164981, -90.000000000, -89.402900696, 0.597099304
29.699742512, 4989556742, -90.000000000, -89.402900696, 0.597099304
29.699742548, 4989556748, -90.000000000, -89.398597717, 0.597099304
29.699791554, 4989564981, -90.000000000, -89.398597717, 0.601402283
29.749742583, 4997956754, -90.000000000, -89.398597717, 0.601402283
29.749742619, 4997956760, -90.000000000, -90.123626709, 0.601402283
29.749791554, 4997964981, -90.000000000, -90.123626709, -0.123626709
29.799742607, 5006356758, -90.000000000, -90.123626709, -0.123626709
29.799742643, 5006356764, -90.000000000, -89.773376465, -0.123626709
29.799791554, 5006364981, -90.000000000, -89.773376465, 0.226623535
29.849742625, 5014756761, -90.000000000, -89.773376465, 0.226623535
29.849742661, 5014756767, -90.000000000, -89.591247559, 0.226623535
29.849791554, 5014764981, -90.000000000, -89.591247559, 0.408752441
29.899742571, 5023156752, -90.000000000, -89.591247559, 0.408752441
29.899742607, 5023156758, -90.000000000, -90.223808289, 0.408752441
29.899791554, 5023164981, -90.000000000, -90.223808289, -0.223808289
29.949742595, 5031556756, -90.000000000, -90.223808289, -0.223808289
29.949742631, 5031556762, -90.000000000, -89.825469971, -0.223808289
29.949791554, 5031564981, -90.000000000, -89.825469971, 0.174530029
29.999742536, 5039956746, -90.000000000, -89.825469971, 0.174530029
29.999742571, 5039956752, -90.000000000, -90.345603943, 0.174530029
29.999791554, 5039964981, -90.000000000, -90.345603943, -0.345603943
30.049742560, 5048356750, -90.000000000, -90.345603943, -0.345603943
30.049742595, 5048356756, -90.000000000, -89.888809204, -0.345603943
30.049791554, 5048364981, -90.000000000, -89.888809204, 0.111190796
30.099742518, 5056756743, -90.000000000, -89.888809204, 0.111190796
30.099742554, 5056756749, -90.000000000, -90.378540039, 0.111190796
30.099791554, 5056764981, -90.000000000, -90.378540039, -0.378540039
30.149742613, 5065156759, -90.000000000, -90.378540039, -0.378540039
30.149742649, 5065156765, -90.000000000, -89.178649902, -0.378540039
30.149791554, 5065164981, -90.000000000, -89.178649902, 0.821350098
30.199742571, 5073556752, -90.000000000, -89.178649902, 0.821350098
30.199742607, 5073556758, -90.000000000, -90.009262085, 0.821350098
30.199791554, 5073564981, -90.000000000, -90.009262085, -0.009262085
