Time (sec.)	Cycles	"speed_target"	"speed_actual"	"speed_error"
0.000000000	0	0.000000000	0.000000000	0.000000000
0.000000000	0	0.000000000	0.000000000	0.000000000
0.000000000	0	0.000000000	0.000000000	0.000000000
1.049775298	176362250	90.000000000	0.000000000	0.000000000
1.049775333	176362256	90.000000000	0.000000000	0.000000000
1.049825310	176370652	90.000000000	0.000000000	-90.000000000
1.099776250	184762410	90.000000000	0.000000000	-90.000000000
1.099776286	184762416	90.000000000	7.999999523	-90.000000000
1.099825310	184770652	90.000000000	7.999999523	-82.000000000
1.149776232	193162407	90.000000000	7.999999523	-82.000000000
1.149776268	193162413	90.000000000	23.796363831	-82.000000000
1.149825310	193170652	90.000000000	23.796363831	-66.203636169
1.199776482	201562449	90.000000000	23.796363831	-66.203636169
1.199776518	201562455	90.000000000	40.010471344	-66.203636169
1.199825310	201570652	90.000000000	40.010471344	-49.989528656
1.249776244	209962409	90.000000000	40.010471344	-49.989528656
1.249776280	209962415	90.000000000	54.259986877	-49.989528656
1.249825310	209970652	90.000000000	54.259986877	-35.740013123
1.299776274	218362414	90.000000000	54.259986877	-35.740013123
1.299776310	218362420	90.000000000	64.578826904	-35.740013123
1.299825310	218370652	90.000000000	64.578826904	-25.421173096
1.349776310	226762420	90.000000000	64.578826904	-25.421173096
1.349776345	226762426	90.000000000	72.853713989	-25.421173096
1.349825310	226770652	90.000000000	72.853713989	-17.146286011
1.399776387	235162433	90.000000000	72.853713989	-17.146286011
1.399776423	235162439	90.000000000	80.065750122	-17.146286011
1.399825310	235170652	90.000000000	80.065750122	-9.934249878
1.449776280	243562415	90.000000000	80.065750122	-9.934249878
1.449776315	243562421	90.000000000	84.543281555	-9.934249878
1.449825310	243570652	90.000000000	84.543281555	-5.456718445
1.499776411	251962437	90.000000000	84.543281555	-5.456718445
1.499776446	251962443	90.000000000	86.144317627	-5.456718445
1.499825310	251970652	90.000000000	86.144317627	-3.855682373
1.549776357	260362428	90.000000000	86.144317627	-3.855682373
1.549776393	260362434	90.000000000	87.704132080	-3.855682373
1.549825310	260370652	90.000000000	87.704132080	-2.295867920
1.599776226	268762406	90.000000000	87.704132080	-2.295867920
1.599776262	268762412	90.000000000	89.242507935	-2.295867920
1.599825310	268770652	90.000000000	89.242507935	-0.757492065
1.649776411	277162437	90.000000000	89.242507935	-0.757492065
1.649776446	277162443	90.000000000	89.315193176	-0.757492065
1.649825310	277170652	90.000000000	89.315193176	-0.684806824
1.699776310	285562420	90.000000000	89.315193176	-0.684806824
1.699776345	285562426	90.000000000	90.080261230	-0.684806824
1.699825310	285570652	90.000000000	90.080261230	0.080261230
1.749776321	293962422	90.000000000	90.080261230	0.080261230
1.749776357	293962428	90.000000000	90.478096008	0.080261230
1.749825310	293970652	90.000000000	90.478096008	0.478096008
1.799776387	302362433	90.000000000	90.478096008	0.478096008
1.799776423	302362439	90.000000000	90.684967041	0.478096008
1.799825310	302370652	90.000000000	90.684967041	0.684967041
1.849776202	310762402	90.000000000	90.684967041	0.684967041
1.849776238	310762408	90.000000000	90.792541504	0.684967041
1.849825310	310770652	90.000000000	90.792541504	0.792541504
1.899776399	319162435	90.000000000	90.792541504	0.792541504
1.899776435	319162441	90.000000000	91.575752258	0.792541504
1.899825310	319170652	90.000000000	91.575752258	1.575752258
1.949776381	327562432	90.000000000	91.575752258	1.575752258
1.949776417	327562438	90.000000000	91.255752563	1.575752258
1.949825310	327570652	90.000000000	91.255752563	1.255752563
1.999776208	335962403	90.000000000	91.255752563	1.255752563
1.999776244	335962409	90.000000000	91.089355469	1.255752563
1.999825310	335970652	90.000000000	91.089355469	1.089355469
2.049776208	344362403	90.000000000	91.089355469	1.089355469
2.049776244	344362409	90.000000000	91.002822876	1.089355469
2.049825310	344370652	90.000000000	91.002822876	1.002822876
2.099776208	352762403	90.000000000	91.002822876	1.002822876
2.099776244	352762409	90.000000000	90.957824707	1.002822876
2.099825310	352770652	90.000000000	90.957824707	0.957824707
2.149776315	361162421	90.000000000	90.957824707	0.957824707
2.149776351	361162427	90.000000000	90.934432983	0.957824707
2.149825310	361170652	90.000000000	90.934432983	0.934432983
2.199776357	369562428	90.000000000	90.934432983	0.934432983
2.199776393	369562434	90.000000000	90.194992065	0.934432983
2.199825310	369570652	90.000000000	90.194992065	0.194992065
2.249776345	377962426	90.000000000	90.194992065	0.194992065
2.249776381	377962432	90.000000000	90.537750244	0.194992065
2.249825310	377970652	90.000000000	90.537750244	0.537750244
2.299776298	386362418	90.000000000	90.537750244	0.537750244
2.299776333	386362424	90.000000000	90.715988159	0.537750244
2.299825310	386370652	90.000000000	90.715988159	0.715988159
2.349776375	394762431	90.000000000	90.715988159	0.715988159
2.349776411	394762437	90.000000000	90.081405640	0.715988159
2.349825310	394770652	90.000000000	90.081405640	0.081405640
2.399776363	403162429	90.000000000	90.081405640	0.081405640
2.399776399	403162435	90.000000000	90.478691101	0.081405640
2.399825310	403170652	90.000000000	90.478691101	0.478691101
2.449776202	411562402	90.000000000	90.478691101	0.478691101
2.449776238	411562408	90.000000000	90.685272217	0.478691101
2.449825310	411570652	90.000000000	90.685272217	0.685272217
2.499776351	419962427	90.000000000	90.685272217	0.685272217
2.499776387	419962433	90.000000000	90.792701721	0.685272217
2.499825310	419970652	90.000000000	90.792701721	0.792701721
2.549776274	428362414	90.000000000	90.792701721	0.792701721
2.549776310	428362420	90.000000000	90.848564148	0.792701721
2.549825310	428370652	90.000000000	90.848564148	0.848564148
2.599776268	436762413	90.000000000	90.848564148	0.848564148
2.599776304	436762419	90.000000000	90.877609253	0.848564148
2.599825310	436770652	90.000000000	90.877609253	0.877609253
2.649776262	445162412	90.000000000	90.877609253	0.877609253
2.649776298	445162418	90.000000000	90.892715454	0.877609253
2.649825310	445170652	90.000000000	90.892715454	0.892715454
2.699776321	453562422	90.000000000	90.892715454	0.892715454
2.699776357	453562428	90.000000000	90.900573730	0.892715454
2.699825310	453570652	90.000000000	90.900573730	0.900573730
2.749776274	461962414	90.000000000	90.900573730	0.900573730
2.749776310	461962420	90.000000000	90.904655457	0.900573730
2.749825310	461970652	90.000000000	90.904655457	0.904655457
2.799776357	470362428	90.000000000	90.904655457	0.904655457
2.799776393	470362434	90.000000000	90.906784058	0.904655457
2.799825310	470370652	90.000000000	90.906784058	0.906784058
2.849776357	478762428	90.000000000	90.906784058	0.906784058
2.849776393	478762434	90.000000000	90.907882690	0.906784058
2.849825310	478770652	90.000000000	90.907882690	0.907882690
2.899776363	487162429	90.000000000	90.907882690	0.907882690
2.899776399	487162435	90.000000000	90.181190491	0.907882690
2.899825310	487170652	90.000000000	90.181190491	0.181190491
2.949776333	495562424	90.000000000	90.181190491	0.181190491
2.949776369	495562430	90.000000000	89.803314209	0.181190491
2.949825310	495570652	90.000000000	89.803314209	-0.196685791
2.999776363	503962429	90.000000000	89.803314209	-0.196685791
2.999776399	503962435	90.000000000	90.334083557	-0.196685791
2.999825310	503970652	90.000000000	90.334083557	0.334083557
3.049776268	512362413	90.000000000	90.334083557	0.334083557
3.049776304	512362419	90.000000000	90.610076904	0.334083557
3.049825310	512370652	90.000000000	90.610076904	0.610076904
3.099776292	520762417	90.000000000	90.610076904	0.610076904
3.099776327	520762423	90.000000000	90.753601074	0.610076904
3.099825310	520770652	90.000000000	90.753601074	0.753601074
3.149776286	529162416	90.000000000	90.753601074	0.753601074
3.149776321	529162422	90.000000000	90.828231812	0.753601074
3.149825310	529170652	90.000000000	90.828231812	0.828231812
3.199776339	537562425	90.000000000	90.828231812	0.828231812
3.199776375	537562431	90.000000000	90.139770508	0.828231812
3.199825310	537570652	90.000000000	90.139770508	0.139770508
3.249776298	545962418	90.000000000	90.139770508	0.139770508
3.249776333	545962424	90.000000000	90.509040833	0.139770508
3.249825310	545970652	90.000000000	90.509040833	0.509040833
3.299776327	554362423	90.000000000	90.509040833	0.509040833
3.299776363	554362429	90.000000000	89.973793030	0.509040833
3.299825310	554370652	90.000000000	89.973793030	-0.026206970
3.349776315	562762421	90.000000000	89.973793030	-0.026206970
3.349776351	562762427	90.000000000	90.422729492	-0.026206970
3.349825310	562770652	90.000000000	90.422729492	0.422729492
3.399776321	571162422	90.000000000	90.422729492	0.422729492
3.399776357	571162428	90.000000000	89.928909302	0.422729492
3.399825310	571170652	90.000000000	89.928909302	-0.071090698
3.449776292	579562417	90.000000000	89.928909302	-0.071090698
3.449776327	579562423	90.000000000	90.399391174	-0.071090698
3.449825310	579570652	90.000000000	90.399391174	0.399391174
3.499776321	587962422	90.000000000	90.399391174	0.399391174
3.499776357	587962428	90.000000000	89.916778564	0.399391174
3.499825310	587970652	90.000000000	89.916778564	-0.083221436
3.549776393	596362434	90.000000000	89.916778564	-0.083221436
3.549776429	596362440	90.000000000	89.665817261	-0.083221436
3.549825310	596370652	90.000000000	89.665817261	-0.334182739
3.599815310	604768972	90.000000000	89.665817261	-0.464683533
3.649776304	613162419	90.000000000	89.665817261	-0.464683533
3.649776339	613162425	90.000000000	90.194717407	-0.464683533
3.649825310	613170652	90.000000000	90.194717407	0.194717407
3.699776321	621562422	90.000000000	90.194717407	0.194717407
3.699776357	621562428	90.000000000	90.537612915	0.194717407
3.699825310	621570652	90.000000000	90.537612915	0.537612915
3.749776405	629962436	90.000000000	90.537612915	0.537612915
3.749776440	629962442	90.000000000	89.988647461	0.537612915
3.749825310	629970652	90.000000000	89.988647461	-0.011352539
3.799776298	638362418	90.000000000	89.988647461	-0.011352539
3.799776333	638362424	90.000000000	90.430450439	-0.011352539
3.799825310	638370652	90.000000000	90.430450439	0.430450439
3.849776333	646762424	90.000000000	90.430450439	0.430450439
3.849776369	646762430	90.000000000	89.932922363	0.430450439
3.849825310	646770652	90.000000000	89.932922363	-0.067077637
3.899776345	655162426	90.000000000	89.932922363	-0.067077637
3.899776381	655162432	90.000000000	90.401473999	-0.067077637
3.899825310	655170652	90.000000000	90.401473999	0.401473999
3.949776321	663562422	90.000000000	90.401473999	0.401473999
3.949776357	663562428	90.000000000	89.917861938	0.401473999
3.949825310	663570652	90.000000000	89.917861938	-0.082138062
3.999776399	671962435	90.000000000	89.917861938	-0.082138062
3.999776435	671962441	90.000000000	89.666381836	-0.082138062
3.999825310	671970652	90.000000000	89.666381836	-0.333618164
4.049776321	680362422	90.000000000	89.666381836	-0.333618164
4.049776357	680362428	90.000000000	90.262878418	-0.333618164
4.049825310	680370652	90.000000000	90.262878418	0.262878418
4.099776345	688762426	90.000000000	90.262878418	0.262878418
4.099776381	688762432	90.000000000	90.573059082	0.262878418
4.099825310	688770652	90.000000000	90.573059082	0.573059082
4.149776387	697162433	90.000000000	90.573059082	0.573059082
4.149776423	697162439	90.000000000	90.734344482	0.573059082
4.149825310	697170652	90.000000000	90.734344482	0.734344482
4.199776387	705562433	90.000000000	90.734344482	0.734344482
4.199776423	705562439	90.000000000	89.363677979	0.734344482
4.199825310	705570652	90.000000000	89.363677979	-0.636322021
4.249776250	713962410	90.000000000	89.363677979	-0.636322021
4.249776286	713962416	90.000000000	90.105468750	-0.636322021
4.249825310	713970652	90.000000000	90.105468750	0.105468750
4.299776262	722362412	90.000000000	90.105468750	0.105468750
4.299776298	722362418	90.000000000	90.491203308	0.105468750
4.299825310	722370652	90.000000000	90.491203308	0.491203308
4.349776292	730762417	90.000000000	90.491203308	0.491203308
4.349776327	730762423	90.000000000	90.691787720	0.491203308
4.349825310	730770652	90.000000000	90.691787720	0.691787720
4.399776292	739162417	90.000000000	90.691787720	0.691787720
4.399776327	739162423	90.000000000	90.796089172	0.691787720
4.399825310	739170652	90.000000000	90.796089172	0.796089172
4.449776435	747562441	90.000000000	90.796089172	0.796089172
4.449776470	747562447	90.000000000	89.395782471	0.796089172
4.449825310	747570652	90.000000000	89.395782471	-0.604217529
4.499776286	755962416	90.000000000	89.395782471	-0.604217529
4.499776321	755962422	90.000000000	90.122161865	-0.604217529
4.499825310	755970652	90.000000000	90.122161865	0.122161865
4.549776399	764362435	90.000000000	90.122161865	0.122161865
4.549776435	764362441	90.000000000	89.045333862	0.122161865
4.549825310	764370652	90.000000000	89.045333862	-0.954666138
4.599776375	772762431	90.000000000	89.045333862	-0.954666138
4.599776411	772762437	90.000000000	89.939933777	-0.954666138
4.599825310	772770652	90.000000000	89.939933777	-0.060066223
4.649776375	781162431	90.000000000	89.939933777	-0.060066223
4.649776411	781162437	90.000000000	90.405120850	-0.060066223
4.649825310	781170652	90.000000000	90.405120850	0.405120850
4.699776351	789562427	90.000000000	90.405120850	0.405120850
4.699776387	789562433	90.000000000	89.919754028	0.405120850
4.699825310	789570652	90.000000000	89.919754028	-0.080245972
4.749776351	797962427	90.000000000	89.919754028	-0.080245972
4.749776387	797962433	90.000000000	90.394630432	-0.080245972
4.749825310	797970652	90.000000000	90.394630432	0.394630432
4.799776351	806362427	90.000000000	90.394630432	0.394630432
4.799776387	806362433	90.000000000	89.914299011	0.394630432
4.799825310	806370652	90.000000000	89.914299011	-0.085700989
4.849776423	814762439	90.000000000	89.914299011	-0.085700989
4.849776458	814762445	90.000000000	89.664520264	-0.085700989
4.849825310	814770652	90.000000000	89.664520264	-0.335479736
4.899776452	823162444	90.000000000	89.664520264	-0.335479736
4.899776488	823162450	90.000000000	88.807365417	-0.335479736
4.899825310	823170652	90.000000000	88.807365417	-1.192634583
4.949776351	831562427	90.000000000	88.807365417	-1.192634583
4.949776387	831562433	90.000000000	89.816192627	-1.192634583
4.949825310	831570652	90.000000000	89.816192627	-0.183807373
4.999776399	839962435	90.000000000	89.816192627	-0.183807373
4.999776435	839962441	90.000000000	89.613510132	-0.183807373
4.999825310	839970652	90.000000000	89.613510132	-0.386489868
5.049776387	848362433	90.000000000	89.613510132	-0.386489868
5.049776423	848362439	90.000000000	90.235382080	-0.386489868
5.049825310	848370652	90.000000000	90.235382080	0.235382080
5.099776274	856762414	90.000000000	90.235382080	0.235382080
5.099776310	856762420	90.000000000	90.558761597	0.235382080
5.099825310	856770652	90.000000000	90.558761597	0.558761597
5.149776250	865162410	90.000000000	90.558761597	0.558761597
5.149776286	865162416	90.000000000	90.726913452	0.558761597
5.149825310	865170652	90.000000000	90.726913452	0.726913452
5.199776387	873562433	90.000000000	90.726913452	0.726913452
5.199776423	873562439	90.000000000	90.087081909	0.726913452
5.199825310	873570652	90.000000000	90.087081909	0.087081909
5.249776262	881962412	90.000000000	90.087081909	0.087081909
5.249776298	881962418	90.000000000	90.481643677	0.087081909
5.249825310	881970652	90.000000000	90.481643677	0.481643677
5.299776345	890362426	90.000000000	90.481643677	0.481643677
5.299776381	890362432	90.000000000	89.959548950	0.481643677
5.299825310	890370652	90.000000000	89.959548950	-0.040451050
5.349776333	898762424	90.000000000	89.959548950	-0.040451050
5.349776369	898762430	90.000000000	90.415328979	-0.040451050
5.349825310	898770652	90.000000000	90.415328979	0.415328979
5.399776363	907162429	90.000000000	90.415328979	0.415328979
5.399776399	907162435	90.000000000	89.925064087	0.415328979
5.399825310	907170652	90.000000000	89.925064087	-0.074935913
5.449776339	915562425	90.000000000	89.925064087	-0.074935913
5.449776375	915562431	90.000000000	90.397392273	-0.074935913
5.449825310	915570652	90.000000000	90.397392273	0.397392273
5.499776375	923962431	90.000000000	90.397392273	0.397392273
5.499776411	923962437	90.000000000	90.643005371	0.397392273
5.499825310	923970652	90.000000000	90.643005371	0.643005371
5.549776411	932362437	90.000000000	90.643005371	0.643005371
5.549776446	932362443	90.000000000	90.043457031	0.643005371
5.549825310	932370652	90.000000000	90.043457031	0.043457031
5.599776429	940762440	90.000000000	90.043457031	0.043457031
5.599776464	940762446	90.000000000	89.731689453	0.043457031
5.599825310	940770652	90.000000000	89.731689453	-0.268310547
5.649776274	949162414	90.000000000	89.731689453	-0.268310547
5.649776310	949162420	90.000000000	90.296836853	-0.268310547
5.649820310	949169812	90.000000000	90.296836853	0.296836853
5.699776262	957562412	90.000000000	90.296836853	0.296836853
5.699776298	957562418	90.000000000	90.590713501	0.296836853
5.699825310	957570652	90.000000000	90.590713501	0.590713501
5.749776280	965962415	90.000000000	90.590713501	0.590713501
5.749776315	965962421	90.000000000	90.743530273	0.590713501
5.749825310	965970652	90.000000000	90.743530273	0.743530273
5.799776357	974362428	90.000000000	90.743530273	0.743530273
5.799776393	974362434	90.000000000	90.095726013	0.743530273
5.799825310	974370652	90.000000000	90.095726013	0.095726013
5.849776363	982762429	90.000000000	90.095726013	0.095726013
5.849776399	982762435	90.000000000	89.758865356	0.095726013
5.849825310	982770652	90.000000000	89.758865356	-0.241134644
5.899776339	991162425	90.000000000	89.758865356	-0.241134644
5.899776375	991162431	90.000000000	90.310974121	-0.241134644
5.899825310	991170652	90.000000000	90.310974121	0.310974121
5.949776345	999562426	90.000000000	90.310974121	0.310974121
5.949776381	999562432	90.000000000	90.598068237	0.310974121
5.949825310	999570652	90.000000000	90.598068237	0.598068237
5.999776405	1007962436	90.000000000	90.598068237	0.598068237
5.999776440	1007962442	90.000000000	90.020080566	0.598068237
5.999825310	1007970652	90.000000000	90.020080566	0.020080566
6.049776369	1016362430	150.000000000	90.020080566	0.020080566
6.049776405	1016362436	150.000000000	89.719528198	0.020080566
6.049825310	1016370652	150.000000000	89.719528198	-60.280471802
6.099776196	1024762401	150.000000000	89.719528198	-60.280471802
6.099776232	1024762407	150.000000000	96.108695984	-60.280471802
6.099825310	1024770652	150.000000000	96.108695984	-53.891304016
6.149776440	1033162442	150.000000000	96.108695984	-53.891304016
6.149776476	1033162448	150.000000000	108.158340454	-53.891304016
6.149825310	1033170652	150.000000000	108.158340454	-41.841659546
6.199776208	1041562403	150.000000000	108.158340454	-41.841659546
6.199776244	1041562409	150.000000000	120.969619751	-41.841659546
6.199825310	1041570652	150.000000000	120.969619751	-29.030380249
6.249776286	1049962416	150.000000000	120.969619751	-29.030380249
6.249776321	1049962422	150.000000000	130.540557861	-29.030380249
6.249825310	1049970652	150.000000000	130.540557861	-19.459442139
6.299776202	1058362402	150.000000000	130.540557861	-19.459442139
6.299776238	1058362408	150.000000000	137.699264526	-19.459442139
6.299825310	1058370652	150.000000000	137.699264526	-12.300735474
6.349776464	1066762446	150.000000000	137.699264526	-12.300735474
6.349776500	1066762452	150.000000000	141.421783447	-12.300735474
6.349825310	1066770652	150.000000000	141.421783447	-8.578216553
6.399776571	1075162464	150.000000000	141.421783447	-8.578216553
6.399776607	1075162470	150.000000000	145.539337158	-8.578216553
6.399825310	1075170652	150.000000000	145.539337158	-4.460662842
6.449776315	1083562421	150.000000000	145.539337158	-4.460662842
6.449776351	1083562427	150.000000000	146.953186035	-4.460662842
6.449825310	1083570652	150.000000000	146.953186035	-3.046813965
6.499776524	1091962456	150.000000000	146.953186035	-3.046813965
6.499776560	1091962462	150.000000000	148.415664673	-3.046813965
6.499825310	1091970652	150.000000000	148.415664673	-1.584335327
6.549776369	1100362430	150.000000000	148.415664673	-1.584335327
6.549776405	1100362436	150.000000000	148.448867798	-1.584335327
6.549825310	1100370652	150.000000000	148.448867798	-1.551132202
6.599776625	1108762473	150.000000000	148.448867798	-1.551132202
6.599776661	1108762479	150.000000000	149.920684814	-1.551132202
6.599825310	1108770652	150.000000000	149.920684814	-0.079315186
6.649776536	1117162458	150.000000000	149.920684814	-0.079315186
6.649776571	1117162464	150.000000000	150.686035156	-0.079315186
6.649825310	1117170652	150.000000000	150.686035156	0.686035156
6.699776536	1125562458	150.000000000	150.686035156	0.686035156
6.699776571	1125562464	150.000000000	150.356750488	0.686035156
6.699825310	1125570652	150.000000000	150.356750488	0.356750488
6.749776560	1133962462	150.000000000	150.356750488	0.356750488
6.749776595	1133962468	150.000000000	150.185516357	0.356750488
6.749825310	1133970652	150.000000000	150.185516357	0.185516357
6.799776333	1142362424	150.000000000	150.185516357	0.185516357
6.799776369	1142362430	150.000000000	150.823730469	0.185516357
6.799825310	1142370652	150.000000000	150.823730469	0.823730469
6.849776560	1150762462	150.000000000	150.823730469	0.823730469
6.849776595	1150762468	150.000000000	150.428344727	0.823730469
6.849825310	1150770652	150.000000000	150.428344727	0.428344727
6.899776542	1159162459	150.000000000	150.428344727	0.428344727
6.899776577	1159162465	150.000000000	150.950012207	0.428344727
6.899825310	1159170652	150.000000000	150.950012207	0.950012207
6.949776583	1167562466	150.000000000	150.950012207	0.950012207
6.949776619	1167562472	150.000000000	150.494018555	0.950012207
6.949825310	1167570652	150.000000000	150.494018555	0.494018555
6.999776345	1175962426	150.000000000	150.494018555	0.494018555
6.999776381	1175962432	150.000000000	150.256896973	0.494018555
6.999825310	1175970652	150.000000000	150.256896973	0.256896973
7.049776446	1184362443	150.000000000	150.256896973	0.256896973
7.049776482	1184362449	150.000000000	150.133590698	0.256896973
7.049830310	1184371492	150.000000000	150.133590698	0.133590698
7.099776333	1192762424	150.000000000	150.133590698	0.133590698
7.099776369	1192762430	150.000000000	150.069473267	0.133590698
7.099825310	1192770652	150.000000000	150.069473267	0.069473267
7.149776577	1201162465	150.000000000	150.069473267	0.069473267
7.149776613	1201162471	150.000000000	150.763397217	0.069473267
7.149825310	1201170652	150.000000000	150.763397217	0.763397217
7.199776571	1209562464	150.000000000	150.763397217	0.763397217
7.199776607	1209562470	150.000000000	150.396972656	0.763397217
7.199825310	1209570652	150.000000000	150.396972656	0.396972656
7.249776405	1217962436	150.000000000	150.396972656	0.396972656
7.249776440	1217962442	150.000000000	150.206420898	0.396972656
7.249825310	1217970652	150.000000000	150.206420898	0.206420898
7.299776589	1226362467	150.000000000	150.206420898	0.206420898
7.299776625	1226362473	150.000000000	150.834609985	0.206420898
7.299825310	1226370652	150.000000000	150.834609985	0.834609985
7.349776393	1234762434	150.000000000	150.834609985	0.834609985
7.349776429	1234762440	150.000000000	150.434005737	0.834609985
7.349825310	1234770652	150.000000000	150.434005737	0.434005737
7.399776560	1243162462	150.000000000	150.434005737	0.434005737
7.399776595	1243162468	150.000000000	150.225677490	0.434005737
7.399825310	1243170652	150.000000000	150.225677490	0.225677490
7.449776577	1251562465	150.000000000	150.225677490	0.225677490
7.449776613	1251562471	150.000000000	150.117355347	0.225677490
7.449825310	1251570652	150.000000000	150.117355347	0.117355347
7.499776560	1259962462	150.000000000	150.117355347	0.117355347
7.499776595	1259962468	150.000000000	150.788299561	0.117355347
7.499825310	1259970652	150.000000000	150.788299561	0.788299561
7.549776583	1268362466	150.000000000	150.788299561	0.788299561
7.549776619	1268362472	150.000000000	150.409912109	0.788299561
7.549825310	1268370652	150.000000000	150.409912109	0.409912109
7.599776583	1276762466	150.000000000	150.409912109	0.409912109
7.599776619	1276762472	150.000000000	150.213165283	0.409912109
7.599825310	1276770652	150.000000000	150.213165283	0.213165283
7.649776369	1285162430	150.000000000	150.213165283	0.213165283
7.649776405	1285162436	150.000000000	150.110839844	0.213165283
7.649825310	1285170652	150.000000000	150.110839844	0.110839844
7.699776571	1293562464	150.000000000	150.110839844	0.110839844
7.699776607	1293562470	150.000000000	150.784912109	0.110839844
7.699825310	1293570652	150.000000000	150.784912109	0.784912109
7.749776554	1301962461	150.000000000	150.784912109	0.784912109
7.749776589	1301962467	150.000000000	150.408157349	0.784912109
7.749825310	1301970652	150.000000000	150.408157349	0.408157349
7.799776554	1310362461	150.000000000	150.408157349	0.408157349
7.799776589	1310362467	150.000000000	150.212249756	0.408157349
7.799825310	1310370652	150.000000000	150.212249756	0.212249756
7.849776363	1318762429	150.000000000	150.212249756	0.212249756
7.849776399	1318762435	150.000000000	150.110382080	0.212249756
7.849825310	1318770652	150.000000000	150.110382080	0.110382080
7.899776369	1327162430	150.000000000	150.110382080	0.110382080
7.899776405	1327162436	150.000000000	150.057403564	0.110382080
7.899825310	1327170652	150.000000000	150.057403564	0.057403564
7.949776393	1335562434	150.000000000	150.057403564	0.057403564
7.949776429	1335562440	150.000000000	150.029846191	0.057403564
7.949825310	1335570652	150.000000000	150.029846191	0.029846191
7.999776423	1343962439	150.000000000	150.029846191	0.029846191
7.999776458	1343962445	150.000000000	150.015533447	0.029846191
7.999825310	1343970652	150.000000000	150.015533447	0.015533447
8.049776571	1352362464	150.000000000	150.015533447	0.015533447
8.049776607	1352362470	150.000000000	150.735351563	0.015533447
8.049825310	1352370652	150.000000000	150.735351563	0.735351563
8.099776351	1360762427	150.000000000	150.735351563	0.735351563
8.099776387	1360762433	150.000000000	149.655105591	0.735351563
8.099825310	1360770652	150.000000000	149.655105591	-0.344894409
8.149776399	1369162435	150.000000000	149.655105591	-0.344894409
8.149776435	1369162441	150.000000000	149.820663452	-0.344894409
8.149825310	1369170652	150.000000000	149.820663452	-0.179336548
8.199776560	1377562462	150.000000000	149.820663452	-0.179336548
8.199776595	1377562468	150.000000000	150.634017944	-0.179336548
8.199825310	1377570652	150.000000000	150.634017944	0.634017944
8.249776333	1385962424	150.000000000	150.634017944	0.634017944
8.249776369	1385962430	150.000000000	149.602416992	0.634017944
8.249825310	1385970652	150.000000000	149.602416992	-0.397583008
8.299776423	1394362439	150.000000000	149.602416992	-0.397583008
8.299776458	1394362445	150.000000000	149.793258667	-0.397583008
8.299825310	1394370652	150.000000000	149.793258667	-0.206741333
8.349776583	1402762466	150.000000000	149.793258667	-0.206741333
8.349776619	1402762472	150.000000000	150.619766235	-0.206741333
8.349825310	1402770652	150.000000000	150.619766235	0.619766235
8.399776577	1411162465	150.000000000	150.619766235	0.619766235
8.399776613	1411162471	150.000000000	150.322280884	0.619766235
8.399825310	1411170652	150.000000000	150.322280884	0.322280884
8.449776595	1419562468	150.000000000	150.322280884	0.322280884
8.449776631	1419562474	150.000000000	149.440307617	0.322280884
8.449825310	1419570652	150.000000000	149.440307617	-0.559692383
8.499776583	1427962466	150.000000000	149.440307617	-0.559692383
8.499776619	1427962472	150.000000000	149.708953857	-0.559692383
8.499825310	1427970652	150.000000000	149.708953857	-0.291046143
8.549776577	1436362465	150.000000000	149.708953857	-0.291046143
8.549776613	1436362471	150.000000000	150.575927734	-0.291046143
8.549825310	1436370652	150.000000000	150.575927734	0.575927734
8.599776589	1444762467	150.000000000	150.575927734	0.575927734
8.599776625	1444762473	150.000000000	150.299484253	0.575927734
8.599825310	1444770652	150.000000000	150.299484253	0.299484253
8.649815310	1453168972	150.000000000	150.299484253	0.155731201
8.699776554	1461562461	150.000000000	150.299484253	0.155731201
8.699776589	1461562467	150.000000000	150.808258057	0.155731201
8.699825310	1461570652	150.000000000	150.808258057	0.808258057
8.749776512	1469962454	150.000000000	150.808258057	0.808258057
8.749776548	1469962460	150.000000000	150.420288086	0.808258057
8.749825310	1469970652	150.000000000	150.420288086	0.420288086
8.799776345	1478362426	150.000000000	150.420288086	0.420288086
8.799776381	1478362432	150.000000000	149.491271973	0.420288086
8.799825310	1478370652	150.000000000	149.491271973	-0.508728027
8.849776411	1486762437	150.000000000	149.491271973	-0.508728027
8.849776446	1486762443	150.000000000	149.735473633	-0.508728027
8.849825310	1486770652	150.000000000	149.735473633	-0.264526367
8.899776589	1495162467	150.000000000	149.735473633	-0.264526367
8.899776625	1495162473	150.000000000	149.862457275	-0.264526367
8.899825310	1495170652	150.000000000	149.862457275	-0.137542725
8.949776345	1503562426	150.000000000	149.862457275	-0.137542725
8.949776381	1503562432	150.000000000	149.928482056	-0.137542725
8.949825310	1503570652	150.000000000	149.928482056	-0.071517944
8.999776548	1511962460	150.000000000	149.928482056	-0.071517944
8.999776583	1511962466	150.000000000	150.690078735	-0.071517944
8.999825310	1511970652	150.000000000	150.690078735	0.690078735
9.049776339	1520362425	150.000000000	150.690078735	0.690078735
9.049776375	1520362431	150.000000000	150.358856201	0.690078735
9.049825310	1520370652	150.000000000	150.358856201	0.358856201
9.099776583	1528762466	150.000000000	150.358856201	0.358856201
9.099776619	1528762472	150.000000000	150.186614990	0.358856201
9.099825310	1528770652	150.000000000	150.186614990	0.186614990
9.149776565	1537162463	150.000000000	150.186614990	0.186614990
9.149776601	1537162469	150.000000000	150.097045898	0.186614990
9.149825310	1537170652	150.000000000	150.097045898	0.097045898
9.199776554	1545562461	150.000000000	150.097045898	0.097045898
9.199776589	1545562467	150.000000000	150.050476074	0.097045898
9.199825310	1545570652	150.000000000	150.050476074	0.050476074
9.249776554	1553962461	150.000000000	150.050476074	0.050476074
9.249776589	1553962467	150.000000000	150.026245117	0.050476074
9.249825310	1553970652	150.000000000	150.026245117	0.026245117
9.299776536	1562362458	150.000000000	150.026245117	0.026245117
9.299776571	1562362464	150.000000000	150.013641357	0.026245117
9.299825310	1562370652	150.000000000	150.013641357	0.013641357
9.349776554	1570762461	150.000000000	150.013641357	0.013641357
9.349776589	1570762467	150.000000000	150.007095337	0.013641357
9.349825310	1570770652	150.000000000	150.007095337	0.007095337
9.399776363	1579162429	150.000000000	150.007095337	0.007095337
9.399776399	1579162435	150.000000000	150.003692627	0.007095337
9.399825310	1579170652	150.000000000	150.003692627	0.003692627
9.449776571	1587562464	150.000000000	150.003692627	0.003692627
9.449776607	1587562470	150.000000000	150.729187012	0.003692627
9.449825310	1587570652	150.000000000	150.729187012	0.729187012
9.499776536	1595962458	150.000000000	150.729187012	0.729187012
9.499776571	1595962464	150.000000000	150.379180908	0.729187012
9.499825310	1595970652	150.000000000	150.379180908	0.379180908
9.549776560	1604362462	150.000000000	150.379180908	0.379180908
9.549776595	1604362468	150.000000000	150.197174072	0.379180908
9.549825310	1604370652	150.000000000	150.197174072	0.197174072
9.599776351	1612762427	150.000000000	150.197174072	0.197174072
9.599776387	1612762433	150.000000000	150.102539063	0.197174072
9.599825310	1612770652	150.000000000	150.102539063	0.102539063
9.649776381	1621162432	150.000000000	150.102539063	0.102539063
9.649776417	1621162438	150.000000000	149.326049805	0.102539063
9.649825310	1621170652	150.000000000	149.326049805	-0.673950195
9.699776393	1629562434	150.000000000	149.326049805	-0.673950195
9.699776429	1629562440	150.000000000	149.649551392	-0.673950195
9.699825310	1629570652	150.000000000	149.649551392	-0.350448608
9.749776577	1637962465	150.000000000	149.649551392	-0.350448608
9.749776613	1637962471	150.000000000	150.545043945	-0.350448608
9.749825310	1637970652	150.000000000	150.545043945	0.545043945
9.799776583	1646362466	150.000000000	150.545043945	0.545043945
9.799776619	1646362472	150.000000000	150.283416748	0.545043945
9.799825310	1646370652	150.000000000	150.283416748	0.283416748
9.849776548	1654762460	150.000000000	150.283416748	0.283416748
9.849776583	1654762466	150.000000000	150.147384644	0.283416748
9.849825310	1654770652	150.000000000	150.147384644	0.147384644
9.899776369	1663162430	150.000000000	150.147384644	0.147384644
9.899776405	1663162436	150.000000000	149.349365234	0.147384644
9.899825310	1663170652	150.000000000	149.349365234	-0.650634766
9.949776393	1671562434	150.000000000	149.349365234	-0.650634766
9.949776429	1671562440	150.000000000	150.388946533	-0.650634766
9.949825310	1671570652	150.000000000	150.388946533	0.388946533
9.999776399	1679962435	150.000000000	150.388946533	0.388946533
9.999776435	1679962441	150.000000000	150.202255249	0.388946533
9.999825310	1679970652	150.000000000	150.202255249	0.202255249
10.049776613	1688362471	150.000000000	150.202255249	0.202255249
10.049776649	1688362477	150.000000000	150.832443237	0.202255249
10.049825310	1688370652	150.000000000	150.832443237	0.832443237
10.099776548	1696762460	150.000000000	150.832443237	0.832443237
10.099776583	1696762466	150.000000000	150.432876587	0.832443237
10.099825310	1696770652	150.000000000	150.432876587	0.432876587
10.149776351	1705162427	150.000000000	150.432876587	0.432876587
10.149776387	1705162433	150.000000000	150.225097656	0.432876587
10.149825310	1705170652	150.000000000	150.225097656	0.225097656
10.199776560	1713562462	150.000000000	150.225097656	0.225097656
10.199776595	1713562468	150.000000000	150.117065430	0.225097656
10.199825310	1713570652	150.000000000	150.117065430	0.117065430
10.249776381	1721962432	150.000000000	150.117065430	0.117065430
10.249776417	1721962438	150.000000000	149.333602905	0.117065430
10.249825310	1721970652	150.000000000	149.333602905	-0.666397095
10.299776411	1730362437	150.000000000	149.333602905	-0.666397095
10.299776446	1730362443	150.000000000	149.653472900	-0.666397095
10.299825310	1730370652	150.000000000	149.653472900	-0.346527100
10.349776577	1738762465	150.000000000	149.653472900	-0.346527100
10.349776613	1738762471	150.000000000	149.819808960	-0.346527100
10.349825310	1738770652	150.000000000	149.819808960	-0.180191040
10.399776500	1747162452	150.000000000	149.819808960	-0.180191040
10.399776536	1747162458	150.000000000	149.906311035	-0.180191040
10.399825310	1747170652	150.000000000	149.906311035	-0.093688965
10.449776298	1755562418	150.000000000	149.906311035	-0.093688965
10.449776333	1755562424	150.000000000	149.223999023	-0.093688965
10.449825310	1755570652	150.000000000	149.223999023	-0.776000977
10.499776554	1763962461	150.000000000	149.223999023	-0.776000977
10.499776589	1763962467	150.000000000	149.596481323	-0.776000977
10.499825310	1763970652	150.000000000	149.596481323	-0.403518677
10.549776595	1772362468	150.000000000	149.596481323	-0.403518677
10.549776631	1772362474	150.000000000	149.790176392	-0.403518677
10.549825310	1772370652	150.000000000	149.790176392	-0.209823608
10.599776625	1780762473	150.000000000	149.790176392	-0.209823608
10.599776661	1780762479	150.000000000	150.618164063	-0.209823608
10.599825310	1780770652	150.000000000	150.618164063	0.618164063
10.649776405	1789162436	150.000000000	150.618164063	0.618164063
10.649776440	1789162442	150.000000000	150.321441650	0.618164063
10.649825310	1789170652	150.000000000	150.321441650	0.321441650
10.699776554	1797562461	150.000000000	150.321441650	0.321441650
10.699776589	1797562467	150.000000000	151.621704102	0.321441650
10.699825310	1797570652	150.000000000	151.621704102	1.621704102
10.749776333	1805962424	150.000000000	151.621704102	1.621704102
10.749776369	1805962430	150.000000000	150.116012573	1.621704102
10.749825310	1805970652	150.000000000	150.116012573	0.116012573
10.799776393	1814362434	150.000000000	150.116012573	0.116012573
10.799776429	1814362440	150.000000000	150.060333252	0.116012573
10.799825310	1814370652	150.000000000	150.060333252	0.060333252
10.849776387	1822762433	150.000000000	150.060333252	0.060333252
10.849776423	1822762439	150.000000000	150.031372070	0.060333252
10.849825310	1822770652	150.000000000	150.031372070	0.031372070
10.899776577	1831162465	150.000000000	150.031372070	0.031372070
10.899776613	1831162471	150.000000000	150.743591309	0.031372070
10.899825310	1831170652	150.000000000	150.743591309	0.743591309
10.949776357	1839562428	150.000000000	150.743591309	0.743591309
10.949776393	1839562434	150.000000000	149.659393311	0.743591309
10.949825310	1839570652	150.000000000	149.659393311	-0.340606689
10.999776423	1847962439	150.000000000	149.659393311	-0.340606689
10.999776458	1847962445	150.000000000	149.822891235	-0.340606689
10.999825310	1847970652	150.000000000	149.822891235	-0.177108765
11.049776393	1856362434	150.000000000	149.822891235	-0.177108765
11.049776429	1856362440	150.000000000	149.907897949	-0.177108765
11.049825310	1856370652	150.000000000	149.907897949	-0.092102051
11.099776369	1864762430	90.000000000	149.907897949	-0.092102051
11.099776405	1864762436	90.000000000	150.679382324	-0.092102051
11.099825310	1864770652	90.000000000	150.679382324	60.679382324
11.149776780	1873162499	90.000000000	150.679382324	60.679382324
11.149776815	1873162505	90.000000000	145.262359619	60.679382324
11.149825310	1873170652	90.000000000	145.262359619	55.262359619
11.199776500	1881562452	90.000000000	145.262359619	55.262359619
11.199776536	1881562458	90.000000000	133.718231201	55.262359619
11.199825310	1881570652	90.000000000	133.718231201	43.718231201
11.249776435	1889962441	90.000000000	133.718231201	43.718231201
11.249776470	1889962447	90.000000000	121.897117615	43.718231201
11.249825310	1889970652	90.000000000	121.897117615	31.897117615
11.299776429	1898362440	90.000000000	121.897117615	31.897117615
11.299776464	1898362446	90.000000000	110.659225464	31.897117615
11.299825310	1898370652	90.000000000	110.659225464	20.659225464
11.349776429	1906762440	90.000000000	110.659225464	20.659225464
11.349776464	1906762446	90.000000000	101.179153442	20.659225464
11.349825310	1906770652	90.000000000	101.179153442	11.179153442
11.399776310	1915162420	90.000000000	101.179153442	11.179153442
11.399776345	1915162426	90.000000000	94.794975281	11.179153442
11.399825310	1915170652	90.000000000	94.794975281	4.794975281
11.449776351	1923562427	90.000000000	94.794975281	4.794975281
11.449776387	1923562433	90.000000000	90.747932434	4.794975281
11.449825310	1923570652	90.000000000	90.747932434	0.747932434
11.499776333	1931962424	90.000000000	90.747932434	0.747932434
11.499776369	1931962430	90.000000000	87.916198730	0.747932434
11.499825310	1931970652	90.000000000	87.916198730	-2.083801270
11.549776351	1940362427	90.000000000	87.916198730	-2.083801270
11.549776387	1940362433	90.000000000	87.898239136	-2.083801270
11.549825310	1940370652	90.000000000	87.898239136	-2.101760864
11.599776375	1948762431	90.000000000	87.898239136	-2.101760864
11.599776411	1948762437	90.000000000	88.616172791	-2.101760864
11.599825310	1948770652	90.000000000	88.616172791	-1.383827209
11.649776339	1957162425	90.000000000	88.616172791	-1.383827209
11.649776375	1957162431	90.000000000	89.716766357	-1.383827209
11.649825310	1957170652	90.000000000	89.716766357	-0.283233643
11.699776381	1965562432	90.000000000	89.716766357	-0.283233643
11.699776417	1965562438	90.000000000	89.561813354	-0.283233643
11.699825310	1965570652	90.000000000	89.561813354	-0.438186646
11.749776339	1973962425	90.000000000	89.561813354	-0.438186646
11.749776375	1973962431	90.000000000	90.208496094	-0.438186646
11.749825310	1973970652	90.000000000	90.208496094	0.208496094
11.799776250	1982362410	90.000000000	90.208496094	0.208496094
11.799776286	1982362416	90.000000000	90.544776917	0.208496094
11.799825310	1982370652	90.000000000	90.544776917	0.544776917
11.849776256	1990762411	90.000000000	90.544776917	0.544776917
11.849776292	1990762417	90.000000000	90.719642639	0.544776917
11.849825310	1990770652	90.000000000	90.719642639	0.719642639
11.899776286	1999162416	90.000000000	90.719642639	0.719642639
11.899776321	1999162422	90.000000000	90.810577393	0.719642639
11.899825310	1999170652	90.000000000	90.810577393	0.810577393
11.949824810	2007570568	90.000000000	90.810577393	0.810577393
11.949824810	2007570568	90.000000000	90.810577393	0.130592346
11.999776399	2015962435	90.000000000	90.810577393	0.130592346
11.999776435	2015962441	90.000000000	89.049720764	0.130592346
11.999825310	2015970652	90.000000000	89.049720764	-0.950279236
12.049776333	2024362424	90.000000000	89.049720764	-0.950279236
12.049776369	2024362430	90.000000000	89.942214966	-0.950279236
12.049825310	2024370652	90.000000000	89.942214966	-0.057785034
12.099776333	2032762424	90.000000000	89.942214966	-0.057785034
12.099776369	2032762430	90.000000000	90.406311035	-0.057785034
12.099825310	2032770652	90.000000000	90.406311035	0.406311035
12.149776405	2041162436	90.000000000	90.406311035	0.406311035
12.149776440	2041162442	90.000000000	89.920372009	0.406311035
12.149825310	2041170652	90.000000000	89.920372009	-0.079627991
12.199776256	2049562411	90.000000000	89.920372009	-0.079627991
12.199776292	2049562417	90.000000000	90.394950867	-0.079627991
12.199825310	2049570652	90.000000000	90.394950867	0.394950867
12.249776375	2057962431	90.000000000	90.394950867	0.394950867
12.249776411	2057962437	90.000000000	89.187187195	0.394950867
12.249825310	2057970652	90.000000000	89.187187195	-0.812812805
12.299776345	2066362426	90.000000000	89.187187195	-0.812812805
12.299776381	2066362432	90.000000000	90.013694763	-0.812812805
12.299825310	2066370652	90.000000000	90.013694763	0.013694763
12.349776333	2074762424	90.000000000	90.013694763	0.013694763
12.349776369	2074762430	90.000000000	89.716217041	0.013694763
12.349825310	2074770652	90.000000000	89.716217041	-0.283782959
12.399776363	2083162429	90.000000000	89.716217041	-0.283782959
12.399776399	2083162435	90.000000000	89.561523438	-0.283782959
12.399825310	2083170652	90.000000000	89.561523438	-0.438476563
12.449776333	2091562424	90.000000000	89.561523438	-0.438476563
12.449776369	2091562430	90.000000000	90.208351135	-0.438476563
12.449825310	2091570652	90.000000000	90.208351135	0.208351135
12.499776363	2099962429	90.000000000	90.208351135	0.208351135
12.499776399	2099962435	90.000000000	89.817428589	0.208351135
12.499825310	2099970652	90.000000000	89.817428589	-0.182571411
12.549776417	2108362438	90.000000000	89.817428589	-0.182571411
12.549776452	2108362444	90.000000000	89.614151001	-0.182571411
12.549825310	2108370652	90.000000000	89.614151001	-0.385848999
12.599776470	2116762447	90.000000000	89.614151001	-0.385848999
12.599776506	2116762453	90.000000000	89.508453369	-0.385848999
12.599825310	2116770652	90.000000000	89.508453369	-0.491546631
12.649776286	2125162416	90.000000000	89.508453369	-0.491546631
12.649776321	2125162422	90.000000000	90.180755615	-0.491546631
12.649825310	2125170652	90.000000000	90.180755615	0.180755615
12.699776256	2133562411	90.000000000	90.180755615	0.180755615
12.699776292	2133562417	90.000000000	90.530349731	0.180755615
12.699825310	2133570652	90.000000000	90.530349731	0.530349731
12.749776387	2141962433	90.000000000	90.530349731	0.530349731
12.749776423	2141962439	90.000000000	89.984870911	0.530349731
12.749825310	2141970652	90.000000000	89.984870911	-0.015129089
12.799776357	2150362428	90.000000000	89.984870911	-0.015129089
12.799776393	2150362434	90.000000000	90.428489685	-0.015129089
12.799825310	2150370652	90.000000000	90.428489685	0.428489685
12.849776369	2158762430	90.000000000	90.428489685	0.428489685
12.849776405	2158762436	90.000000000	89.931900024	0.428489685
12.849825310	2158770652	90.000000000	89.931900024	-0.068099976
12.899776339	2167162425	90.000000000	89.931900024	-0.068099976
12.899776369	2167162430	90.000000000	89.673675537	-0.068099976
12.899825310	2167170652	90.000000000	89.673675537	-0.326324463
12.949776304	2175562419	90.000000000	89.673675537	-0.326324463
12.949776339	2175562425	90.000000000	90.266670227	-0.326324463
12.949825310	2175570652	90.000000000	90.266670227	0.266670227
12.999776363	2183962429	90.000000000	90.266670227	0.266670227
12.999776399	2183962435	90.000000000	90.575027466	0.266670227
12.999825310	2183970652	90.000000000	90.575027466	0.575027466
13.049776387	2192362433	90.000000000	90.575027466	0.575027466
13.049776423	2192362439	90.000000000	90.008102417	0.575027466
13.049825310	2192370652	90.000000000	90.008102417	0.008102417
13.099776256	2200762411	90.000000000	90.008102417	0.008102417
13.099776292	2200762417	90.000000000	90.440567017	0.008102417
13.099825310	2200770652	90.000000000	90.440567017	0.440567017
13.149776333	2209162424	90.000000000	90.440567017	0.440567017
13.149776369	2209162430	90.000000000	89.938186646	0.440567017
13.149825310	2209170652	90.000000000	89.938186646	-0.061813354
13.199776345	2217562426	90.000000000	89.938186646	-0.061813354
13.199776381	2217562432	90.000000000	90.404220581	-0.061813354
13.199825310	2217570652	90.000000000	90.404220581	0.404220581
13.249776321	2225962422	90.000000000	90.404220581	0.404220581
13.249776357	2225962428	90.000000000	89.919281006	0.404220581
13.249825310	2225970652	90.000000000	89.919281006	-0.080718994
13.299776351	2234362427	90.000000000	89.919281006	-0.080718994
13.299776387	2234362433	90.000000000	90.394386292	-0.080718994
13.299825310	2234370652	90.000000000	90.394386292	0.394386292
13.349776333	2242762424	90.000000000	90.394386292	0.394386292
13.349776369	2242762430	90.000000000	89.914169312	0.394386292
13.349825310	2242770652	90.000000000	89.914169312	-0.085830688
13.399776351	2251162427	90.000000000	89.914169312	-0.085830688
13.399776387	2251162433	90.000000000	89.664459229	-0.085830688
13.399825310	2251170652	90.000000000	89.664459229	-0.335540771
13.449776381	2259562432	90.000000000	89.664459229	-0.335540771
13.449776417	2259562438	90.000000000	88.807334900	-0.335540771
13.449825310	2259570652	90.000000000	88.807334900	-1.192665100
13.499776339	2267962425	90.000000000	88.807334900	-1.192665100
13.499776375	2267962431	90.000000000	89.816177368	-1.192665100
13.499825310	2267970652	90.000000000	89.816177368	-0.183822632
13.549776298	2276362418	90.000000000	89.816177368	-0.183822632
13.549776333	2276362424	90.000000000	90.340774536	-0.183822632
13.549825310	2276370652	90.000000000	90.340774536	0.340774536
13.599776280	2284762415	90.000000000	90.340774536	0.340774536
13.599776315	2284762421	90.000000000	90.613555908	0.340774536
13.599825310	2284770652	90.000000000	90.613555908	0.613555908
13.649776411	2293162437	90.000000000	90.613555908	0.613555908
13.649776446	2293162443	90.000000000	90.028137207	0.613555908
13.649825310	2293170652	90.000000000	90.028137207	0.028137207
13.699776345	2301562426	90.000000000	90.028137207	0.028137207
13.699776381	2301562432	90.000000000	90.450988770	0.028137207
13.699825310	2301570652	90.000000000	90.450988770	0.450988770
13.749776339	2309962425	90.000000000	90.450988770	0.450988770
13.749776375	2309962431	90.000000000	89.943603516	0.450988770
13.749825310	2309970652	90.000000000	89.943603516	-0.056396484
13.799776369	2318362430	90.000000000	89.943603516	-0.056396484
13.799776405	2318362436	90.000000000	89.679763794	-0.056396484
13.799825310	2318370652	90.000000000	89.679763794	-0.320236206
13.849776327	2326762423	90.000000000	89.679763794	-0.320236206
13.849776363	2326762429	90.000000000	90.269836426	-0.320236206
13.849825310	2326770652	90.000000000	90.269836426	0.269836426
13.899776357	2335162428	90.000000000	90.269836426	0.269836426
13.899776393	2335162434	90.000000000	90.576675415	0.269836426
13.899825310	2335170652	90.000000000	90.576675415	0.576675415
13.949776310	2343562420	90.000000000	90.576675415	0.576675415
13.949776345	2343562426	90.000000000	90.736228943	0.576675415
13.949825310	2343570652	90.000000000	90.736228943	0.736228943
13.999776333	2351962424	90.000000000	90.736228943	0.736228943
13.999776369	2351962430	90.000000000	90.819198608	0.736228943
13.999825310	2351970652	90.000000000	90.819198608	0.819198608
14.049776387	2360362433	90.000000000	90.819198608	0.819198608
14.049776423	2360362439	90.000000000	90.135070801	0.819198608
14.049825310	2360370652	90.000000000	90.135070801	0.135070801
14.099776333	2368762424	90.000000000	90.135070801	0.135070801
14.099814310	2368768804	90.000000000	90.135070801	0.506591797
14.149776339	2377162425	90.000000000	90.135070801	0.506591797
14.149776375	2377162431	90.000000000	89.972518921	0.506591797
14.149825310	2377170652	90.000000000	89.972518921	-0.027481079
14.199776411	2385562437	90.000000000	89.972518921	-0.027481079
14.199776446	2385562443	90.000000000	89.694801331	-0.027481079
14.199825310	2385570652	90.000000000	89.694801331	-0.305198669
14.249776298	2393962418	90.000000000	89.694801331	-0.305198669
14.249776333	2393962424	90.000000000	90.277656555	-0.305198669
14.249825310	2393970652	90.000000000	90.277656555	0.277656555
14.299776369	2402362430	90.000000000	90.277656555	0.277656555
14.299776405	2402362436	90.000000000	89.853469849	0.277656555
14.299825310	2402370652	90.000000000	89.853469849	-0.146530151
14.349776310	2410762420	90.000000000	89.853469849	-0.146530151
14.349776345	2410762426	90.000000000	90.360168457	-0.146530151
14.349825310	2410770652	90.000000000	90.360168457	0.360168457
14.399776333	2419162424	90.000000000	90.360168457	0.360168457
14.399776369	2419162430	90.000000000	89.896377563	0.360168457
14.399825310	2419170652	90.000000000	89.896377563	-0.103622437
14.449776405	2427562436	90.000000000	89.896377563	-0.103622437
14.449776440	2427562442	90.000000000	89.655204773	-0.103622437
14.449825310	2427570652	90.000000000	89.655204773	-0.344795227
14.499776333	2435962424	90.000000000	89.655204773	-0.344795227
14.499776369	2435962430	90.000000000	90.257064819	-0.344795227
14.499825310	2435970652	90.000000000	90.257064819	0.257064819
14.549776405	2444362436	90.000000000	90.257064819	0.257064819
14.549776440	2444362442	90.000000000	89.842765808	0.257064819
14.549825310	2444370652	90.000000000	89.842765808	-0.157234192
14.599776304	2452762419	90.000000000	89.842765808	-0.157234192
14.599776339	2452762425	90.000000000	90.354598999	-0.157234192
14.599825310	2452770652	90.000000000	90.354598999	0.354598999
14.649776321	2461162422	90.000000000	90.354598999	0.354598999
14.649776357	2461162428	90.000000000	90.620750427	0.354598999
14.649825310	2461170652	90.000000000	90.620750427	0.620750427
14.699815310	2469568972	90.000000000	90.620750427	0.759147644
14.749776333	2477962424	90.000000000	90.620750427	0.759147644
14.749776369	2477962430	90.000000000	90.103851318	0.759147644
14.749825310	2477970652	90.000000000	90.103851318	0.103851318
14.799776298	2486362418	90.000000000	90.103851318	0.103851318
14.799776333	2486362424	90.000000000	90.490356445	0.103851318
14.799825310	2486370652	90.000000000	90.490356445	0.490356445
14.849776315	2494762421	90.000000000	90.490356445	0.490356445
14.849776351	2494762427	90.000000000	89.964080811	0.490356445
14.849825310	2494770652	90.000000000	89.964080811	-0.035919189
14.899776381	2503162432	90.000000000	89.964080811	-0.035919189
14.899776417	2503162438	90.000000000	89.690414429	-0.035919189
14.899825310	2503170652	90.000000000	89.690414429	-0.309585571
14.949776274	2511562414	90.000000000	89.690414429	-0.309585571
14.949776310	2511562420	90.000000000	89.548110962	-0.309585571
14.949825310	2511570652	90.000000000	89.548110962	-0.451889038
14.999776339	2519962425	90.000000000	89.548110962	-0.451889038
14.999776375	2519962431	90.000000000	89.474105835	-0.451889038
14.999825310	2519970652	90.000000000	89.474105835	-0.525894165
15.049776375	2528362431	90.000000000	89.474105835	-0.525894165
15.049776411	2528362437	90.000000000	89.435623169	-0.525894165
15.049825310	2528370652	90.000000000	89.435623169	-0.564376831
15.099776399	2536762435	90.000000000	89.435623169	-0.564376831
15.099776435	2536762441	90.000000000	88.688339233	-0.564376831
15.099825310	2536770652	90.000000000	88.688339233	-1.311660767
15.149776363	2545162429	90.000000000	88.688339233	-1.311660767
15.149776393	2545162434	90.000000000	89.754295349	-1.311660767
15.149825310	2545170652	90.000000000	89.754295349	-0.245704651
15.199776321	2553562422	90.000000000	89.754295349	-0.245704651
15.199776357	2553562428	90.000000000	90.308593750	-0.245704651
15.199825310	2553570652	90.000000000	90.308593750	0.308593750
15.249776363	2561962429	90.000000000	90.308593750	0.308593750
15.249776399	2561962435	90.000000000	90.596832275	0.308593750
15.249825310	2561970652	90.000000000	90.596832275	0.596832275
15.299776393	2570362434	90.000000000	90.596832275	0.596832275
15.299776429	2570362440	90.000000000	90.019439697	0.596832275
15.299825310	2570370652	90.000000000	90.019439697	0.019439697
15.349776387	2578762433	90.000000000	90.019439697	0.019439697
15.349776423	2578762439	90.000000000	89.719200134	0.019439697
15.349825310	2578770652	90.000000000	89.719200134	-0.280799866
15.399776429	2587162440	90.000000000	89.719200134	-0.280799866
15.399776464	2587162446	90.000000000	89.563079834	-0.280799866
15.399825310	2587170652	90.000000000	89.563079834	-0.436920166
15.449776345	2595562426	90.000000000	89.563079834	-0.436920166
15.449776381	2595562432	90.000000000	90.209159851	-0.436920166
15.449825310	2595570652	90.000000000	90.209159851	0.209159851
15.499776292	2603962417	90.000000000	90.209159851	0.209159851
15.499776327	2603962423	90.000000000	90.545120239	0.209159851
15.499825310	2603970652	90.000000000	90.545120239	0.545120239
15.549776351	2612362427	90.000000000	90.545120239	0.545120239
15.549776387	2612362433	90.000000000	90.719818115	0.545120239
15.549825310	2612370652	90.000000000	90.719818115	0.719818115
15.599776339	2620762425	90.000000000	90.719818115	0.719818115
15.599776375	2620762431	90.000000000	90.083396912	0.719818115
15.599825310	2620770652	90.000000000	90.083396912	0.083396912
15.649776399	2629162435	90.000000000	90.083396912	0.083396912
15.649776435	2629162441	90.000000000	89.025177002	0.083396912
15.649825310	2629170652	90.000000000	89.025177002	-0.974822998
15.699776363	2637562429	90.000000000	89.025177002	-0.974822998
15.699776399	2637562435	90.000000000	89.202178955	-0.974822998
15.699825310	2637570652	90.000000000	89.202178955	-0.797821045
15.749776446	2645962443	90.000000000	89.202178955	-0.797821045
15.749776482	2645962449	90.000000000	89.294219971	-0.797821045
15.749825310	2645970652	90.000000000	89.294219971	-0.705780029
15.799776339	2654362425	90.000000000	89.294219971	-0.705780029
15.799776375	2654362431	90.000000000	90.069351196	-0.705780029
15.799825310	2654370652	90.000000000	90.069351196	0.069351196
15.849776250	2662762410	90.000000000	90.069351196	0.069351196
15.849776286	2662762416	90.000000000	90.472419739	0.069351196
15.849825310	2662770652	90.000000000	90.472419739	0.472419739
15.899776268	2671162413	90.000000000	90.472419739	0.472419739
15.899776304	2671162419	90.000000000	90.682022095	0.472419739
15.899825310	2671170652	90.000000000	90.682022095	0.682022095
15.949776363	2679562429	90.000000000	90.682022095	0.682022095
15.949776399	2679562435	90.000000000	90.063743591	0.682022095
15.949825310	2679570652	90.000000000	90.063743591	0.063743591
15.999776345	2687962426	90.000000000	90.063743591	0.063743591
15.999776381	2687962432	90.000000000	90.469505310	0.063743591
15.999825310	2687970652	90.000000000	90.469505310	0.469505310
16.049776363	2696362429	90.000000000	90.469505310	0.469505310
16.049776399	2696362435	90.000000000	89.953231812	0.469505310
16.049825310	2696370652	90.000000000	89.953231812	-0.046768188
16.099776399	2704762435	90.000000000	89.953231812	-0.046768188
16.099776435	2704762441	90.000000000	89.684768677	-0.046768188
16.099825310	2704770652	90.000000000	89.684768677	-0.315231323
16.149776435	2713162441	30.000000000	89.684768677	-0.315231323
16.149776470	2713162447	30.000000000	89.545166016	-0.315231323
16.149825310	2713170652	30.000000000	89.545166016	59.545166016
16.199776774	2721562498	30.000000000	89.545166016	59.545166016
16.199776810	2721562504	30.000000000	83.654388428	59.545166016
16.199825310	2721570652	30.000000000	83.654388428	53.654388428
16.249776679	2729962482	30.000000000	83.654388428	53.654388428
16.249776714	2729962488	30.000000000	72.591186523	53.654388428
16.249825310	2729970652	30.000000000	72.591186523	42.591186523
16.299776482	2738362449	30.000000000	72.591186523	42.591186523
16.299776518	2738362455	30.000000000	58.111053467	42.591186523
16.299825310	2738370652	30.000000000	58.111053467	28.111053467
16.349776417	2746762438	30.000000000	58.111053467	28.111053467
16.349776452	2746762444	30.000000000	47.672290802	28.111053467
16.349825310	2746770652	30.000000000	47.672290802	17.672290802
16.399776399	2755162435	30.000000000	47.672290802	17.672290802
16.399776435	2755162441	30.000000000	39.335044861	17.672290802
16.399825310	2755170652	30.000000000	39.335044861	9.335044861
16.449776351	2763562427	30.000000000	39.335044861	9.335044861
16.449776387	2763562433	30.000000000	34.272403717	9.335044861
16.449825310	2763570652	30.000000000	34.272403717	4.272403717
16.499776274	2771962414	30.000000000	34.272403717	4.272403717
16.499776310	2771962420	30.000000000	31.639831543	4.272403717
16.499825310	2771970652	30.000000000	31.639831543	1.639831543
16.549776327	2780362423	30.000000000	31.639831543	1.639831543
16.549776363	2780362429	30.000000000	30.270893097	1.639831543
16.549825310	2780370652	30.000000000	30.270893097	0.270893097
16.599776345	2788762426	30.000000000	30.270893097	0.270893097
16.599776381	2788762432	30.000000000	30.286317825	0.270893097
16.599825310	2788770652	30.000000000	30.286317825	0.286317825
16.649776357	2797162428	30.000000000	30.286317825	0.286317825
16.649776393	2797162434	30.000000000	30.294338226	0.286317825
16.649825310	2797170652	30.000000000	30.294338226	0.294338226
16.699776327	2805562423	30.000000000	30.294338226	0.294338226
16.699776363	2805562429	30.000000000	29.571237564	0.294338226
16.699825310	2805570652	30.000000000	29.571237564	-0.428762436
16.749776321	2813962422	30.000000000	29.571237564	-0.428762436
16.749776357	2813962428	30.000000000	29.922496796	-0.428762436
16.749825310	2813970652	30.000000000	29.922496796	-0.077503204
16.799776298	2822362418	30.000000000	29.922496796	-0.077503204
16.799776333	2822362424	30.000000000	30.105152130	-0.077503204
16.799825310	2822370652	30.000000000	30.105152130	0.105152130
16.849776351	2830762427	30.000000000	30.105152130	0.105152130
16.849776387	2830762433	30.000000000	29.472860336	0.105152130
16.849825310	2830770652	30.000000000	29.472860336	-0.527139664
16.899776363	2839162429	30.000000000	29.472860336	-0.527139664
16.899776399	2839162435	30.000000000	30.598613739	-0.527139664
16.899825310	2839170652	30.000000000	30.598613739	0.598613739
16.949776304	2847562419	30.000000000	30.598613739	0.598613739
16.949776339	2847562425	30.000000000	29.729461670	0.598613739
16.949825310	2847570652	30.000000000	29.729461670	-0.270538330
16.999776387	2855962433	30.000000000	29.729461670	-0.270538330
16.999776423	2855962439	30.000000000	30.004772186	-0.270538330
16.999825310	2855970652	30.000000000	30.004772186	0.004772186
17.049776381	2864362432	30.000000000	30.004772186	0.004772186
17.049776417	2864362438	30.000000000	30.147933960	0.004772186
17.049825310	2864370652	30.000000000	30.147933960	0.147933960
17.099776363	2872762429	30.000000000	30.147933960	0.147933960
17.099776399	2872762435	30.000000000	30.222377777	0.147933960
17.099825310	2872770652	30.000000000	30.222377777	0.222377777
17.149776363	2881162429	30.000000000	30.222377777	0.222377777
17.149776399	2881162435	30.000000000	30.261089325	0.222377777
17.149825310	2881170652	30.000000000	30.261089325	0.261089325
17.199776321	2889562422	30.000000000	30.261089325	0.261089325
17.199776357	2889562428	30.000000000	30.281219482	0.261089325
17.199825310	2889570652	30.000000000	30.281219482	0.281219482
17.249776369	2897962430	30.000000000	30.281219482	0.281219482
17.249776405	2897962436	30.000000000	31.018960953	0.281219482
17.249825310	2897970652	30.000000000	31.018960953	1.018960953
17.299776333	2906362424	30.000000000	31.018960953	1.018960953
17.299776369	2906362430	30.000000000	29.948041916	1.018960953
17.299825310	2906370652	30.000000000	29.948041916	-0.051958084
17.349776321	2914762422	30.000000000	29.948041916	-0.051958084
17.349776357	2914762428	30.000000000	30.118434906	-0.051958084
17.349825310	2914770652	30.000000000	30.118434906	0.118434906
17.399776310	2923162420	30.000000000	30.118434906	0.118434906
17.399776345	2923162426	30.000000000	29.479766846	0.118434906
17.399825310	2923170652	30.000000000	29.479766846	-0.520233154
17.449776357	2931562428	30.000000000	29.479766846	-0.520233154
17.449776393	2931562434	30.000000000	29.874931335	-0.520233154
17.449825310	2931570652	30.000000000	29.874931335	-0.125068665
17.499776321	2939962422	30.000000000	29.874931335	-0.125068665
17.499776357	2939962428	30.000000000	29.353145599	-0.125068665
17.499825310	2939970652	30.000000000	29.353145599	-0.646854401
17.549776393	2948362434	30.000000000	29.353145599	-0.646854401
17.549776429	2948362440	30.000000000	29.809089661	-0.646854401
17.549825310	2948370652	30.000000000	29.809089661	-0.190910339
17.599776363	2956762429	30.000000000	29.809089661	-0.190910339
17.599776399	2956762435	30.000000000	30.046180725	-0.190910339
17.599825310	2956770652	30.000000000	30.046180725	0.046180725
17.649776393	2965162434	30.000000000	30.046180725	0.046180725
17.649776429	2965162440	30.000000000	30.169467926	0.046180725
17.649825310	2965170652	30.000000000	30.169467926	0.169467926
17.699776387	2973562433	30.000000000	30.169467926	0.169467926
17.699776423	2973562439	30.000000000	30.233577728	0.169467926
17.699825310	2973570652	30.000000000	30.233577728	0.233577728
17.749776345	2981962426	30.000000000	30.233577728	0.233577728
17.749776381	2981962432	30.000000000	30.266914368	0.233577728
17.749825310	2981970652	30.000000000	30.266914368	0.266914368
17.799776333	2990362424	30.000000000	30.266914368	0.266914368
17.799776369	2990362430	30.000000000	30.284248352	0.266914368
17.799825310	2990370652	30.000000000	30.284248352	0.284248352
17.849776333	2998762424	30.000000000	30.284248352	0.284248352
17.849776369	2998762430	30.000000000	29.565990448	0.284248352
17.849825310	2998770652	30.000000000	29.565990448	-0.434009552
17.899776321	3007162422	30.000000000	29.565990448	-0.434009552
17.899776357	3007162428	30.000000000	30.647041321	-0.434009552
17.899825310	3007170652	30.000000000	30.647041321	0.647041321
17.949776256	3015562411	30.000000000	30.647041321	0.647041321
17.949776292	3015562417	30.000000000	29.754642487	0.647041321
17.949825310	3015570652	30.000000000	29.754642487	-0.245357513
17.999776321	3023962422	30.000000000	29.754642487	-0.245357513
17.999776357	3023962428	30.000000000	29.290596008	-0.245357513
17.999825310	3023970652	30.000000000	29.290596008	-0.709403992
18.049776363	3032362429	30.000000000	29.290596008	-0.709403992
18.049776399	3032362435	30.000000000	29.776563644	-0.709403992
18.049825310	3032370652	30.000000000	29.776563644	-0.223436356
18.099776381	3040762432	30.000000000	29.776563644	-0.223436356
18.099776417	3040762438	30.000000000	30.029266357	-0.223436356
18.099825310	3040770652	30.000000000	30.029266357	0.029266357
18.149776411	3049162437	30.000000000	30.029266357	0.029266357
18.149776446	3049162443	30.000000000	30.160671234	0.029266357
18.149825310	3049170652	30.000000000	30.160671234	0.160671234
18.199776357	3057562428	30.000000000	30.160671234	0.160671234
18.199776393	3057562434	30.000000000	30.956275940	0.160671234
18.199825310	3057570652	30.000000000	30.956275940	0.956275940
18.249776298	3065962418	30.000000000	30.956275940	0.956275940
18.249817310	3065969308	30.000000000	30.956275940	-0.084554672
18.299776351	3074362427	30.000000000	30.956275940	-0.084554672
18.299776387	3074362433	30.000000000	29.374214172	-0.084554672
18.299825310	3074370652	30.000000000	29.374214172	-0.625785828
18.349776375	3082762431	30.000000000	29.374214172	-0.625785828
18.349776411	3082762437	30.000000000	29.820045471	-0.625785828
18.349825310	3082770652	30.000000000	29.820045471	-0.179954529
18.399776369	3091162430	30.000000000	29.820045471	-0.179954529
18.399776405	3091162436	30.000000000	30.051876068	-0.179954529
18.399825310	3091170652	30.000000000	30.051876068	0.051876068
18.449776351	3099562427	30.000000000	30.051876068	0.051876068
18.449776387	3099562433	30.000000000	30.172428131	0.051876068
18.449825310	3099570652	30.000000000	30.172428131	0.172428131
18.499776333	3107962424	30.000000000	30.172428131	0.172428131
18.499776369	3107962430	30.000000000	30.235115051	0.172428131
18.499825310	3107970652	30.000000000	30.235115051	0.235115051
18.549776345	3116362426	30.000000000	30.235115051	0.235115051
18.549776381	3116362432	30.000000000	30.267713547	0.235115051
18.549825310	3116370652	30.000000000	30.267713547	0.267713547
18.599776363	3124762429	30.000000000	30.267713547	0.267713547
18.599776399	3124762435	30.000000000	30.284664154	0.267713547
18.599825310	3124770652	30.000000000	30.284664154	0.284664154
18.649776387	3133162433	30.000000000	30.284664154	0.284664154
18.649776423	3133162439	30.000000000	30.293479919	0.284664154
18.649825310	3133170652	30.000000000	30.293479919	0.293479919
18.699776345	3141562426	30.000000000	30.293479919	0.293479919
18.699776381	3141562432	30.000000000	30.298063278	0.293479919
18.699825310	3141570652	30.000000000	30.298063278	0.298063278
18.749776351	3149962427	30.000000000	30.298063278	0.298063278
18.749776387	3149962433	30.000000000	30.300445557	0.298063278
18.749825310	3149970652	30.000000000	30.300445557	0.300445557
18.799776315	3158362421	30.000000000	30.300445557	0.300445557
18.799776351	3158362427	30.000000000	30.301685333	0.300445557
18.799825310	3158370652	30.000000000	30.301685333	0.301685333
18.849776298	3166762418	30.000000000	30.301685333	0.301685333
18.849776333	3166762424	30.000000000	29.575057983	0.301685333
18.849825310	3166770652	30.000000000	29.575057983	-0.424942017
18.899776333	3175162424	30.000000000	29.575057983	-0.424942017
18.899776369	3175162430	30.000000000	29.197212219	-0.424942017
18.899825310	3175170652	30.000000000	29.197212219	-0.802787781
18.949776375	3183562431	30.000000000	29.197212219	-0.802787781
18.949776411	3183562437	30.000000000	29.728004456	-0.802787781
18.949825310	3183570652	30.000000000	29.728004456	-0.271995544
18.999776369	3191962430	30.000000000	29.728004456	-0.271995544
18.999776405	3191962436	30.000000000	30.004016876	-0.271995544
18.999825310	3191970652	30.000000000	30.004016876	0.004016876
19.049776327	3200362423	30.000000000	30.004016876	0.004016876
19.049776363	3200362429	30.000000000	30.147541046	0.004016876
19.049825310	3200370652	30.000000000	30.147541046	0.147541046
19.099776363	3208762429	30.000000000	30.147541046	0.147541046
19.099776399	3208762435	30.000000000	30.949447632	0.147541046
19.099825310	3208770652	30.000000000	30.949447632	0.949447632
19.149776310	3217162420	30.000000000	30.949447632	0.949447632
19.149776345	3217162426	30.000000000	29.911893845	0.949447632
19.149825310	3217170652	30.000000000	29.911893845	-0.088106155
19.199776310	3225562420	30.000000000	29.911893845	-0.088106155
19.199776345	3225562426	30.000000000	30.099637985	-0.088106155
19.199825310	3225570652	30.000000000	30.099637985	0.099637985
19.249776286	3233962416	30.000000000	30.099637985	0.099637985
19.249776321	3233962422	30.000000000	29.469993591	0.099637985
19.249825310	3233970652	30.000000000	29.469993591	-0.530006409
19.299776327	3242362423	30.000000000	29.469993591	-0.530006409
19.299776363	3242362429	30.000000000	29.869850159	-0.530006409
19.299825310	3242370652	30.000000000	29.869850159	-0.130149841
19.349776298	3250762418	30.000000000	29.869850159	-0.130149841
19.349776333	3250762424	30.000000000	29.350503922	-0.130149841
19.349825310	3250770652	30.000000000	29.350503922	-0.649496078
19.399776387	3259162433	30.000000000	29.350503922	-0.649496078
19.399776423	3259162439	30.000000000	30.534988403	-0.649496078
19.399825310	3259170652	30.000000000	30.534988403	0.534988403
19.449776363	3267562429	30.000000000	30.534988403	0.534988403
19.449776399	3267562435	30.000000000	31.150920868	0.534988403
19.449825310	3267570652	30.000000000	31.150920868	1.150920868
19.499776327	3275962423	30.000000000	31.150920868	1.150920868
19.499776363	3275962429	30.000000000	30.016660690	1.150920868
19.499825310	3275970652	30.000000000	30.016660690	0.016660690
19.549776387	3284362433	30.000000000	30.016660690	0.016660690
19.549776423	3284362439	30.000000000	29.426845551	0.016660690
19.549825310	3284370652	30.000000000	29.426845551	-0.573154449
19.599776375	3292762431	30.000000000	29.426845551	-0.573154449
19.599776411	3292762437	30.000000000	29.847412109	-0.573154449
19.599825310	3292770652	30.000000000	29.847412109	-0.152587891
19.649776327	3301162423	30.000000000	29.847412109	-0.152587891
19.649776363	3301162429	30.000000000	30.066108704	-0.152587891
19.649825310	3301170652	30.000000000	30.066108704	0.066108704
19.699776345	3309562426	30.000000000	30.066108704	0.066108704
19.699776381	3309562432	30.000000000	29.452556610	0.066108704
19.699825310	3309570652	30.000000000	29.452556610	-0.547443390
19.749815310	3317968972	30.000000000	29.452556610	-0.139217377
19.799776321	3326362422	30.000000000	29.452556610	-0.139217377
19.799776357	3326362428	30.000000000	30.073059082	-0.139217377
19.799825310	3326370652	30.000000000	30.073059082	0.073059082
19.849776357	3334762428	30.000000000	30.073059082	0.073059082
19.849776393	3334762434	30.000000000	30.183444977	0.073059082
19.849825310	3334770652	30.000000000	30.183444977	0.183444977
19.899776375	3343162431	30.000000000	30.183444977	0.183444977
19.899776411	3343162437	30.000000000	30.240844727	0.183444977
19.899825310	3343170652	30.000000000	30.240844727	0.240844727
19.949776321	3351562422	30.000000000	30.240844727	0.240844727
19.949776357	3351562428	30.000000000	30.270692825	0.240844727
19.949825310	3351570652	30.000000000	30.270692825	0.270692825
19.999776321	3359962422	30.000000000	30.270692825	0.270692825
19.999776357	3359962428	30.000000000	29.558940887	0.270692825
19.999825310	3359970652	30.000000000	29.558940887	-0.441059113
20.049776327	3368362423	30.000000000	29.558940887	-0.441059113
20.049776363	3368362429	30.000000000	29.916103363	-0.441059113
20.049825310	3368370652	30.000000000	29.916103363	-0.083896637
20.099776405	3376762436	30.000000000	29.916103363	-0.083896637
20.099776440	3376762442	30.000000000	30.101827621	-0.083896637
20.099825310	3376770652	30.000000000	30.101827621	0.101827621
20.149776387	3385162433	30.000000000	30.101827621	0.101827621
20.149776423	3385162439	30.000000000	30.198402405	0.101827621
20.149825310	3385170652	30.000000000	30.198402405	0.198402405
20.199776333	3393562424	30.000000000	30.198402405	0.198402405
20.199776369	3393562430	30.000000000	30.248622894	0.198402405
20.199825310	3393570652	30.000000000	30.248622894	0.248622894
20.249776345	3401962426	30.000000000	30.248622894	0.248622894
20.249776381	3401962432	30.000000000	29.547466278	0.248622894
20.249825310	3401970652	30.000000000	29.547466278	-0.452533722
20.299776345	3410362426	30.000000000	29.547466278	-0.452533722
20.299776381	3410362432	30.000000000	30.637409210	-0.452533722
20.299825310	3410370652	30.000000000	30.637409210	0.637409210
20.349776274	3418762414	30.000000000	30.637409210	0.637409210
20.349776310	3418762420	30.000000000	29.749633789	0.637409210
20.349825310	3418770652	30.000000000	29.749633789	-0.250366211
20.399776327	3427162423	30.000000000	29.749633789	-0.250366211
20.399776363	3427162429	30.000000000	29.287990570	-0.250366211
20.399825310	3427170652	30.000000000	29.287990570	-0.712009430
20.449776345	3435562426	30.000000000	29.287990570	-0.712009430
20.449776381	3435562432	30.000000000	29.775207520	-0.712009430
20.449825310	3435570652	30.000000000	29.775207520	-0.224792480
20.499776339	3443962425	30.000000000	29.775207520	-0.224792480
20.499776375	3443962431	30.000000000	30.028560638	-0.224792480
20.499825310	3443970652	30.000000000	30.028560638	0.028560638
20.549776321	3452362422	30.000000000	30.028560638	0.028560638
20.549776357	3452362428	30.000000000	30.160305023	0.028560638
20.549825310	3452370652	30.000000000	30.160305023	0.160305023
20.599776387	3460762433	30.000000000	30.160305023	0.160305023
20.599776423	3460762439	30.000000000	30.228813171	0.160305023
20.599825310	3460770652	30.000000000	30.228813171	0.228813171
20.649776387	3469162433	30.000000000	30.228813171	0.228813171
20.649776423	3469162439	30.000000000	30.264436722	0.228813171
20.649825310	3469170652	30.000000000	30.264436722	0.264436722
20.699776387	3477562433	30.000000000	30.264436722	0.264436722
20.699776423	3477562439	30.000000000	30.282960892	0.264436722
20.699825310	3477570652	30.000000000	30.282960892	0.282960892
20.749776345	3485962426	30.000000000	30.282960892	0.282960892
20.749776381	3485962432	30.000000000	30.292593002	0.282960892
20.749825310	3485970652	30.000000000	30.292593002	0.292593002
20.799776315	3494362421	30.000000000	30.292593002	0.292593002
20.799776351	3494362427	30.000000000	29.570329666	0.292593002
20.799825310	3494370652	30.000000000	29.570329666	-0.429670334
20.849776351	3502762427	30.000000000	29.570329666	-0.429670334
20.849776387	3502762433	30.000000000	29.194751740	-0.429670334
20.849825310	3502770652	30.000000000	29.194751740	-0.805248260
20.899776357	3511162428	30.000000000	29.194751740	-0.805248260
20.899776393	3511162434	30.000000000	30.453998566	-0.805248260
20.899825310	3511170652	30.000000000	30.453998566	0.453998566
20.949776357	3519562428	30.000000000	30.453998566	0.453998566
20.949776393	3519562434	30.000000000	30.381532669	0.453998566
20.949825310	3519570652	30.000000000	30.381532669	0.381532669
20.999776363	3527962429	30.000000000	30.381532669	0.381532669
20.999776399	3527962435	30.000000000	30.343849182	0.381532669
20.999825310	3527970652	30.000000000	30.343849182	0.343849182
21.049776321	3536362422	30.000000000	30.343849182	0.343849182
21.049776357	3536362428	30.000000000	30.324254990	0.343849182
21.049825310	3536370652	30.000000000	30.324254990	0.324254990
21.099776315	3544762421	30.000000000	30.324254990	0.324254990
21.099776351	3544762427	30.000000000	29.586793900	0.324254990
21.099825310	3544770652	30.000000000	29.586793900	-0.413206100
21.149776345	3553162426	30.000000000	29.586793900	-0.413206100
21.149776381	3553162432	30.000000000	29.930585861	-0.413206100
21.149820310	3553169812	30.000000000	29.930585861	-0.069414139
21.199776292	3561562417	-30.000000000	29.930585861	-0.069414139
21.199776327	3561562423	-30.000000000	29.382085800	-0.069414139
21.199825310	3561570652	-30.000000000	29.382085800	59.382087708
21.249775690	3569962316	-30.000000000	29.382085800	59.382087708
21.249775726	3569962322	-30.000000000	23.278682709	59.382087708
21.249825310	3569970652	-30.000000000	23.278682709	53.278682709
21.299776446	3578362443	-30.000000000	23.278682709	53.278682709
21.299776482	3578362449	-30.000000000	12.104914665	53.278682709
21.299825310	3578370652	-30.000000000	12.104914665	42.104915619
21.349776405	3586762436	-30.000000000	12.104914665	42.104915619
21.349776440	3586762442	-30.000000000	1.930919170	42.104915619
21.349825310	3586770652	-30.000000000	1.930919170	31.930919647
21.399776464	3595162446	-30.000000000	1.930919170	31.930919647
21.399776500	3595162452	-30.000000000	-5.541376591	31.930919647
21.399825310	3595170652	-30.000000000	-5.541376591	24.458623886
21.449776411	3603562437	-30.000000000	-5.541376591	24.458623886
21.449776446	3603562443	-30.000000000	-10.881515503	24.458623886
21.449825310	3603570652	-30.000000000	-10.881515503	19.118484497
21.499776369	3611962430	-30.000000000	-10.881515503	19.118484497
21.499776405	3611962436	-30.000000000	-14.385660172	19.118484497
21.499825310	3611970652	-30.000000000	-14.385660172	15.614339828
21.549776375	3620362431	-30.000000000	-14.385660172	15.614339828
21.549776411	3620362437	-30.000000000	-18.389633179	15.614339828
21.549825310	3620370652	-30.000000000	-18.389633179	11.610366821
21.599776393	3628762434	-30.000000000	-18.389633179	11.610366821
21.599776429	3628762440	-30.000000000	-21.926246643	11.610366821
21.599825310	3628770652	-30.000000000	-21.926246643	8.073753357
21.649776310	3637162420	-30.000000000	-21.926246643	8.073753357
21.649776345	3637162426	-30.000000000	-24.492557526	8.073753357
21.649825310	3637170652	-30.000000000	-24.492557526	5.507442474
21.699776405	3645562436	-30.000000000	-24.492557526	5.507442474
21.699776440	3645562442	-30.000000000	-25.827039719	5.507442474
21.699825310	3645570652	-30.000000000	-25.827039719	4.172960281
21.749776369	3653962430	-30.000000000	-25.827039719	4.172960281
21.749776405	3653962436	-30.000000000	-26.520969391	4.172960281
21.749825310	3653970652	-30.000000000	-26.520969391	3.479030609
21.799776298	3662362418	-30.000000000	-26.520969391	3.479030609
21.799776333	3662362424	-30.000000000	-26.881813049	3.479030609
21.799825310	3662370652	-30.000000000	-26.881813049	3.118186951
21.849776315	3670762421	-30.000000000	-26.881813049	3.118186951
21.849776351	3670762427	-30.000000000	-27.069452286	3.118186951
21.849825310	3670770652	-30.000000000	-27.069452286	2.930547714
21.899776310	3679162420	-30.000000000	-27.069452286	2.930547714
21.899776345	3679162426	-30.000000000	-27.894294739	2.930547714
21.899825310	3679170652	-30.000000000	-27.894294739	2.105705261
21.949776369	3687562430	-30.000000000	-27.894294739	2.105705261
21.949776405	3687562436	-30.000000000	-29.050487518	2.105705261
21.949825310	3687570652	-30.000000000	-29.050487518	0.949512482
21.999776399	3695962435	-30.000000000	-29.050487518	0.949512482
21.999776435	3695962441	-30.000000000	-29.651706696	0.949512482
21.999825310	3695970652	-30.000000000	-29.651706696	0.348293304
22.049776399	3704362435	-30.000000000	-29.651706696	0.348293304
22.049776435	3704362441	-30.000000000	-29.964340210	0.348293304
22.049825310	3704370652	-30.000000000	-29.964340210	0.035659790
22.099776393	3712762434	-30.000000000	-29.964340210	0.035659790
22.099776429	3712762440	-30.000000000	-30.126911163	0.035659790
22.099825310	3712770652	-30.000000000	-30.126911163	-0.126911163
22.149776357	3721162428	-30.000000000	-30.126911163	-0.126911163
22.149776393	3721162434	-30.000000000	-30.211448669	-0.126911163
22.149825310	3721170652	-30.000000000	-30.211448669	-0.211448669
22.199776333	3729562424	-30.000000000	-30.211448669	-0.211448669
22.199776369	3729562430	-30.000000000	-30.982681274	-0.211448669
22.199825310	3729570652	-30.000000000	-30.982681274	-0.982681274
22.249776393	3737962434	-30.000000000	-30.982681274	-0.982681274
22.249776429	3737962440	-30.000000000	-30.656448364	-0.982681274
22.249825310	3737970652	-30.000000000	-30.656448364	-0.656448364
22.299776315	3746362421	-30.000000000	-30.656448364	-0.656448364
22.299776351	3746362427	-30.000000000	-29.759532928	-0.656448364
22.299825310	3746370652	-30.000000000	-29.759532928	0.240467072
22.349776310	3754762420	-30.000000000	-29.759532928	0.240467072
22.349776345	3754762426	-30.000000000	-30.020410538	0.240467072
22.349825310	3754770652	-30.000000000	-30.020410538	-0.020410538
22.399776351	3763162427	-30.000000000	-30.020410538	-0.020410538
22.399776387	3763162433	-30.000000000	-30.156066895	-0.020410538
22.399825310	3763170652	-30.000000000	-30.156066895	-0.156066895
22.449776286	3771562416	-30.000000000	-30.156066895	-0.156066895
22.449776321	3771562422	-30.000000000	-29.499336243	-0.156066895
22.449825310	3771570652	-30.000000000	-29.499336243	0.500663757
22.499776333	3779962424	-30.000000000	-29.499336243	0.500663757
22.499776369	3779962430	-30.000000000	-30.612382889	0.500663757
22.499825310	3779970652	-30.000000000	-30.612382889	-0.612382889
22.549776363	3788362429	-30.000000000	-30.612382889	-0.612382889
22.549776399	3788362435	-30.000000000	-30.463893890	-0.612382889
22.549825310	3788370652	-30.000000000	-30.463893890	-0.463893890
22.599776298	3796762418	-30.000000000	-30.463893890	-0.463893890
22.599776333	3796762424	-30.000000000	-30.386678696	-0.463893890
22.599825310	3796770652	-30.000000000	-30.386678696	-0.386678696
22.649776423	3805162439	-30.000000000	-30.386678696	-0.386678696
22.649776458	3805162445	-30.000000000	-30.346527100	-0.386678696
22.649825310	3805170652	-30.000000000	-30.346527100	-0.346527100
22.699776429	3813562440	-30.000000000	-30.346527100	-0.346527100
22.699776464	3813562446	-30.000000000	-30.325647354	-0.346527100
22.699825310	3813570652	-30.000000000	-30.325647354	-0.325647354
22.749776351	3821962427	-30.000000000	-30.325647354	-0.325647354
22.749776387	3821962433	-30.000000000	-30.314788818	-0.325647354
22.749825310	3821970652	-30.000000000	-30.314788818	-0.314788818
22.799776405	3830362436	-30.000000000	-30.314788818	-0.314788818
22.799776440	3830362442	-30.000000000	-30.309143066	-0.314788818
22.799825310	3830370652	-30.000000000	-30.309143066	-0.309143066
22.849776345	3838762426	-30.000000000	-30.309143066	-0.309143066
22.849776381	3838762432	-30.000000000	-29.578933716	-0.309143066
22.849825310	3838770652	-30.000000000	-29.578933716	0.421066284
22.899776381	3847162432	-30.000000000	-29.578933716	0.421066284
22.899776417	3847162438	-30.000000000	-29.926498413	0.421066284
22.899825310	3847170652	-30.000000000	-29.926498413	0.073501587
22.949776399	3855562435	-30.000000000	-29.926498413	0.073501587
22.949776435	3855562441	-30.000000000	-30.107233047	0.073501587
22.949825310	3855570652	-30.000000000	-30.107233047	-0.107233047
22.999776327	3863962423	-30.000000000	-30.107233047	-0.107233047
22.999776363	3863962429	-30.000000000	-29.473941803	-0.107233047
22.999825310	3863970652	-30.000000000	-29.473941803	0.526058197
23.049776298	3872362418	-30.000000000	-29.473941803	0.526058197
23.049776333	3872362424	-30.000000000	-29.871902466	0.526058197
23.049825310	3872370652	-30.000000000	-29.871902466	0.128097534
23.099776339	3880762425	-30.000000000	-29.871902466	0.128097534
23.099776375	3880762431	-30.000000000	-30.078842163	0.128097534
23.099825310	3880770652	-30.000000000	-30.078842163	-0.078842163
23.149776286	3889162416	-30.000000000	-30.078842163	-0.078842163
23.149776321	3889162422	-30.000000000	-30.186450958	-0.078842163
23.149825310	3889170652	-30.000000000	-30.186450958	-0.186450958
23.199776327	3897562423	-30.000000000	-30.186450958	-0.186450958
23.199776363	3897562429	-30.000000000	-30.242408752	-0.186450958
23.199825310	3897570652	-30.000000000	-30.242408752	-0.242408752
23.249776351	3905962427	-30.000000000	-30.242408752	-0.242408752
23.249776387	3905962433	-30.000000000	-30.271507263	-0.242408752
23.249825310	3905970652	-30.000000000	-30.271507263	-0.271507263
23.299776315	3914362421	-30.000000000	-30.271507263	-0.271507263
23.299776351	3914362427	-30.000000000	-30.286636353	-0.271507263
23.299825310	3914370652	-30.000000000	-30.286636353	-0.286636353
23.349776357	3922762428	-30.000000000	-30.286636353	-0.286636353
23.349776393	3922762434	-30.000000000	-31.021778107	-0.286636353
23.349825310	3922770652	-30.000000000	-31.021778107	-1.021778107
23.399776351	3931162427	-30.000000000	-31.021778107	-1.021778107
23.399776387	3931162433	-30.000000000	-29.949504852	-1.021778107
23.399825310	3931170652	-30.000000000	-29.949504852	0.050495148
23.449776315	3939562421	-30.000000000	-29.949504852	0.050495148
23.449776351	3939562427	-30.000000000	-29.391921997	0.050495148
23.449825310	3939570652	-30.000000000	-29.391921997	0.608078003
23.499776333	3947962424	-30.000000000	-29.391921997	0.608078003
23.499776369	3947962430	-30.000000000	-29.829254150	0.608078003
23.499825310	3947970652	-30.000000000	-29.829254150	0.170745850
23.549776375	3956362431	-30.000000000	-29.829254150	0.170745850
23.549776411	3956362437	-30.000000000	-30.056665421	0.170745850
23.549825310	3956370652	-30.000000000	-30.056665421	-0.056665421
23.599776304	3964762419	-30.000000000	-30.056665421	-0.056665421
23.599776339	3964762425	-30.000000000	-29.447647095	-0.056665421
23.599825310	3964770652	-30.000000000	-29.447647095	0.552352905
23.649776333	3973162424	-30.000000000	-29.447647095	0.552352905
23.649776369	3973162430	-30.000000000	-31.312774658	0.552352905
23.649825310	3973170652	-30.000000000	-31.312774658	-1.312774658
23.699776321	3981562422	-30.000000000	-31.312774658	-1.312774658
23.699776357	3981562428	-30.000000000	-30.100822449	-1.312774658
23.699825310	3981570652	-30.000000000	-30.100822449	-0.100822449
23.749776369	3989962430	-30.000000000	-30.100822449	-0.100822449
23.749776405	3989962436	-30.000000000	-30.925155640	-0.100822449
23.749825310	3989970652	-30.000000000	-30.925155640	-0.925155640
23.799776357	3998362428	-30.000000000	-30.925155640	-0.925155640
23.799776393	3998362434	-30.000000000	-29.899261475	-0.925155640
23.799825310	3998370652	-30.000000000	-29.899261475	0.100738525
23.849776399	4006762435	-30.000000000	-29.899261475	0.100738525
23.849776435	4006762441	-30.000000000	-30.093069077	0.100738525
23.849825310	4006770652	-30.000000000	-30.093069077	-0.093069077
23.899776369	4015162430	-30.000000000	-30.093069077	-0.093069077
23.899776405	4015162436	-30.000000000	-30.193849564	-0.093069077
23.899825310	4015170652	-30.000000000	-30.193849564	-0.193849564
23.949776345	4023562426	-30.000000000	-30.193849564	-0.193849564
23.949776381	4023562432	-30.000000000	-29.518981934	-0.193849564
23.949825310	4023570652	-30.000000000	-29.518981934	0.481018066
23.999776339	4031962425	-30.000000000	-29.518981934	0.481018066
23.999776375	4031962431	-30.000000000	-29.895324707	0.481018066
23.999825310	4031970652	-30.000000000	-29.895324707	0.104675293
24.049776333	4040362424	-30.000000000	-29.895324707	0.104675293
24.049776369	4040362430	-30.000000000	-30.818298340	0.104675293
24.049825310	4040370652	-30.000000000	-30.818298340	-0.818298340
24.099776327	4048762423	-30.000000000	-30.818298340	-0.818298340
24.099776363	4048762429	-30.000000000	-29.843696594	-0.818298340
24.099825310	4048770652	-30.000000000	-29.843696594	0.156303406
24.149776357	4057162428	-30.000000000	-29.843696594	0.156303406
24.149776393	4057162434	-30.000000000	-30.064174652	0.156303406
24.149825310	4057170652	-30.000000000	-30.064174652	-0.064174652
24.199776399	4065562435	-30.000000000	-30.064174652	-0.064174652
24.199776435	4065562441	-30.000000000	-30.178825378	-0.064174652
24.199825310	4065570652	-30.000000000	-30.178825378	-0.178825378
24.249776321	4073962422	-30.000000000	-30.178825378	-0.178825378
24.249776357	4073962428	-30.000000000	-29.511169434	-0.178825378
24.249825310	4073970652	-30.000000000	-29.511169434	0.488830566
24.299776315	4082362421	-30.000000000	-29.511169434	0.488830566
24.299776351	4082362427	-30.000000000	-29.891262054	0.488830566
24.299825310	4082370652	-30.000000000	-29.891262054	0.108737946
24.349776339	4090762425	-30.000000000	-29.891262054	0.108737946
24.349776375	4090762431	-30.000000000	-30.088909149	0.108737946
24.349825310	4090770652	-30.000000000	-30.088909149	-0.088909149
24.399776375	4099162431	-30.000000000	-30.088909149	-0.088909149
24.399776411	4099162437	-30.000000000	-30.191686630	-0.088909149
24.399825310	4099170652	-30.000000000	-30.191686630	-0.191686630
24.449776292	4107562417	-30.000000000	-30.191686630	-0.191686630
24.449776327	4107562423	-30.000000000	-29.517856598	-0.191686630
24.449825310	4107570652	-30.000000000	-29.517856598	0.482143402
24.499776357	4115962428	-30.000000000	-29.517856598	0.482143402
24.499776393	4115962434	-30.000000000	-30.622013092	0.482143402
24.499825310	4115970652	-30.000000000	-30.622013092	-0.622013092
24.549776399	4124362435	-30.000000000	-30.622013092	-0.622013092
24.549776435	4124362441	-30.000000000	-29.741626740	-0.622013092
24.549825310	4124370652	-30.000000000	-29.741626740	0.258373260
24.599776339	4132762425	-30.000000000	-29.741626740	0.258373260
24.599776375	4132762431	-30.000000000	-30.011100769	0.258373260
24.599825310	4132770652	-30.000000000	-30.011100769	-0.011100769
24.649776315	4141162421	-30.000000000	-30.011100769	-0.011100769
24.649776351	4141162427	-30.000000000	-29.423954010	-0.011100769
24.649825310	4141170652	-30.000000000	-29.423954010	0.576045990
24.699776238	4149562408	-30.000000000	-29.423954010	0.576045990
24.699776274	4149562414	-30.000000000	-29.118637085	0.576045990
24.699825310	4149570652	-30.000000000	-29.118637085	0.881362915
24.749776298	4157962418	-30.000000000	-29.118637085	0.881362915
24.749776333	4157962424	-30.000000000	-30.414419174	0.881362915
24.749825310	4157970652	-30.000000000	-30.414419174	-0.414419174
24.799815310	4166368972	-30.000000000	-30.414419174	-0.360950470
24.849776315	4174762421	-30.000000000	-30.414419174	-0.360950470
24.849776351	4174762427	-30.000000000	-29.605875015	-0.360950470
24.849825310	4174770652	-30.000000000	-29.605875015	0.394124985
24.899776381	4183162432	-30.000000000	-29.605875015	0.394124985
24.899776417	4183162438	-30.000000000	-29.940509796	0.394124985
24.899825310	4183170652	-30.000000000	-29.940509796	0.059490204
24.949776381	4191562432	-30.000000000	-29.940509796	0.059490204
24.949776417	4191562438	-30.000000000	-29.387245178	0.059490204
24.949825310	4191570652	-30.000000000	-29.387245178	0.612754822
24.999776375	4199962431	-30.000000000	-29.387245178	0.612754822
24.999776411	4199962437	-30.000000000	-29.826820374	0.612754822
24.999825310	4199970652	-30.000000000	-29.826820374	0.173179626
25.049776339	4208362425	-30.000000000	-29.826820374	0.173179626
25.049776375	4208362431	-30.000000000	-29.328126907	0.173179626
25.049825310	4208370652	-30.000000000	-29.328126907	0.671873093
25.099776298	4216762418	-30.000000000	-29.328126907	0.671873093
25.099776333	4216762424	-30.000000000	-29.796079636	0.671873093
25.099825310	4216770652	-30.000000000	-29.796079636	0.203920364
25.149776286	4225162416	-30.000000000	-29.796079636	0.203920364
25.149776321	4225162422	-30.000000000	-30.039413452	0.203920364
25.149825310	4225170652	-30.000000000	-30.039413452	-0.039413452
25.199776357	4233562428	-30.000000000	-30.039413452	-0.039413452
25.199776393	4233562434	-30.000000000	-30.893222809	-0.039413452
25.199825310	4233570652	-30.000000000	-30.893222809	-0.893222809
25.249776369	4241962430	-30.000000000	-30.893222809	-0.893222809
25.249776405	4241962436	-30.000000000	-29.882656097	-0.893222809
25.249825310	4241970652	-30.000000000	-29.882656097	0.117343903
25.299776298	4250362418	-30.000000000	-29.882656097	0.117343903
25.299776333	4250362424	-30.000000000	-29.357162476	0.117343903
25.299825310	4250370652	-30.000000000	-29.357162476	0.642837524
25.349776339	4258762425	-30.000000000	-29.357162476	0.642837524
25.349776375	4258762431	-30.000000000	-29.811178207	0.642837524
25.349825310	4258770652	-30.000000000	-29.811178207	0.188821793
25.399776274	4267162414	-30.000000000	-29.811178207	0.188821793
25.399776310	4267162420	-30.000000000	-29.319992065	0.188821793
25.399825310	4267170652	-30.000000000	-29.319992065	0.680007935
25.449776333	4275562424	-30.000000000	-29.319992065	0.680007935
25.449776369	4275562430	-30.000000000	-30.519123077	0.680007935
25.449825310	4275570652	-30.000000000	-30.519123077	-0.519123077
25.499776393	4283962434	-30.000000000	-30.519123077	-0.519123077
25.499776429	4283962440	-30.000000000	-30.415397644	-0.519123077
25.499825310	4283970652	-30.000000000	-30.415397644	-0.415397644
25.549776399	4292362435	-30.000000000	-30.415397644	-0.415397644
25.549776435	4292362441	-30.000000000	-30.361461639	-0.415397644
25.549825310	4292370652	-30.000000000	-30.361461639	-0.361461639
25.599776381	4300762432	-30.000000000	-30.361461639	-0.361461639
25.599776417	4300762438	-30.000000000	-30.333412170	-0.361461639
25.599825310	4300770652	-30.000000000	-30.333412170	-0.333412170
25.649776381	4309162432	-30.000000000	-30.333412170	-0.333412170
25.649776417	4309162438	-30.000000000	-30.318828583	-0.333412170
25.649825310	4309170652	-30.000000000	-30.318828583	-0.318828583
25.699776393	4317562434	-30.000000000	-30.318828583	-0.318828583
25.699776429	4317562440	-30.000000000	-29.583971024	-0.318828583
25.699825310	4317570652	-30.000000000	-29.583971024	0.416028976
25.749776369	4325962430	-30.000000000	-29.583971024	0.416028976
25.749776405	4325962436	-30.000000000	-29.201845169	0.416028976
25.749825310	4325970652	-30.000000000	-29.201845169	0.798154831
25.799776417	4334362438	-30.000000000	-29.201845169	0.798154831
25.799776452	4334362444	-30.000000000	-29.730411530	0.798154831
25.799825310	4334370652	-30.000000000	-29.730411530	0.269588470
25.849776399	4342762435	-30.000000000	-29.730411530	0.269588470
25.849776435	4342762441	-30.000000000	-30.005268097	0.269588470
25.849825310	4342770652	-30.000000000	-30.005268097	-0.005268097
25.899776411	4351162437	-30.000000000	-30.005268097	-0.005268097
25.899776446	4351162443	-30.000000000	-30.875467300	-0.005268097
25.899825310	4351170652	-30.000000000	-30.875467300	-0.875467300
25.949776321	4359562422	-30.000000000	-30.875467300	-0.875467300
25.949776357	4359562428	-30.000000000	-29.873424530	-0.875467300
25.949825310	4359570652	-30.000000000	-29.873424530	0.126575470
25.999776286	4367962416	-30.000000000	-29.873424530	0.126575470
25.999776321	4367962422	-30.000000000	-30.079635620	0.126575470
25.999825310	4367970652	-30.000000000	-30.079635620	-0.079635620
26.049776339	4376362425	-30.000000000	-30.079635620	-0.079635620
26.049776375	4376362431	-30.000000000	-30.186862946	-0.079635620
26.049825310	4376370652	-30.000000000	-30.186862946	-0.186862946
26.099776357	4384762428	-30.000000000	-30.186862946	-0.186862946
26.099776393	4384762434	-30.000000000	-30.242622375	-0.186862946
26.099825310	4384770652	-30.000000000	-30.242622375	-0.242622375
26.149776387	4393162433	-30.000000000	-30.242622375	-0.242622375
26.149776423	4393162439	-30.000000000	-30.271617889	-0.242622375
26.149825310	4393170652	-30.000000000	-30.271617889	-0.271617889
26.199776423	4401562439	-90.000000000	-30.271617889	-0.271617889
26.199776458	4401562445	-90.000000000	-30.286693573	-0.271617889
26.199825310	4401570652	-90.000000000	-30.286693573	59.713306427
26.249776601	4409962469	-90.000000000	-30.286693573	59.713306427
26.249776637	4409962475	-90.000000000	-36.839988708	59.713306427
26.249825310	4409970652	-90.000000000	-36.839988708	53.160011292
26.299776702	4418362486	-90.000000000	-36.839988708	53.160011292
26.299776738	4418362492	-90.000000000	-48.247703552	53.160011292
26.299825310	4418370652	-90.000000000	-48.247703552	41.752296448
26.349776304	4426762419	-90.000000000	-48.247703552	41.752296448
26.349776339	4426762425	-90.000000000	-59.997894287	41.752296448
26.349825310	4426770652	-90.000000000	-59.997894287	30.002105713
26.399776375	4435162431	-90.000000000	-59.997894287	30.002105713
26.399776411	4435162437	-90.000000000	-70.471633911	30.002105713
26.399825310	4435170652	-90.000000000	-70.471633911	19.528366089
26.449776363	4443562429	-90.000000000	-70.471633911	19.528366089
26.449776399	4443562435	-90.000000000	-76.645248413	19.528366089
26.449825310	4443570652	-90.000000000	-76.645248413	13.354751587
26.499776345	4451962426	-90.000000000	-76.645248413	13.354751587
26.499776381	4451962432	-90.000000000	-82.764617920	13.354751587
26.499825310	4451970652	-90.000000000	-82.764617920	7.235382080
26.549776321	4460362422	-90.000000000	-82.764617920	7.235382080
26.549776357	4460362428	-90.000000000	-86.673965454	7.235382080
26.549825310	4460370652	-90.000000000	-86.673965454	3.326034546
26.599776405	4468762436	-90.000000000	-86.673965454	3.326034546
26.599776440	4468762442	-90.000000000	-87.979553223	3.326034546
26.599825310	4468770652	-90.000000000	-87.979553223	2.020446777
26.649776429	4477162440	-90.000000000	-87.979553223	2.020446777
26.649776464	4477162446	-90.000000000	-88.658462524	2.020446777
26.649825310	4477170652	-90.000000000	-88.658462524	1.341537476
26.699776310	4485562420	-90.000000000	-88.658462524	1.341537476
26.699776345	4485562426	-90.000000000	-89.738754272	1.341537476
26.699825310	4485570652	-90.000000000	-89.738754272	0.261245728
26.749776298	4493962418	-90.000000000	-89.738754272	0.261245728
26.749776333	4493962424	-90.000000000	-90.300506592	0.261245728
26.749825310	4493970652	-90.000000000	-90.300506592	-0.300506592
26.799776274	4502362414	-90.000000000	-90.300506592	-0.300506592
26.799776310	4502362420	-90.000000000	-90.592620850	-0.300506592
26.799825310	4502370652	-90.000000000	-90.592620850	-0.592620850
26.849776268	4510762413	-90.000000000	-90.592620850	-0.592620850
26.849776304	4510762419	-90.000000000	-90.744522095	-0.592620850
26.849825310	4510770652	-90.000000000	-90.744522095	-0.744522095
26.899776411	4519162437	-90.000000000	-90.744522095	-0.744522095
26.899776446	4519162443	-90.000000000	-89.368965149	-0.744522095
26.899825310	4519170652	-90.000000000	-89.368965149	0.631034851
26.949776339	4527562425	-90.000000000	-89.368965149	0.631034851
26.949776375	4527562431	-90.000000000	-90.108215332	0.631034851
26.949825310	4527570652	-90.000000000	-90.108215332	-0.108215332
26.999776363	4535962429	-90.000000000	-90.108215332	-0.108215332
26.999776399	4535962435	-90.000000000	-89.765365601	-0.108215332
26.999825310	4535970652	-90.000000000	-89.765365601	0.234634399
27.049776310	4544362420	-90.000000000	-89.765365601	0.234634399
27.049776345	4544362426	-90.000000000	-90.314346313	0.234634399
27.049825310	4544370652	-90.000000000	-90.314346313	-0.314346313
27.099776310	4552762420	-90.000000000	-90.314346313	-0.314346313
27.099776345	4552762426	-90.000000000	-89.872550964	-0.314346313
27.099825310	4552770652	-90.000000000	-89.872550964	0.127449036
27.149776345	4561162426	-90.000000000	-89.872550964	0.127449036
27.149776381	4561162432	-90.000000000	-89.642822266	0.127449036
27.149825310	4561170652	-90.000000000	-89.642822266	0.357177734
27.199776411	4569562437	-90.000000000	-89.642822266	0.357177734
27.199776446	4569562443	-90.000000000	-90.250625610	0.357177734
27.199830310	4569571492	-90.000000000	-90.250625610	-0.250625610
27.249776327	4577962423	-90.000000000	-90.250625610	-0.250625610
27.249776363	4577962429	-90.000000000	-89.839416504	-0.250625610
27.249825310	4577970652	-90.000000000	-89.839416504	0.160583496
27.299776262	4586362412	-90.000000000	-89.839416504	0.160583496
27.299776298	4586362418	-90.000000000	-90.352859497	0.160583496
27.299825310	4586370652	-90.000000000	-90.352859497	-0.352859497
27.349776333	4594762424	-90.000000000	-90.352859497	-0.352859497
27.349776369	4594762430	-90.000000000	-89.892578125	-0.352859497
27.349825310	4594770652	-90.000000000	-89.892578125	0.107421875
27.399776345	4603162426	-90.000000000	-89.892578125	0.107421875
27.399776381	4603162432	-90.000000000	-89.653228760	0.107421875
27.399825310	4603170652	-90.000000000	-89.653228760	0.346771240
27.449776357	4611562428	-90.000000000	-89.653228760	0.346771240
27.449776393	4611562434	-90.000000000	-90.256042480	0.346771240
27.449825310	4611570652	-90.000000000	-90.256042480	-0.256042480
27.499776327	4619962423	-90.000000000	-90.256042480	-0.256042480
27.499776363	4619962429	-90.000000000	-90.569503784	-0.256042480
27.499825310	4619970652	-90.000000000	-90.569503784	-0.569503784
27.549776333	4628362424	-90.000000000	-90.569503784	-0.569503784
27.549776369	4628362430	-90.000000000	-90.005233765	-0.569503784
27.549825310	4628370652	-90.000000000	-90.005233765	-0.005233765
27.599776345	4636762426	-90.000000000	-90.005233765	-0.005233765
27.599776381	4636762432	-90.000000000	-90.439079285	-0.005233765
27.599825310	4636770652	-90.000000000	-90.439079285	-0.439079285
27.649776387	4645162433	-90.000000000	-90.439079285	-0.439079285
27.649776423	4645162439	-90.000000000	-89.937408447	-0.439079285
27.649825310	4645170652	-90.000000000	-89.937408447	0.062591553
27.699776262	4653562412	-90.000000000	-89.937408447	0.062591553
27.699776298	4653562418	-90.000000000	-90.403808594	0.062591553
27.699825310	4653570652	-90.000000000	-90.403808594	-0.403808594
27.749776333	4661962424	-90.000000000	-90.403808594	-0.403808594
27.749776369	4661962430	-90.000000000	-90.646339417	-0.403808594
27.749825310	4661970652	-90.000000000	-90.646339417	-0.646339417
27.799776393	4670362434	-90.000000000	-90.646339417	-0.646339417
27.799776429	4670362440	-90.000000000	-90.772453308	-0.646339417
27.799825310	4670370652	-90.000000000	-90.772453308	-0.772453308
27.849776381	4678762432	-90.000000000	-90.772453308	-0.772453308
27.849776417	4678762438	-90.000000000	-90.110763550	-0.772453308
27.849825310	4678770652	-90.000000000	-90.110763550	-0.110763550
27.899776357	4687162428	-90.000000000	-90.110763550	-0.110763550
27.899776393	4687162434	-90.000000000	-89.766685486	-0.110763550
27.899825310	4687170652	-90.000000000	-89.766685486	0.233314514
27.949776298	4695562418	-90.000000000	-89.766685486	0.233314514
27.949776333	4695562424	-90.000000000	-90.315032959	0.233314514
27.949825310	4695570652	-90.000000000	-90.315032959	-0.315032959
27.999776292	4703962417	-90.000000000	-90.315032959	-0.315032959
27.999776327	4703962423	-90.000000000	-90.600173950	-0.315032959
27.999825310	4703970652	-90.000000000	-90.600173950	-0.600173950
28.049776268	4712362413	-90.000000000	-90.600173950	-0.600173950
28.049776304	4712362419	-90.000000000	-90.748443604	-0.600173950
28.049825310	4712370652	-90.000000000	-90.748443604	-0.748443604
28.099776399	4720762435	-90.000000000	-90.748443604	-0.748443604
28.099776435	4720762441	-90.000000000	-90.825546265	-0.748443604
28.099825310	4720770652	-90.000000000	-90.825546265	-0.825546265
28.149776327	4729162423	-90.000000000	-90.825546265	-0.825546265
28.149776363	4729162429	-90.000000000	-90.138374329	-0.825546265
28.149825310	4729170652	-90.000000000	-90.138374329	-0.138374329
28.199776327	4737562423	-90.000000000	-90.138374329	-0.138374329
28.199776363	4737562429	-90.000000000	-90.508316040	-0.138374329
28.199825310	4737570652	-90.000000000	-90.508316040	-0.508316040
28.249776387	4745962433	-90.000000000	-90.508316040	-0.508316040
28.249776423	4745962439	-90.000000000	-89.973419189	-0.508316040
28.249825310	4745970652	-90.000000000	-89.973419189	0.026580811
28.299776399	4754362435	-90.000000000	-89.973419189	0.026580811
28.299776435	4754362441	-90.000000000	-88.967987061	0.026580811
28.299825310	4754370652	-90.000000000	-88.967987061	1.032012939
28.349776333	4762762424	-90.000000000	-88.967987061	1.032012939
28.349776369	4762762430	-90.000000000	-89.899711609	1.032012939
28.349825310	4762770652	-90.000000000	-89.899711609	0.100288391
28.399776310	4771162420	-90.000000000	-89.899711609	0.100288391
28.399776345	4771162426	-90.000000000	-90.384208679	0.100288391
28.399825310	4771170652	-90.000000000	-90.384208679	-0.384208679
28.449776387	4779562433	-90.000000000	-90.384208679	-0.384208679
28.449776423	4779562439	-90.000000000	-90.636146545	-0.384208679
28.449825310	4779570652	-90.000000000	-90.636146545	-0.636146545
28.499776321	4787962422	-90.000000000	-90.636146545	-0.636146545
28.499776357	4787962428	-90.000000000	-90.039886475	-0.636146545
28.499825310	4787970652	-90.000000000	-90.039886475	-0.039886475
28.549776310	4796362420	-90.000000000	-90.039886475	-0.039886475
28.549776345	4796362426	-90.000000000	-90.457099915	-0.039886475
28.549825310	4796370652	-90.000000000	-90.457099915	-0.457099915
28.599776250	4804762410	-90.000000000	-90.457099915	-0.457099915
28.599776286	4804762416	-90.000000000	-90.674049377	-0.457099915
28.599825310	4804770652	-90.000000000	-90.674049377	-0.674049377
28.649776250	4813162410	-90.000000000	-90.674049377	-0.674049377
28.649776286	4813162416	-90.000000000	-90.786865234	-0.674049377
28.649825310	4813170652	-90.000000000	-90.786865234	-0.786865234
28.699776411	4821562437	-90.000000000	-90.786865234	-0.786865234
28.699776446	4821562443	-90.000000000	-90.118255615	-0.786865234
28.699825310	4821570652	-90.000000000	-90.118255615	-0.118255615
28.749776411	4829962437	-90.000000000	-90.118255615	-0.118255615
28.749776446	4829962443	-90.000000000	-89.770584106	-0.118255615
28.749825310	4829970652	-90.000000000	-89.770584106	0.229415894
28.799776387	4838362433	-90.000000000	-89.770584106	0.229415894
28.799776423	4838362439	-90.000000000	-89.589797974	0.229415894
28.799825310	4838370652	-90.000000000	-89.589797974	0.410202026
28.849776399	4846762435	-90.000000000	-89.589797974	0.410202026
28.849776435	4846762441	-90.000000000	-89.495788574	0.410202026
28.849825310	4846770652	-90.000000000	-89.495788574	0.504211426
28.899776298	4855162418	-90.000000000	-89.495788574	0.504211426
28.899776333	4855162424	-90.000000000	-90.174163818	0.504211426
28.899825310	4855170652	-90.000000000	-90.174163818	-0.174163818
28.949776238	4863562408	-90.000000000	-90.174163818	-0.174163818
28.949776274	4863562414	-90.000000000	-90.526924133	-0.174163818
28.949825310	4863570652	-90.000000000	-90.526924133	-0.526924133
28.999776238	4871962408	-90.000000000	-90.526924133	-0.526924133
28.999776274	4871962414	-90.000000000	-90.710357666	-0.526924133
28.999825310	4871970652	-90.000000000	-90.710357666	-0.710357666
29.049776304	4880362419	-90.000000000	-90.710357666	-0.710357666
29.049776339	4880362425	-90.000000000	-90.805740356	-0.710357666
29.049825310	4880370652	-90.000000000	-90.805740356	-0.805740356
29.099776375	4888762431	-90.000000000	-90.805740356	-0.805740356
29.099776411	4888762437	-90.000000000	-89.400802612	-0.805740356
29.099825310	4888770652	-90.000000000	-89.400802612	0.599197388
29.149776333	4897162424	-90.000000000	-89.400802612	0.599197388
29.149776369	4897162430	-90.000000000	-90.124771118	0.599197388
29.149825310	4897170652	-90.000000000	-90.124771118	-0.124771118
29.199776351	4905562427	-90.000000000	-90.124771118	-0.124771118
29.199776387	4905562433	-90.000000000	-90.501235962	-0.124771118
29.199825310	4905570652	-90.000000000	-90.501235962	-0.501235962
29.249776429	4913962440	-90.000000000	-90.501235962	-0.501235962
29.249776464	4913962446	-90.000000000	-89.242462158	-0.501235962
29.249825310	4913970652	-90.000000000	-89.242462158	0.757537842
29.299776315	4922362421	-90.000000000	-89.242462158	0.757537842
29.299776351	4922362427	-90.000000000	-90.042434692	0.757537842
29.299825310	4922370652	-90.000000000	-90.042434692	-0.042434692
29.349776304	4930762419	-90.000000000	-90.042434692	-0.042434692
29.349776339	4930762425	-90.000000000	-89.731155396	-0.042434692
29.349825310	4930770652	-90.000000000	-89.731155396	0.268844604
29.399776345	4939162426	-90.000000000	-89.731155396	0.268844604
29.399776381	4939162432	-90.000000000	-90.296554565	0.268844604
29.399825310	4939170652	-90.000000000	-90.296554565	-0.296554565
29.449776345	4947562426	-90.000000000	-90.296554565	-0.296554565
29.449776381	4947562432	-90.000000000	-89.863296509	-0.296554565
29.449825310	4947570652	-90.000000000	-89.863296509	0.136703491
29.499776256	4955962411	-90.000000000	-89.863296509	0.136703491
29.499776292	4955962417	-90.000000000	-90.365272522	0.136703491
29.499825310	4955970652	-90.000000000	-90.365272522	-0.365272522
29.549776417	4964362438	-90.000000000	-90.365272522	-0.365272522
29.549776452	4964362444	-90.000000000	-89.899032593	-0.365272522
29.549825310	4964370652	-90.000000000	-89.899032593	0.100967407
29.599776381	4972762432	-90.000000000	-89.899032593	0.100967407
29.599776417	4972762438	-90.000000000	-89.656585693	0.100967407
29.599825310	4972770652	-90.000000000	-89.656585693	0.343414307
29.649776357	4981162428	-90.000000000	-89.656585693	0.343414307
29.649776393	4981162434	-90.000000000	-89.530517578	0.343414307
29.649825310	4981170652	-90.000000000	-89.530517578	0.469482422
29.699776238	4989562408	-90.000000000	-89.530517578	0.469482422
29.699776274	4989562414	-90.000000000	-90.192230225	0.469482422
29.699825310	4989570652	-90.000000000	-90.192230225	-0.192230225
29.749776464	4997962446	-90.000000000	-90.192230225	-0.192230225
29.749776500	4997962452	-90.000000000	-89.809051514	-0.192230225
29.749825310	4997970652	-90.000000000	-89.809051514	0.190948486
29.799776321	5006362422	-90.000000000	-89.809051514	0.190948486
29.799776357	5006362428	-90.000000000	-90.337066650	0.190948486
29.799825310	5006370652	-90.000000000	-90.337066650	-0.337066650
29.849815310	5014768972	-90.000000000	-90.337066650	-0.611633301
29.899776369	5023162430	-90.000000000	-90.337066650	-0.611633301
29.899776405	5023162436	-90.000000000	-90.754409790	-0.611633301
29.899825310	5023170652	-90.000000000	-90.754409790	-0.754409790
29.949776417	5031562438	-90.000000000	-90.754409790	-0.754409790
29.949776452	5031562444	-90.000000000	-89.374107361	-0.754409790
29.949825310	5031570652	-90.000000000	-89.374107361	0.625892639
29.999776274	5039962414	-90.000000000	-89.374107361	0.625892639
29.999776310	5039962420	-90.000000000	-90.110893250	0.625892639
29.999825310	5039970652	-90.000000000	-90.110893250	-0.110893250
30.049776256	5048362411	-90.000000000	-90.110893250	-0.110893250
30.049776292	5048362417	-90.000000000	-90.494018555	-0.110893250
30.049825310	5048370652	-90.000000000	-90.494018555	-0.494018555
30.099776375	5056762431	-90.000000000	-90.494018555	-0.494018555
30.099776411	5056762437	-90.000000000	-89.965980530	-0.494018555
30.099825310	5056770652	-90.000000000	-89.965980530	0.034019470
30.149776250	5065162410	-90.000000000	-89.965980530	0.034019470
30.149776286	5065162416	-90.000000000	-90.418670654	0.034019470
30.149825310	5065170652	-90.000000000	-90.418670654	-0.418670654
30.199776357	5073562428	-90.000000000	-90.418670654	-0.418670654
30.199776393	5073562434	-90.000000000	-89.926803589	-0.418670654
30.199825310	5073570652	-90.000000000	-89.926803589	0.073196411
