Time (sec.)	Cycles	"speed_target"	"speed_actual"	"speed_error"
0.000000000	0	0.000000000	0.000000000	0.000000000
0.000000000	0	0.000000000	0.000000000	0.000000000
0.000000000	0	0.000000000	0.000000000	0.000000000
1.048596887	176164277	90.000000000	0.000000000	0.000000000
1.048596887	176164277	90.000000000	0.000000000	0.000000000
1.048641357	176171748	90.000000000	0.000000000	-137.000000000
1.098597363	184564357	90.000000000	0.000000000	-137.000000000
1.098597363	184564357	90.000000000	1.454545379	-137.000000000
1.098641357	184571748	90.000000000	1.454545379	-136.000000000
1.148597327	192964351	90.000000000	1.454545379	-136.000000000
1.148597327	192964351	90.000000000	5.847271919	-136.000000000
1.148641357	192971748	90.000000000	5.847271919	-132.000000000
1.198597321	201364350	90.000000000	5.847271919	-132.000000000
1.198597321	201364350	90.000000000	13.949672699	-132.000000000
1.198656357	201374268	90.000000000	13.949672699	-121.000000000
1.248597274	209764342	90.000000000	13.949672699	-121.000000000
1.248597274	209764342	90.000000000	26.890193939	-121.000000000
1.248641357	209771748	90.000000000	26.890193939	-82.030311584
1.298598024	218164468	90.000000000	26.890193939	-82.030311584
1.298598024	218164468	90.000000000	40.891990662	-82.030311584
1.298641357	218171748	90.000000000	40.891990662	-63.030311584
1.348597304	226564347	90.000000000	40.891990662	-63.030311584
1.348597304	226564347	90.000000000	53.991104126	-63.030311584
1.348641357	226571748	90.000000000	53.991104126	-27.330684662
1.398597387	234964361	90.000000000	53.991104126	-27.330684662
1.398597387	234964361	90.000000000	65.893554688	-27.330684662
1.398641357	234971748	90.000000000	65.893554688	1.584056854
1.448597845	243364438	90.000000000	65.893554688	1.584056854
1.448597845	243364438	90.000000000	73.537376404	1.584056854
1.448641357	243371748	90.000000000	73.537376404	13.403823853
1.498597339	251764353	90.000000000	73.537376404	13.403823853
1.498597339	251764353	90.000000000	78.239433289	13.403823853
1.498641357	251771748	90.000000000	78.239433289	17.747116089
1.548597423	260164367	90.000000000	78.239433289	17.747116089
1.548597423	260164367	90.000000000	81.411773682	17.747116089
1.548641357	260171748	90.000000000	81.411773682	19.067543030
1.598597429	268564368	90.000000000	81.411773682	19.067543030
1.598597429	268564368	90.000000000	83.061393738	19.067543030
1.598641357	268571748	90.000000000	83.061393738	21.067543030
1.648597327	276964351	90.000000000	83.061393738	21.067543030
1.648597327	276964351	90.000000000	82.464653015	21.067543030
1.648641357	276971748	90.000000000	82.464653015	15.532566071
1.698597905	285364448	90.000000000	82.464653015	15.532566071
1.698597905	285364448	90.000000000	82.154342651	15.532566071
1.698641357	285371748	90.000000000	82.154342651	11.020996094
1.748597470	293764375	90.000000000	82.154342651	11.020996094
1.748597470	293764375	90.000000000	80.538436890	11.020996094
1.748641357	293771748	90.000000000	80.538436890	4.240098953
1.798597417	302164366	90.000000000	80.538436890	4.240098953
1.798597417	302164366	90.000000000	78.970893860	4.240098953
1.798641357	302171748	90.000000000	78.970893860	-0.312467575
1.848597857	310564440	90.000000000	78.970893860	-0.312467575
1.848597857	310564440	90.000000000	75.973953247	-0.312467575
1.848641357	310571748	90.000000000	75.973953247	-5.065013885
1.898597315	318964349	90.000000000	75.973953247	-5.065013885
1.898597315	318964349	90.000000000	74.415542603	-5.065013885
1.898641357	318971748	90.000000000	74.415542603	-8.065013885
1.948597304	327364347	90.000000000	74.415542603	-8.065013885
1.948597304	327364347	90.000000000	73.605163574	-8.065013885
1.948641357	327371748	90.000000000	73.605163574	-9.442258835
1.998597363	335764357	90.000000000	73.605163574	-9.442258835
1.998597363	335764357	90.000000000	73.911048889	-9.442258835
1.998641357	335771748	90.000000000	73.911048889	-7.994319916
2.048597429	344164368	90.000000000	73.911048889	-7.994319916
2.048597429	344164368	90.000000000	75.524650574	-7.994319916
2.048636357	344170908	90.000000000	75.524650574	-4.409587860
2.098597946	352564455	90.000000000	75.524650574	-4.409587860
2.098597946	352564455	90.000000000	77.090995789	-4.409587860
2.098641357	352571748	90.000000000	77.090995789	-1.995723724
2.148597429	360964368	90.000000000	77.090995789	-1.995723724
2.148597429	360964368	90.000000000	77.905494690	-1.995723724
2.148641357	360971748	90.000000000	77.905494690	-1.642700195
2.198597339	369364353	90.000000000	77.905494690	-1.642700195
2.198597339	369364353	90.000000000	79.783584595	-1.642700195
2.198641357	369371748	90.000000000	79.783584595	1.506420135
2.248597810	377764432	90.000000000	79.783584595	1.506420135
2.248597810	377764432	90.000000000	80.760192871	1.506420135
2.248651357	377773428	90.000000000	80.760192871	2.506420135
2.298597423	386164367	90.000000000	80.760192871	2.506420135
2.298597423	386164367	90.000000000	80.540756226	2.506420135
2.298641357	386171748	90.000000000	80.540756226	2.237579346
2.348597911	394564449	90.000000000	80.540756226	2.237579346
2.348597911	394564449	90.000000000	81.153915405	2.237579346
2.348641357	394571748	90.000000000	81.153915405	1.360305786
2.398597411	402964365	90.000000000	81.153915405	1.360305786
2.398597411	402964365	90.000000000	80.745491028	1.360305786
2.398641357	402971748	90.000000000	80.745491028	0.654949188
2.448597381	411364360	90.000000000	80.745491028	0.654949188
2.448597381	411364360	90.000000000	80.533111572	0.654949188
2.448656357	411374268	90.000000000	80.533111572	-0.231287003
2.498597935	419764453	90.000000000	80.533111572	-0.231287003
2.498597935	419764453	90.000000000	81.149948120	-0.231287003
2.498641357	419771748	90.000000000	81.149948120	0.478984833
2.548597435	428164369	90.000000000	81.149948120	0.478984833
2.548597435	428164369	90.000000000	80.743423462	0.478984833
2.548641357	428171748	90.000000000	80.743423462	-0.521015167
2.598597363	436564357	90.000000000	80.743423462	-0.521015167
2.598597363	436564357	90.000000000	81.259307861	-0.521015167
2.598641357	436571748	90.000000000	81.259307861	1.200439453
2.648597310	444964348	90.000000000	81.259307861	1.200439453
2.648597310	444964348	90.000000000	81.527565002	1.200439453
2.648641357	444971748	90.000000000	81.527565002	1.453990936
2.698597333	453364352	90.000000000	81.527565002	1.453990936
2.698597333	453364352	90.000000000	81.667060852	1.453990936
2.698641357	453371748	90.000000000	81.667060852	1.248136520
2.748597923	461764451	90.000000000	81.667060852	1.248136520
2.748597923	461764451	90.000000000	81.739593506	1.248136520
2.748641357	461771748	90.000000000	81.739593506	1.124624252
2.798597518	470164383	90.000000000	81.739593506	1.124624252
2.798597518	470164383	90.000000000	81.050041199	1.124624252
2.798641357	470171748	90.000000000	81.050041199	-3.635028839
2.848597357	478564356	90.000000000	81.050041199	-3.635028839
2.848597357	478564356	90.000000000	78.509658813	-3.635028839
2.848641357	478571748	90.000000000	78.509658813	-7.635028839
2.898597893	486964446	90.000000000	78.509658813	-7.635028839
2.898597893	486964446	90.000000000	81.552291870	-7.635028839
2.898641357	486971748	90.000000000	81.552291870	1.259262085
2.948597399	495364363	90.000000000	81.552291870	1.259262085
2.948597399	495364363	90.000000000	85.316284180	1.259262085
2.948641357	495371748	90.000000000	85.316284180	11.460380554
2.998597399	503764363	90.000000000	85.316284180	11.460380554
2.998597399	503764363	90.000000000	88.000823975	11.460380554
2.998641357	503771748	90.000000000	88.000823975	15.000537872
3.048597435	512164369	90.000000000	88.000823975	15.000537872
3.048597435	512164369	90.000000000	88.669517517	15.000537872
3.048641357	512171748	90.000000000	88.669517517	13.218078613
3.098597363	520564357	90.000000000	88.669517517	13.218078613
3.098597363	520564357	90.000000000	89.744506836	13.218078613
3.098641357	520571748	90.000000000	89.744506836	13.190616608
3.148597946	528964455	90.000000000	89.744506836	13.190616608
3.148597946	528964455	90.000000000	88.121688843	13.190616608
3.148641357	528971748	90.000000000	88.121688843	8.436836243
3.198597440	537364370	90.000000000	88.121688843	8.436836243
3.198597440	537364370	90.000000000	85.823272705	8.436836243
3.198641357	537371748	90.000000000	85.823272705	5.436836243
3.248597393	545764362	90.000000000	85.823272705	5.436836243
3.248597393	545764362	90.000000000	84.628097534	5.436836243
3.248641357	545771748	90.000000000	84.628097534	2.384567261
3.298597833	554164436	90.000000000	84.628097534	2.384567261
3.298597833	554164436	90.000000000	83.279342651	2.384567261
3.298636357	554170908	90.000000000	83.279342651	-0.425786972
3.348597780	562564427	90.000000000	83.279342651	-0.425786972
3.348597780	562564427	90.000000000	82.577987671	-0.425786972
3.348641357	562571748	90.000000000	82.577987671	-1.375020981
3.398597375	570964359	90.000000000	82.577987671	-1.375020981
3.398597375	570964359	90.000000000	82.213279724	-1.375020981
3.398641357	570971748	90.000000000	82.213279724	-2.165241241
3.448597339	579364353	90.000000000	82.213279724	-2.165241241
3.448597339	579364353	90.000000000	82.023635864	-2.165241241
3.448641357	579371748	90.000000000	82.023635864	-2.681388855
3.498638357	587771244	90.000000000	82.023635864	-2.681388855
3.498638357	587771244	90.000000000	81.925018311	-2.681388855
3.498638357	587771244	90.000000000	81.925018311	-2.681388855
3.548598024	596164468	90.000000000	81.925018311	-2.681388855
3.548598024	596164468	90.000000000	82.601013184	-2.681388855
3.548641357	596171748	90.000000000	82.601013184	-1.391075134
3.598597411	604564365	90.000000000	82.601013184	-1.391075134
3.598597411	604564365	90.000000000	82.952529907	-1.391075134
3.598641357	604571748	90.000000000	82.952529907	-1.037895203
3.648597387	612964361	90.000000000	82.952529907	-1.037895203
3.648597387	612964361	90.000000000	82.408042908	-1.037895203
3.648641357	612971748	90.000000000	82.408042908	-1.825986862
3.698597923	621364451	90.000000000	82.408042908	-1.825986862
3.698597923	621364451	90.000000000	83.579452515	-1.825986862
3.698636357	621370908	90.000000000	83.579452515	-0.056827545
3.748597357	629764356	90.000000000	83.579452515	-0.056827545
3.748597357	629764356	90.000000000	82.734039307	-0.056827545
3.748641357	629771748	90.000000000	82.734039307	-2.016338348
3.798597982	638164461	90.000000000	82.734039307	-2.016338348
3.798597982	638164461	90.000000000	83.748970032	-2.016338348
3.798641357	638171748	90.000000000	83.748970032	-0.016338348
3.848597387	646564361	90.000000000	83.748970032	-0.016338348
3.848597387	646564361	90.000000000	83.549461365	-0.016338348
3.848641357	646571748	90.000000000	83.549461365	-0.992046356
3.898597393	654964362	90.000000000	83.549461365	-0.992046356
3.898597393	654964362	90.000000000	84.172988892	-0.992046356
3.898641357	654971748	90.000000000	84.172988892	0.022529602
3.948597905	663364448	90.000000000	84.172988892	0.022529602
3.948597905	663364448	90.000000000	83.769950867	0.022529602
3.948641357	663371748	90.000000000	83.769950867	-0.968723297
3.998597446	671764371	90.000000000	83.769950867	-0.968723297
3.998597446	671764371	90.000000000	84.287643433	-0.968723297
3.998641357	671771748	90.000000000	84.287643433	0.036521912
4.048597440	680164370	90.000000000	84.287643433	0.036521912
4.048597440	680164370	90.000000000	84.556846619	0.036521912
4.048641357	680171748	90.000000000	84.556846619	-0.139324188
4.098597411	688564365	90.000000000	84.556846619	-0.139324188
4.098597411	688564365	90.000000000	85.424102783	-0.139324188
4.098641357	688571748	90.000000000	85.424102783	0.860675812
4.148597393	696964362	90.000000000	85.424102783	0.860675812
4.148597393	696964362	90.000000000	85.875076294	0.860675812
4.148641357	696971748	90.000000000	85.875076294	1.396856308
4.198597929	705364452	90.000000000	85.875076294	1.396856308
4.198597929	705364452	90.000000000	85.382308960	1.396856308
4.198641357	705371748	90.000000000	85.382308960	0.297885895
4.248597446	713764371	90.000000000	85.382308960	0.297885895
4.248597446	713764371	90.000000000	85.126068115	0.297885895
4.248641357	713771748	90.000000000	85.126068115	0.238502502
4.298597464	722164374	90.000000000	85.126068115	0.238502502
4.298597464	722164374	90.000000000	84.992828369	0.238502502
4.298641357	722171748	90.000000000	84.992828369	-0.618133545
4.348597958	730564457	90.000000000	84.992828369	-0.618133545
4.348597958	730564457	90.000000000	84.923538208	-0.618133545
4.348641357	730571748	90.000000000	84.923538208	-0.711109161
4.398597893	738964446	90.000000000	84.923538208	-0.711109161
4.398597893	738964446	90.000000000	84.887512207	-0.711109161
4.398641357	738971748	90.000000000	84.887512207	-0.766895294
4.448597405	747364364	90.000000000	84.887512207	-0.766895294
4.448597405	747364364	90.000000000	84.141510010	-0.766895294
4.448656357	747374268	90.000000000	84.141510010	-1.766895294
4.498597464	755764374	90.000000000	84.141510010	-1.766895294
4.498597464	755764374	90.000000000	84.480850220	-1.766895294
4.498641357	755771748	90.000000000	84.480850220	-1.263387680
4.548597435	764164369	90.000000000	84.480850220	-1.263387680
4.548597435	764164369	90.000000000	85.384590149	-1.263387680
4.548641357	764171748	90.000000000	85.384590149	-0.140274048
4.598597917	772564450	90.000000000	85.384590149	-0.140274048
4.598597917	772564450	90.000000000	86.581802368	-0.140274048
4.598641357	772571748	90.000000000	86.581802368	1.754600525
4.648597393	780964362	90.000000000	86.581802368	1.754600525
4.648597393	780964362	90.000000000	86.477081299	1.754600525
4.648641357	780971748	90.000000000	86.477081299	1.691524506
4.698597446	789364371	90.000000000	86.477081299	1.691524506
4.698597446	789364371	90.000000000	86.422630310	1.691524506
4.698641357	789371748	90.000000000	86.422630310	1.653678894
4.748597982	797764461	90.000000000	86.422630310	1.653678894
4.748597982	797764461	90.000000000	86.394317627	1.653678894
4.748636357	797770908	90.000000000	86.394317627	1.653678894
4.798597405	806164364	90.000000000	86.394317627	1.653678894
4.798597405	806164364	90.000000000	85.652313232	1.653678894
4.798641357	806171748	90.000000000	85.652313232	-0.727342606
4.848597405	814564364	90.000000000	85.652313232	-0.727342606
4.848597405	814564364	90.000000000	84.539199829	-0.727342606
4.848641357	814571748	90.000000000	84.539199829	-2.492933273
4.898597429	822964368	90.000000000	84.539199829	-2.492933273
4.898597429	822964368	90.000000000	85.414932251	-2.492933273
4.898641357	822971748	90.000000000	85.414932251	-1.056995392
4.948634857	831370656	90.000000000	85.414932251	-1.056995392
4.948634857	831370656	90.000000000	85.414932251	-1.795433044
4.998597917	839764450	90.000000000	85.414932251	-1.795433044
4.998597917	839764450	90.000000000	85.728927612	-1.795433044
4.998641357	839771748	90.000000000	85.728927612	-0.638496399
5.048597363	848164357	90.000000000	85.728927612	-0.638496399
5.048597363	848164357	90.000000000	86.033584595	-0.638496399
5.048641357	848171748	90.000000000	86.033584595	-0.638496399
5.098597381	856564360	90.000000000	86.033584595	-0.638496399
5.098597381	856564360	90.000000000	85.464736938	-0.638496399
5.098641357	856571748	90.000000000	85.464736938	-1.902647018
5.148597923	864964451	90.000000000	85.464736938	-1.902647018
5.148597923	864964451	90.000000000	85.896209717	-1.902647018
5.148636357	864970908	90.000000000	85.896209717	-0.344839096
5.198597381	873364360	90.000000000	85.896209717	-0.344839096
5.198597381	873364360	90.000000000	86.847839355	-0.344839096
5.198641357	873371748	90.000000000	86.847839355	0.452865601
5.248597923	881764451	90.000000000	86.847839355	0.452865601
5.248597923	881764451	90.000000000	86.615417480	0.452865601
5.248641357	881771748	90.000000000	86.615417480	0.689476013
5.298597440	890164370	90.000000000	86.615417480	0.689476013
5.298597440	890164370	90.000000000	85.767288208	0.689476013
5.298641357	890171748	90.000000000	85.767288208	-0.526542664
5.348597429	898564368	90.000000000	85.767288208	-0.526542664
5.348597429	898564368	90.000000000	86.780807495	-0.526542664
5.348641357	898571748	90.000000000	86.780807495	0.880823135
5.398597940	906964454	90.000000000	86.780807495	0.880823135
5.398597940	906964454	90.000000000	86.580566406	0.880823135
5.398641357	906971748	90.000000000	86.580566406	0.880823135
5.448640357	915371580	90.000000000	86.580566406	-0.232742310
5.498597417	923764366	90.000000000	86.580566406	-0.232742310
5.498597417	923764366	90.000000000	86.422294617	-0.232742310
5.498641357	923771748	90.000000000	86.422294617	-0.479873657
5.548597405	932164364	90.000000000	86.422294617	-0.479873657
5.548597405	932164364	90.000000000	86.394134521	-0.479873657
5.548641357	932171748	90.000000000	86.394134521	-0.270168304
5.598597429	940564368	90.000000000	86.394134521	-0.270168304
5.598597429	940564368	90.000000000	86.379501343	-0.270168304
5.598641357	940571748	90.000000000	86.379501343	-0.144344330
5.648597994	948964463	90.000000000	86.379501343	-0.144344330
5.648597994	948964463	90.000000000	86.371887207	-0.144344330
5.648641357	948971748	90.000000000	86.371887207	0.289136887
5.698597440	957364370	90.000000000	86.371887207	0.289136887
5.698597440	957364370	90.000000000	87.095199585	0.289136887
5.698641357	957371748	90.000000000	87.095199585	1.289136887
5.748597423	965764367	90.000000000	87.095199585	1.289136887
5.748597423	965764367	90.000000000	86.744049072	1.289136887
5.748641357	965771748	90.000000000	86.744049072	0.012245178
5.798597935	974164453	90.000000000	86.744049072	0.012245178
5.798597935	974164453	90.000000000	87.288719177	0.012245178
5.798641357	974171748	90.000000000	87.288719177	0.846111298
5.848597381	982564360	90.000000000	87.288719177	0.846111298
5.848597381	982564360	90.000000000	86.844680786	0.846111298
5.848641357	982571748	90.000000000	86.844680786	-0.074577332
5.898597429	990964368	90.000000000	86.844680786	-0.074577332
5.898597429	990964368	90.000000000	86.613784790	-0.074577332
5.898641357	990971748	90.000000000	86.613784790	-0.205982208
5.948597446	999364371	90.000000000	86.613784790	-0.205982208
5.948597446	999364371	90.000000000	86.493713379	-0.205982208
5.948641357	999371748	90.000000000	86.493713379	-0.284824371
5.998597435	1007764369	90.000000000	86.493713379	-0.284824371
5.998597435	1007764369	90.000000000	87.158546448	-0.284824371
5.998641357	1007771748	90.000000000	87.158546448	0.715175629
6.048598000	1016164464	90.000000000	87.158546448	0.715175629
6.048598000	1016164464	90.000000000	86.776992798	0.715175629
6.048636357	1016170908	90.000000000	86.776992798	-0.332130432
6.098597411	1024564365	150.000000000	86.776992798	-0.332130432
6.098597411	1024564365	150.000000000	87.305847168	-0.332130432
6.098641357	1024571748	150.000000000	87.305847168	-91.360519409
6.148597298	1032964346	150.000000000	87.305847168	-91.360519409
6.148597298	1032964346	150.000000000	89.035400391	-91.360519409
6.148641357	1032971748	150.000000000	89.035400391	-86.080734253
6.198597899	1041364447	150.000000000	89.035400391	-86.080734253
6.198597899	1041364447	150.000000000	95.752944946	-86.080734253
6.198651857	1041373512	150.000000000	95.752944946	-63.949672699
6.248597345	1049764354	150.000000000	95.752944946	-63.949672699
6.248597345	1049764354	150.000000000	103.609710693	-63.949672699
6.248641357	1049771748	150.000000000	103.609710693	-41.490524292
6.298597524	1058164384	150.000000000	103.609710693	-41.490524292
6.298597524	1058164384	150.000000000	112.786132813	-41.490524292
6.298641357	1058171748	150.000000000	112.786132813	-21.435714722
6.348597357	1066564356	150.000000000	112.786132813	-21.435714722
6.348597357	1066564356	150.000000000	120.466972351	-21.435714722
6.348641357	1066571748	150.000000000	120.466972351	-10.435714722
6.398632857	1074970320	150.000000000	120.466972351	0.648605347
6.448640357	1083371580	150.000000000	120.466972351	4.676666260
6.498597637	1091764403	150.000000000	120.466972351	4.676666260
6.498597637	1091764403	150.000000000	133.007858276	4.676666260
6.498641357	1091771748	150.000000000	133.007858276	2.628639221
6.548597655	1100164406	150.000000000	133.007858276	2.628639221
6.548597655	1100164406	150.000000000	134.618621826	2.628639221
6.548641357	1100171748	150.000000000	134.618621826	1.125862122
6.598641857	1108571832	150.000000000	134.618621826	1.125862122
6.598641857	1108571832	150.000000000	135.456222534	1.125862122
6.598641857	1108571832	150.000000000	135.456222534	0.024200439
6.648597405	1116964364	150.000000000	135.456222534	0.024200439
6.648597405	1116964364	150.000000000	135.891784668	0.024200439
6.648641357	1116971748	150.000000000	135.891784668	1.024200439
6.698597887	1125364445	150.000000000	135.891784668	1.024200439
6.698597887	1125364445	150.000000000	136.118270874	1.024200439
6.698641357	1125371748	150.000000000	136.118270874	-0.415794373
6.748597381	1133764360	150.000000000	136.118270874	-0.415794373
6.748597381	1133764360	150.000000000	136.236053467	-0.415794373
6.748641357	1133771748	150.000000000	136.236053467	-2.279785156
6.798597655	1142164406	150.000000000	136.236053467	-2.279785156
6.798597655	1142164406	150.000000000	136.297286987	-2.279785156
6.798641357	1142171748	150.000000000	136.297286987	-2.440193176
6.848598000	1150564464	150.000000000	136.297286987	-2.440193176
6.848598000	1150564464	150.000000000	136.329132080	-2.440193176
6.848641357	1150571748	150.000000000	136.329132080	-2.178451538
6.898597363	1158964357	150.000000000	136.329132080	-2.178451538
6.898597363	1158964357	150.000000000	137.072967529	-2.178451538
6.898641357	1158971748	150.000000000	137.072967529	-1.200401306
6.948597315	1167364349	150.000000000	137.072967529	-1.200401306
6.948597315	1167364349	150.000000000	136.732482910	-1.200401306
6.948641357	1167371748	150.000000000	136.732482910	-2.200401306
6.998597387	1175764361	150.000000000	136.732482910	-2.200401306
6.998597387	1175764361	150.000000000	137.282714844	-2.200401306
6.998641357	1175771748	150.000000000	137.282714844	-2.213569641
7.048597321	1184164350	150.000000000	137.282714844	-2.213569641
7.048597321	1184164350	150.000000000	137.568817139	-2.213569641
7.048641357	1184171748	150.000000000	137.568817139	-1.042480469
7.098597875	1192564443	150.000000000	137.568817139	-1.042480469
7.098597875	1192564443	150.000000000	137.717590332	-1.042480469
7.098641357	1192571748	150.000000000	137.717590332	-0.581844330
7.148597357	1200964356	150.000000000	137.717590332	-0.581844330
7.148597357	1200964356	150.000000000	137.794952393	-0.581844330
7.148641357	1200971748	150.000000000	137.794952393	-1.126468658
7.198597393	1209364362	150.000000000	137.794952393	-1.126468658
7.198597393	1209364362	150.000000000	138.562469482	-1.126468658
7.198641357	1209371748	150.000000000	138.562469482	-0.211227417
7.248597970	1217764459	150.000000000	138.562469482	-0.211227417
7.248597970	1217764459	150.000000000	138.961578369	-0.211227417
7.248641357	1217771748	150.000000000	138.961578369	0.916908264
7.298597393	1226164362	150.000000000	138.961578369	0.916908264
7.298597393	1226164362	150.000000000	139.169097900	0.916908264
7.298641357	1226171748	150.000000000	139.169097900	0.916908264
7.348597423	1234564367	150.000000000	139.169097900	0.916908264
7.348597423	1234564367	150.000000000	140.004272461	0.916908264
7.348641357	1234571748	150.000000000	140.004272461	1.456809998
7.398597405	1242964364	150.000000000	140.004272461	1.456809998
7.398597405	1242964364	150.000000000	138.984039307	1.456809998
7.398641357	1242971748	150.000000000	138.984039307	-0.819244385
7.448597958	1251364457	150.000000000	138.984039307	-0.819244385
7.448597958	1251364457	150.000000000	139.908050537	-0.819244385
7.448641357	1251371748	150.000000000	139.908050537	0.373107910
7.498598226	1259764502	150.000000000	139.908050537	0.373107910
7.498598226	1259764502	150.000000000	139.661270142	0.373107910
7.498641357	1259771748	150.000000000	139.661270142	-1.227455139
7.548597435	1268164369	150.000000000	139.661270142	-1.227455139
7.548597435	1268164369	150.000000000	139.532943726	-1.227455139
7.548641357	1268171748	150.000000000	139.532943726	-1.408798218
7.598597405	1276564364	150.000000000	139.532943726	-1.408798218
7.598597405	1276564364	150.000000000	138.738952637	-1.408798218
7.598641357	1276571748	150.000000000	138.738952637	-2.408798218
7.648654857	1284974016	150.000000000	138.738952637	-2.408798218
7.648654857	1284974016	150.000000000	138.738952637	-10.219390869
7.648654857	1284974016	150.000000000	138.738952637	-1.696594238
7.698597405	1293364364	150.000000000	138.738952637	-1.696594238
7.698597405	1293364364	150.000000000	139.595001221	-1.696594238
7.698641357	1293371748	150.000000000	139.595001221	-2.153305054
7.748598208	1301764499	150.000000000	139.595001221	-2.153305054
7.748598208	1301764499	150.000000000	139.498489380	-2.153305054
7.748641357	1301771748	150.000000000	139.498489380	-2.185317993
7.798597417	1310164366	150.000000000	139.498489380	-2.185317993
7.798597417	1310164366	150.000000000	140.175567627	-2.185317993
7.798641357	1310171748	150.000000000	140.175567627	-0.488552094
7.848652357	1318573596	150.000000000	140.175567627	0.108829498
7.898597970	1326964459	150.000000000	140.175567627	0.108829498
7.898597970	1326964459	150.000000000	140.710723877	0.108829498
7.898641357	1326971748	150.000000000	140.710723877	0.108829498
7.948597417	1335364366	150.000000000	140.710723877	0.108829498
7.948597417	1335364366	150.000000000	140.805923462	0.108829498
7.948641357	1335371748	150.000000000	140.805923462	-0.428031921
7.998597435	1343764369	150.000000000	140.805923462	-0.428031921
7.998597435	1343764369	150.000000000	141.582702637	-0.428031921
7.998641357	1343771748	150.000000000	141.582702637	-0.108139038
8.048597393	1352164362	150.000000000	141.582702637	-0.108139038
8.048597393	1352164362	150.000000000	141.259353638	-0.108139038
8.048641357	1352171748	150.000000000	141.259353638	-1.337211609
8.098597435	1360564369	150.000000000	141.259353638	-1.337211609
8.098597435	1360564369	150.000000000	141.818496704	-1.337211609
8.098641357	1360571748	150.000000000	141.818496704	-0.653648376
8.148597905	1368964448	150.000000000	141.818496704	-0.653648376
8.148597905	1368964448	150.000000000	142.109252930	-0.653648376
8.148641357	1368971748	150.000000000	142.109252930	-0.843505859
8.198597351	1377364355	150.000000000	142.109252930	-0.843505859
8.198597351	1377364355	150.000000000	142.260437012	-0.843505859
8.198641357	1377371748	150.000000000	142.260437012	-0.843505859
8.248597327	1385764351	150.000000000	142.260437012	-0.843505859
8.248597327	1385764351	150.000000000	142.339050293	-0.843505859
8.248641357	1385771748	150.000000000	142.339050293	-0.599433899
8.298597851	1394164439	150.000000000	142.339050293	-0.599433899
8.298597851	1394164439	150.000000000	142.379943848	-0.599433899
8.298641357	1394171748	150.000000000	142.379943848	-0.631988525
8.348597393	1402564362	150.000000000	142.379943848	-0.631988525
8.348597393	1402564362	150.000000000	142.401199341	-0.631988525
8.348641357	1402571748	150.000000000	142.401199341	-1.009506226
8.398597333	1410964352	150.000000000	142.401199341	-1.009506226
8.398597333	1410964352	150.000000000	143.139526367	-1.009506226
8.398641357	1410971748	150.000000000	143.139526367	0.479957581
8.448597387	1419364361	150.000000000	143.139526367	0.479957581
8.448597387	1419364361	150.000000000	142.796173096	0.479957581
8.448641357	1419371748	150.000000000	142.796173096	-0.047370911
8.498597452	1427764372	150.000000000	142.796173096	-0.047370911
8.498597452	1427764372	150.000000000	143.344909668	-0.047370911
8.498641357	1427771748	150.000000000	143.344909668	0.341262817
8.548597881	1436164444	150.000000000	143.344909668	0.341262817
8.548597881	1436164444	150.000000000	144.357528687	0.341262817
8.548641357	1436171748	150.000000000	144.357528687	1.341262817
8.598597333	1444564352	150.000000000	144.357528687	1.341262817
8.598597333	1444564352	150.000000000	144.156799316	1.341262817
8.598641357	1444571748	150.000000000	144.156799316	1.511428833
8.648597327	1452964351	150.000000000	144.156799316	1.511428833
8.648597327	1452964351	150.000000000	144.779708862	1.511428833
8.648641357	1452971748	150.000000000	144.779708862	2.434532166
8.698597964	1461364458	150.000000000	144.779708862	2.434532166
8.698597964	1461364458	150.000000000	143.649078369	2.434532166
8.698641357	1461371748	150.000000000	143.649078369	0.209403992
8.748597452	1469764372	150.000000000	143.649078369	0.209403992
8.748597452	1469764372	150.000000000	143.788421631	0.209403992
8.748641357	1469771748	150.000000000	143.788421631	0.253318787
8.798597327	1478164351	150.000000000	143.788421631	0.253318787
8.798597327	1478164351	150.000000000	144.588150024	0.253318787
8.798641357	1478171748	150.000000000	144.588150024	0.921676636
8.848597423	1486564367	150.000000000	144.588150024	0.921676636
8.848597423	1486564367	150.000000000	142.822189331	0.921676636
8.848641357	1486571748	150.000000000	142.822189331	-2.078323364
8.898597429	1494964368	150.000000000	142.822189331	-2.078323364
8.898597429	1494964368	150.000000000	143.358428955	-2.078323364
8.898641357	1494971748	150.000000000	143.358428955	-1.456626892
8.948597929	1503364452	150.000000000	143.358428955	-1.456626892
8.948597929	1503364452	150.000000000	144.364562988	-1.456626892
8.948641357	1503371748	150.000000000	144.364562988	-0.146301270
8.998597494	1511764379	150.000000000	144.364562988	-0.146301270
8.998597494	1511764379	150.000000000	143.433197021	-0.146301270
8.998641357	1511771748	150.000000000	143.433197021	-1.139099121
9.048597310	1520164348	150.000000000	143.433197021	-1.139099121
9.048597310	1520164348	150.000000000	144.403442383	-1.139099121
9.048641357	1520171748	150.000000000	144.403442383	-0.134780884
9.098650357	1528573260	150.000000000	144.403442383	-0.134780884
9.098650357	1528573260	150.000000000	144.403442383	0.225799561
9.148597405	1536964364	150.000000000	144.403442383	0.225799561
9.148597405	1536964364	150.000000000	144.792144775	0.225799561
9.148641357	1536971748	150.000000000	144.792144775	0.225799561
9.198597804	1545364431	150.000000000	144.792144775	0.225799561
9.198597804	1545364431	150.000000000	145.110092163	0.225799561
9.198641357	1545371748	150.000000000	145.110092163	1.800132751
9.248597351	1553764355	150.000000000	145.110092163	1.800132751
9.248597351	1553764355	150.000000000	145.275421143	1.800132751
9.248641357	1553771748	150.000000000	145.275421143	1.428764343
9.298597268	1562164341	150.000000000	145.275421143	1.428764343
9.298597268	1562164341	150.000000000	145.361389160	1.428764343
9.298641357	1562171748	150.000000000	145.361389160	1.384933472
9.348597970	1570564459	150.000000000	145.361389160	1.384933472
9.348597970	1570564459	150.000000000	145.406097412	1.384933472
9.348641357	1570571748	150.000000000	145.406097412	0.642333984
9.398597917	1578964450	150.000000000	145.406097412	0.642333984
9.398597917	1578964450	150.000000000	145.429351807	0.642333984
9.398641357	1578971748	150.000000000	145.429351807	0.375770569
9.448597345	1587364354	150.000000000	145.429351807	0.375770569
9.448597345	1587364354	150.000000000	145.441436768	0.375770569
9.448641357	1587371748	150.000000000	145.441436768	0.574142456
9.498597262	1595764340	150.000000000	145.441436768	0.574142456
9.498597262	1595764340	150.000000000	145.447723389	0.574142456
9.498641357	1595771748	150.000000000	145.447723389	0.574142456
9.548597327	1604164351	150.000000000	145.447723389	0.574142456
9.548597327	1604164351	150.000000000	145.450988770	0.574142456
9.548641357	1604171748	150.000000000	145.450988770	-0.127838135
9.598597917	1612564450	150.000000000	145.450988770	-0.127838135
9.598597917	1612564450	150.000000000	145.452697754	-0.127838135
9.598641357	1612571748	150.000000000	145.452697754	0.050971985
9.648597357	1620964356	150.000000000	145.452697754	0.050971985
9.648597357	1620964356	150.000000000	145.453582764	0.050971985
9.648641357	1620971748	150.000000000	145.453582764	0.337249756
9.698597429	1629364368	150.000000000	145.453582764	0.337249756
9.698597429	1629364368	150.000000000	143.999481201	0.337249756
9.698641357	1629371748	150.000000000	143.999481201	-1.669975281
9.748597857	1637764440	150.000000000	143.999481201	-1.669975281
9.748597857	1637764440	150.000000000	144.697906494	-1.669975281
9.748641357	1637771748	150.000000000	144.697906494	-0.853302002
9.798597363	1646164357	150.000000000	144.697906494	-0.853302002
9.798597363	1646164357	150.000000000	145.061096191	-0.853302002
9.798641357	1646171748	150.000000000	145.061096191	-0.853302002
9.848597268	1654564341	150.000000000	145.061096191	-0.853302002
9.848597268	1654564341	150.000000000	145.249938965	-0.853302002
9.848641357	1654571748	150.000000000	145.249938965	-0.963302612
9.898597470	1662964375	150.000000000	145.249938965	-0.963302612
9.898597470	1662964375	150.000000000	144.620864868	-0.963302612
9.898641357	1662971748	150.000000000	144.620864868	-1.850307465
9.948597363	1671364357	150.000000000	144.620864868	-1.850307465
9.948597363	1671364357	150.000000000	145.021026611	-1.850307465
9.948641357	1671371748	150.000000000	145.021026611	-0.782508850
9.998597810	1679764432	150.000000000	145.021026611	-0.782508850
9.998597810	1679764432	150.000000000	145.229110718	-0.782508850
9.998641357	1679771748	150.000000000	145.229110718	-0.562835693
10.048597268	1688164341	150.000000000	145.229110718	-0.562835693
10.048597268	1688164341	150.000000000	145.337310791	-0.562835693
10.048641357	1688171748	150.000000000	145.337310791	-0.252037048
10.098597274	1696564342	150.000000000	145.337310791	-0.252037048
10.098597274	1696564342	150.000000000	145.393585205	-0.252037048
10.098641357	1696571748	150.000000000	145.393585205	-0.252037048
10.148597994	1704964463	150.000000000	145.393585205	-0.252037048
10.148597994	1704964463	150.000000000	145.422836304	-0.252037048
10.148641357	1704971748	150.000000000	145.422836304	-0.423545837
10.198597631	1713364402	150.000000000	145.422836304	-0.423545837
10.198597631	1713364402	150.000000000	146.165328979	-0.423545837
10.198641357	1713371748	150.000000000	146.165328979	0.115562439
10.248597601	1721764397	150.000000000	146.165328979	0.115562439
10.248597601	1721764397	150.000000000	145.824142456	0.115562439
10.248641357	1721771748	150.000000000	145.824142456	-0.340293884
10.298597571	1730164392	150.000000000	145.824142456	-0.340293884
10.298597571	1730164392	150.000000000	145.646728516	-0.340293884
10.298641357	1730171748	150.000000000	145.646728516	-1.971794128
10.348597417	1738564366	150.000000000	145.646728516	-1.971794128
10.348597417	1738564366	150.000000000	144.827194214	-1.971794128
10.348641357	1738571748	150.000000000	144.827194214	-2.455402374
10.398597964	1746964458	150.000000000	144.827194214	-2.455402374
10.398597964	1746964458	150.000000000	145.855590820	-2.455402374
10.398641357	1746971748	150.000000000	145.855590820	-1.145568848
10.448597345	1755364354	150.000000000	145.855590820	-1.145568848
10.448597345	1755364354	150.000000000	145.663085938	-1.145568848
10.448641357	1755371748	150.000000000	145.663085938	-1.145568848
10.498597339	1763764353	150.000000000	145.663085938	-1.145568848
10.498597339	1763764353	150.000000000	145.562988281	-1.145568848
10.498656357	1763774268	150.000000000	145.562988281	-1.138660431
10.548597845	1772164438	150.000000000	145.562988281	-1.138660431
10.548597845	1772164438	150.000000000	145.510925293	-1.138660431
10.548641357	1772171748	150.000000000	145.510925293	-1.955520630
10.598597417	1780564366	150.000000000	145.510925293	-1.955520630
10.598597417	1780564366	150.000000000	145.483856201	-1.955520630
10.598641357	1780571748	150.000000000	145.483856201	-1.666645050
10.648598208	1788964499	150.000000000	145.483856201	-1.666645050
10.648598208	1788964499	150.000000000	146.197052002	-1.666645050
10.648641357	1788971748	150.000000000	146.197052002	-0.493316650
10.698597524	1797364384	150.000000000	146.197052002	-0.493316650
10.698597524	1797364384	150.000000000	145.840637207	-0.493316650
10.698641357	1797371748	150.000000000	145.840637207	-0.210327148
10.748597381	1805764360	150.000000000	145.840637207	-0.210327148
10.748597381	1805764360	150.000000000	145.655303955	-0.210327148
10.748641357	1805771748	150.000000000	145.655303955	-1.210327148
10.798597893	1814164446	150.000000000	145.655303955	-1.210327148
10.798597893	1814164446	150.000000000	145.558929443	-1.210327148
10.798641357	1814171748	150.000000000	145.558929443	-1.040534973
10.848597375	1822564359	150.000000000	145.558929443	-1.040534973
10.848597375	1822564359	150.000000000	145.508819580	-1.040534973
10.848641357	1822571748	150.000000000	145.508819580	-0.759666443
10.898597440	1830964370	150.000000000	145.508819580	-0.759666443
10.898597440	1830964370	150.000000000	146.937316895	-0.759666443
10.898641357	1830971748	150.000000000	146.937316895	1.229858398
10.948597405	1839364364	150.000000000	146.937316895	1.229858398
10.948597405	1839364364	150.000000000	146.952850342	1.229858398
10.948641357	1839371748	150.000000000	146.952850342	1.223579407
10.998597393	1847764362	150.000000000	146.952850342	1.223579407
10.998597393	1847764362	150.000000000	146.960937500	1.223579407
10.998641357	1847771748	150.000000000	146.960937500	-0.033470154
11.048598190	1856164496	150.000000000	146.960937500	-0.033470154
11.048598190	1856164496	150.000000000	147.692413330	-0.033470154
11.048641357	1856171748	150.000000000	147.692413330	0.966529846
11.098597345	1864564354	90.000000000	147.692413330	0.966529846
11.098597345	1864564354	90.000000000	146.618225098	0.966529846
11.098641357	1864571748	90.000000000	146.618225098	15.391292572
11.148597762	1872964424	90.000000000	146.618225098	15.391292572
11.148597762	1872964424	90.000000000	98.059661865	15.391292572
11.148641357	1872971748	90.000000000	98.059661865	72.726661682
11.198598048	1881364472	90.000000000	98.059661865	72.726661682
11.198598048	1881364472	90.000000000	62.627388000	72.726661682
11.198641357	1881371748	90.000000000	62.627388000	175.821044922
11.248597321	1889764350	90.000000000	62.627388000	175.821044922
11.248597321	1889764350	90.000000000	69.657150269	175.821044922
11.248641357	1889771748	90.000000000	69.657150269	148.127883911
11.298597488	1898164378	90.000000000	69.657150269	148.127883911
11.298597488	1898164378	90.000000000	74.767173767	148.127883911
11.298641357	1898171748	90.000000000	74.767173767	74.862213135
11.348597732	1906564419	90.000000000	74.767173767	74.862213135
11.348597732	1906564419	90.000000000	73.788017273	74.862213135
11.348641357	1906571748	90.000000000	73.788017273	73.862213135
11.398597506	1914964381	90.000000000	73.788017273	73.862213135
11.398597506	1914964381	90.000000000	68.915222168	73.862213135
11.398641357	1914971748	90.000000000	68.915222168	11.615425110
11.448598030	1923364469	90.000000000	68.915222168	11.615425110
11.448598030	1923364469	90.000000000	63.472274780	11.615425110
11.448641357	1923371748	90.000000000	63.472274780	-31.901897430
11.498640357	1931771580	90.000000000	63.472274780	-54.568756104
11.548597530	1940164385	90.000000000	63.472274780	-54.568756104
11.548597530	1940164385	90.000000000	61.351989746	-54.568756104
11.548641357	1940171748	90.000000000	61.351989746	-59.513751984
11.598597887	1948564445	90.000000000	61.351989746	-59.513751984
11.598597887	1948564445	90.000000000	63.903030396	-59.513751984
11.598641357	1948571748	90.000000000	63.903030396	-56.321247101
11.648597333	1956964352	90.000000000	63.903030396	-56.321247101
11.648597333	1956964352	90.000000000	69.593215942	-56.321247101
11.648641357	1956971748	90.000000000	69.593215942	-44.982887268
11.698597280	1965364343	90.000000000	69.593215942	-44.982887268
11.698597280	1965364343	90.000000000	76.188476563	-44.982887268
11.698641357	1965371748	90.000000000	76.188476563	-35.982887268
11.748597280	1973764343	90.000000000	76.188476563	-35.982887268
11.748597280	1973764343	90.000000000	83.254364014	-35.982887268
11.748641357	1973771748	90.000000000	83.254364014	-21.368614197
11.798597363	1982164357	90.000000000	83.254364014	-21.368614197
11.798597363	1982164357	90.000000000	90.564987183	-21.368614197
11.798641357	1982171748	90.000000000	90.564987183	-7.663070679
11.848597994	1990564463	90.000000000	90.564987183	-7.663070679
11.848597994	1990564463	90.000000000	95.093795776	-7.663070679
11.848641357	1990571748	90.000000000	95.093795776	-1.366973877
11.898597399	1998964363	90.000000000	95.093795776	-1.366973877
11.898597399	1998964363	90.000000000	97.448776245	-1.366973877
11.898641357	1998971748	90.000000000	97.448776245	-0.042594910
11.948597488	2007364378	90.000000000	97.448776245	-0.042594910
11.948597488	2007364378	90.000000000	100.127906799	-0.042594910
11.948641357	2007371748	90.000000000	100.127906799	3.056739807
11.998597899	2015764447	90.000000000	100.127906799	3.056739807
11.998597899	2015764447	90.000000000	101.521057129	3.056739807
11.998636357	2015770908	90.000000000	101.521057129	5.056739807
12.048597417	2024164366	90.000000000	101.521057129	5.056739807
12.048597417	2024164366	90.000000000	101.518218994	5.056739807
12.048641357	2024171748	90.000000000	101.518218994	3.379360199
12.098597911	2032564449	90.000000000	101.518218994	3.379360199
12.098597911	2032564449	90.000000000	102.244018555	3.379360199
12.098646357	2032572588	90.000000000	102.244018555	4.014621735
12.148597381	2040964360	90.000000000	102.244018555	4.014621735
12.148597381	2040964360	90.000000000	102.621429443	4.014621735
12.148641357	2040971748	90.000000000	102.621429443	3.121822357
12.198597476	2049364376	90.000000000	102.621429443	3.121822357
12.198597476	2049364376	90.000000000	102.090415955	3.121822357
12.198641357	2049371748	90.000000000	102.090415955	0.986141205
12.248597940	2057764454	90.000000000	102.090415955	0.986141205
12.248597940	2057764454	90.000000000	101.087013245	0.986141205
12.248641357	2057771748	90.000000000	101.087013245	-1.053581238
12.298597446	2066164371	90.000000000	101.087013245	-1.053581238
12.298597446	2066164371	90.000000000	100.565246582	-1.053581238
12.298641357	2066171748	90.000000000	100.565246582	-2.053581238
12.348597405	2074564364	90.000000000	100.565246582	-2.053581238
12.348597405	2074564364	90.000000000	100.293930054	-2.053581238
12.348641357	2074571748	90.000000000	100.293930054	-2.140106201
12.398597321	2082964350	90.000000000	100.293930054	-2.140106201
12.398597321	2082964350	90.000000000	100.880119324	-2.140106201
12.398656357	2082974268	90.000000000	100.880119324	-0.834037781
12.448597976	2091364460	90.000000000	100.880119324	-0.834037781
12.448597976	2091364460	90.000000000	101.912200928	-0.834037781
12.448641357	2091371748	90.000000000	101.912200928	1.886581421
12.498640357	2099771580	90.000000000	101.912200928	1.781974792
12.548597369	2108164358	90.000000000	101.912200928	1.781974792
12.548597369	2108164358	90.000000000	101.622512817	1.781974792
12.548641357	2108171748	90.000000000	101.622512817	1.182235718
12.598597488	2116564378	90.000000000	101.622512817	1.182235718
12.598597488	2116564378	90.000000000	102.298248291	1.182235718
12.598641357	2116571748	90.000000000	102.298248291	2.001380920
12.648598048	2124964472	90.000000000	102.298248291	2.001380920
12.648598048	2124964472	90.000000000	102.649627686	2.001380920
12.648641357	2124971748	90.000000000	102.649627686	3.001380920
12.698597506	2133364381	90.000000000	102.649627686	3.001380920
12.698597506	2133364381	90.000000000	102.832351685	3.001380920
12.698641357	2133371748	90.000000000	102.832351685	3.355564117
12.748597304	2141764347	90.000000000	102.832351685	3.355564117
12.748597304	2141764347	90.000000000	101.472824097	3.355564117
12.748641357	2141771748	90.000000000	101.472824097	0.610088348
12.798597429	2150164368	90.000000000	101.472824097	0.610088348
12.798597429	2150164368	90.000000000	100.765869141	0.610088348
12.798641357	2150171748	90.000000000	100.765869141	-0.658205032
12.848597458	2158564373	90.000000000	100.765869141	-0.658205032
12.848597458	2158564373	90.000000000	100.398254395	-0.658205032
12.848641357	2158571748	90.000000000	100.398254395	-0.281873703
12.898598006	2166964465	90.000000000	100.398254395	-0.281873703
12.898598006	2166964465	90.000000000	100.934364319	-0.281873703
12.898641357	2166971748	90.000000000	100.934364319	0.764602661
12.948597435	2175364369	90.000000000	100.934364319	0.764602661
12.948597435	2175364369	90.000000000	100.485870361	0.764602661
12.948641357	2175371748	90.000000000	100.485870361	0.764602661
12.998597339	2183764353	90.000000000	100.485870361	0.764602661
12.998597339	2183764353	90.000000000	100.252655029	0.764602661
12.998641357	2183771748	90.000000000	100.252655029	0.150802612
13.048597976	2192164460	90.000000000	100.252655029	0.150802612
13.048597976	2192164460	90.000000000	100.131378174	0.150802612
13.048641357	2192171748	90.000000000	100.131378174	-0.333776474
13.098597345	2200564354	90.000000000	100.131378174	-0.333776474
13.098597345	2200564354	90.000000000	100.068313599	-0.333776474
13.098641357	2200571748	90.000000000	100.068313599	0.912782669
13.148597458	2208964373	90.000000000	100.068313599	0.912782669
13.148597458	2208964373	90.000000000	100.035522461	0.912782669
13.148641357	2208971748	90.000000000	100.035522461	1.060718536
13.198597482	2217364377	90.000000000	100.035522461	1.060718536
13.198597482	2217364377	90.000000000	100.018470764	1.060718536
13.198641357	2217371748	90.000000000	100.018470764	1.686458588
13.248597399	2225764363	90.000000000	100.018470764	1.686458588
13.248597399	2225764363	90.000000000	100.009597778	1.686458588
13.248643357	2225772084	90.000000000	100.009597778	1.686458588
13.298597988	2234164462	90.000000000	100.009597778	1.686458588
13.298597988	2234164462	90.000000000	100.004989624	1.686458588
13.298641357	2234171748	90.000000000	100.004989624	1.166610718
13.348597482	2242564377	90.000000000	100.004989624	1.166610718
13.348597482	2242564377	90.000000000	100.002593994	1.166610718
13.348641357	2242571748	90.000000000	100.002593994	1.675708771
13.398597298	2250964346	90.000000000	100.002593994	1.675708771
13.398597298	2250964346	90.000000000	100.001342773	1.675708771
13.398641357	2250971748	90.000000000	100.001342773	1.739152908
13.448597780	2259364427	90.000000000	100.001342773	1.739152908
13.448597780	2259364427	90.000000000	100.000701904	1.739152908
13.448651357	2259373428	90.000000000	100.000701904	1.598228455
13.498597845	2267764438	90.000000000	100.000701904	1.598228455
13.498597845	2267764438	90.000000000	100.000366211	1.598228455
13.498641357	2267771748	90.000000000	100.000366211	1.334680557
13.548597935	2276164453	90.000000000	100.000366211	1.334680557
13.548597935	2276164453	90.000000000	100.000183105	1.334680557
13.548641357	2276171748	90.000000000	100.000183105	2.355545044
13.598597369	2284564358	90.000000000	100.000183105	2.355545044
13.598597369	2284564358	90.000000000	100.000091553	2.355545044
13.598641357	2284571748	90.000000000	100.000091553	2.355545044
13.648597375	2292964359	90.000000000	100.000091553	2.355545044
13.648597375	2292964359	90.000000000	100.000045776	2.355545044
13.648641357	2292971748	90.000000000	100.000045776	2.010076523
13.698597917	2301364450	90.000000000	100.000045776	2.010076523
13.698597917	2301364450	90.000000000	100.000022888	2.010076523
13.698641357	2301371748	90.000000000	100.000022888	2.160781860
13.748597446	2309764371	90.000000000	100.000022888	2.160781860
13.748597446	2309764371	90.000000000	99.272735596	2.160781860
13.748641357	2309771748	90.000000000	99.272735596	0.893218994
13.798597435	2318164369	90.000000000	99.272735596	0.893218994
13.798597435	2318164369	90.000000000	98.894546509	0.893218994
13.798641357	2318171748	90.000000000	98.894546509	0.732681274
13.848597476	2326564376	90.000000000	98.894546509	0.732681274
13.848597476	2326564376	90.000000000	98.697891235	0.732681274
13.848641357	2326571748	90.000000000	98.697891235	0.636358261
13.898597393	2334964362	90.000000000	98.697891235	0.636358261
13.898597393	2334964362	90.000000000	98.595626831	0.636358261
13.898641357	2334971748	90.000000000	98.595626831	0.636358261
13.948597964	2343364458	90.000000000	98.595626831	0.636358261
13.948597964	2343364458	90.000000000	98.542449951	0.636358261
13.948641357	2343371748	90.000000000	98.542449951	0.757556915
13.998597399	2351764363	90.000000000	98.542449951	0.757556915
13.998597399	2351764363	90.000000000	97.787521362	0.757556915
13.998641357	2351771748	90.000000000	97.787521362	-0.348716736
14.048597440	2360164370	90.000000000	97.787521362	-0.348716736
14.048597440	2360164370	90.000000000	98.122238159	-0.348716736
14.048641357	2360171748	90.000000000	98.122238159	0.587518692
14.098597994	2368564463	90.000000000	98.122238159	0.587518692
14.098597994	2368564463	90.000000000	98.296287537	0.587518692
14.098641357	2368571748	90.000000000	98.296287537	0.549261093
14.148597435	2376964369	90.000000000	98.296287537	0.549261093
14.148597435	2376964369	90.000000000	98.386795044	0.549261093
14.148641357	2376971748	90.000000000	98.386795044	1.347312927
14.198597429	2385364368	90.000000000	98.386795044	1.347312927
14.198597429	2385364368	90.000000000	97.706588745	1.347312927
14.198641357	2385371748	90.000000000	97.706588745	0.347312927
14.248597482	2393764377	90.000000000	97.706588745	0.347312927
14.248597482	2393764377	90.000000000	97.352874756	0.347312927
14.248641357	2393771748	90.000000000	97.352874756	-0.773853302
14.298597411	2402164365	90.000000000	97.352874756	-0.773853302
14.298597411	2402164365	90.000000000	97.168945313	-0.773853302
14.298641357	2402171748	90.000000000	97.168945313	-0.667562485
14.348597952	2410564456	90.000000000	97.168945313	-0.667562485
14.348597952	2410564456	90.000000000	97.800575256	-0.667562485
14.348641357	2410571748	90.000000000	97.800575256	0.396211624
14.398597363	2418964357	90.000000000	97.800575256	0.396211624
14.398597363	2418964357	90.000000000	98.129020691	0.396211624
14.398641357	2418971748	90.000000000	98.129020691	1.434476852
14.448597435	2427364369	90.000000000	98.129020691	1.434476852
14.448597435	2427364369	90.000000000	97.572540283	1.434476852
14.448641357	2427371748	90.000000000	97.572540283	0.457435608
14.498598000	2435764464	90.000000000	97.572540283	0.457435608
14.498598000	2435764464	90.000000000	98.010444641	0.457435608
14.498636357	2435770908	90.000000000	98.010444641	1.471210480
14.548597393	2444164362	90.000000000	98.010444641	1.471210480
14.548597393	2444164362	90.000000000	98.238159180	1.471210480
14.548641357	2444171748	90.000000000	98.238159180	2.471210480
14.598597446	2452564371	90.000000000	98.238159180	2.471210480
14.598597446	2452564371	90.000000000	96.902023315	2.471210480
14.598641357	2452571748	90.000000000	96.902023315	0.479475021
14.648597452	2460964372	90.000000000	96.902023315	0.479475021
14.648597452	2460964372	90.000000000	96.934501648	0.479475021
14.648641357	2460971748	90.000000000	96.934501648	0.305442810
14.698647857	2469372840	90.000000000	96.934501648	0.305442810
14.698647857	2469372840	90.000000000	96.951385498	0.305442810
14.698647857	2469372840	90.000000000	96.951385498	0.380014420
14.748597982	2477764461	90.000000000	96.951385498	0.380014420
14.748597982	2477764461	90.000000000	96.960174561	0.380014420
14.748641357	2477771748	90.000000000	96.960174561	1.424758911
14.798597452	2486164372	90.000000000	96.960174561	1.424758911
14.798597452	2486164372	90.000000000	96.964736938	1.424758911
14.798641357	2486171748	90.000000000	96.964736938	1.451604843
14.848597429	2494564368	90.000000000	96.964736938	1.451604843
14.848597429	2494564368	90.000000000	96.967117310	1.451604843
14.848641357	2494571748	90.000000000	96.967117310	1.451604843
14.898597905	2502964448	90.000000000	96.967117310	1.451604843
14.898597905	2502964448	90.000000000	96.241081238	1.451604843
14.898636357	2502970908	90.000000000	96.241081238	0.467712402
14.948597435	2511364369	90.000000000	96.241081238	0.467712402
14.948597435	2511364369	90.000000000	95.863540649	0.467712402
14.948641357	2511371748	90.000000000	95.863540649	-0.522623062
14.998597970	2519764459	90.000000000	95.863540649	-0.522623062
14.998597970	2519764459	90.000000000	95.667221069	-0.522623062
14.998641357	2519771748	90.000000000	95.667221069	-0.695816040
15.048597464	2528164374	90.000000000	95.667221069	-0.695816040
15.048597464	2528164374	90.000000000	95.565139771	-0.695816040
15.048641357	2528171748	90.000000000	95.565139771	-0.620740891
15.098597429	2536564368	90.000000000	95.565139771	-0.620740891
15.098597429	2536564368	90.000000000	95.512054443	-0.620740891
15.098641357	2536571748	90.000000000	95.512054443	-0.575695038
15.148598000	2544964464	90.000000000	95.512054443	-0.575695038
15.148598000	2544964464	90.000000000	95.484451294	-0.575695038
15.148641357	2544971748	90.000000000	95.484451294	-0.575695038
15.198597470	2553364375	90.000000000	95.484451294	-0.575695038
15.198597470	2553364375	90.000000000	96.197364807	-0.575695038
15.198641357	2553371748	90.000000000	96.197364807	1.093345642
15.248597440	2561764370	90.000000000	96.197364807	1.093345642
15.248597440	2561764370	90.000000000	95.840812683	1.093345642
15.248641357	2561771748	90.000000000	95.840812683	0.252756119
15.298597435	2570164369	90.000000000	95.840812683	0.252756119
15.298597435	2570164369	90.000000000	95.655403137	0.252756119
15.298641357	2570171748	90.000000000	95.655403137	0.348403931
15.348597458	2578564373	90.000000000	95.655403137	0.348403931
15.348597458	2578564373	90.000000000	95.558990479	0.348403931
15.348641357	2578571748	90.000000000	95.558990479	0.405792236
15.398597982	2586964461	90.000000000	95.558990479	0.405792236
15.398597982	2586964461	90.000000000	96.236129761	0.405792236
15.398641357	2586971748	90.000000000	96.236129761	1.440225601
15.448597399	2595364363	90.000000000	96.236129761	1.440225601
15.448597399	2595364363	90.000000000	95.133697510	1.440225601
15.448641357	2595371748	90.000000000	95.133697510	0.440225601
15.498597452	2603764372	90.000000000	95.133697510	0.440225601
15.498597452	2603764372	90.000000000	95.287704468	0.440225601
15.498641357	2603771748	90.000000000	95.287704468	0.281890869
15.548598054	2612164473	90.000000000	95.287704468	0.281890869
15.548598054	2612164473	90.000000000	96.095062256	0.281890869
15.548641357	2612171748	90.000000000	96.095062256	1.365884781
15.598597405	2620564364	90.000000000	96.095062256	1.365884781
15.598597405	2620564364	90.000000000	95.060333252	1.365884781
15.598641357	2620571748	90.000000000	95.060333252	0.416280746
15.648597435	2628964369	90.000000000	95.060333252	0.416280746
15.648597435	2628964369	90.000000000	95.249557495	0.416280746
15.648641357	2628971748	90.000000000	95.249557495	0.446517944
15.698597429	2637364368	90.000000000	95.249557495	0.446517944
15.698597429	2637364368	90.000000000	94.620681763	0.446517944
15.698641357	2637371748	90.000000000	94.620681763	0.464660645
15.748597435	2645764369	90.000000000	94.620681763	0.464660645
15.748597435	2645764369	90.000000000	95.020935059	0.464660645
15.748641357	2645771748	90.000000000	95.020935059	0.296554565
15.798597994	2654164463	90.000000000	95.020935059	0.296554565
15.798597994	2654164463	90.000000000	95.229064941	0.296554565
15.798641357	2654171748	90.000000000	95.229064941	1.296554565
15.848597417	2662564366	90.000000000	95.229064941	1.296554565
15.848597417	2662564366	90.000000000	94.610015869	1.296554565
15.848641357	2662571748	90.000000000	94.610015869	0.374681473
15.898597440	2670964370	90.000000000	94.610015869	0.374681473
15.898597440	2670964370	90.000000000	94.288116455	0.374681473
15.898641357	2670971748	90.000000000	94.288116455	-0.578441620
15.948597988	2679364462	90.000000000	94.288116455	-0.578441620
15.948597988	2679364462	90.000000000	94.120727539	-0.578441620
15.948636357	2679370908	90.000000000	94.120727539	-0.550315857
15.998597452	2687764372	90.000000000	94.120727539	-0.550315857
15.998597452	2687764372	90.000000000	94.760955811	-0.550315857
15.998641357	2687771748	90.000000000	94.760955811	0.466560364
16.048597393	2696164362	90.000000000	94.760955811	0.466560364
16.048597393	2696164362	90.000000000	93.639328003	0.466560364
16.048641357	2696171748	90.000000000	93.639328003	-0.523313522
16.098597464	2704564374	90.000000000	93.639328003	-0.523313522
16.098597464	2704564374	90.000000000	93.783355713	-0.523313522
16.098641357	2704571748	90.000000000	93.783355713	-0.523313522
16.148640357	2712971580	30.000000000	93.783355713	-0.523313522
16.148640357	2712971580	30.000000000	93.783355713	-29.517238617
16.198598315	2721364517	30.000000000	93.783355713	-29.517238617
16.198598315	2721364517	30.000000000	59.715377808	-29.517238617
16.198641357	2721371748	30.000000000	59.715377808	50.311122894
16.248597899	2729764447	30.000000000	59.715377808	50.311122894
16.248597899	2729764447	30.000000000	7.779270172	50.311122894
16.248641357	2729771748	30.000000000	7.779270172	48.533355713
16.298597262	2738164340	30.000000000	7.779270172	48.533355713
16.298597262	2738164340	30.000000000	0.408856869	48.533355713
16.298641357	2738171748	30.000000000	0.408856869	41.862983704
16.348597762	2746564424	30.000000000	0.408856869	41.862983704
16.348597762	2746564424	30.000000000	22.030786514	41.862983704
16.348636357	2746570908	30.000000000	22.030786514	56.292358398
16.398597298	2754964346	30.000000000	22.030786514	56.292358398
16.398597298	2754964346	30.000000000	37.637828827	56.292358398
16.398641357	2754971748	30.000000000	37.637828827	80.292358398
16.448598006	2763364465	30.000000000	37.637828827	80.292358398
16.448598006	2763364465	30.000000000	45.753490448	80.292358398
16.448641357	2763371748	30.000000000	45.753490448	60.802917480
16.498597458	2771764373	30.000000000	45.753490448	60.802917480
16.498597458	2771764373	30.000000000	47.791816711	60.802917480
16.498641357	2771771748	30.000000000	47.791816711	38.747573853
16.548597429	2780164368	30.000000000	47.791816711	38.747573853
16.548597429	2780164368	30.000000000	45.215377808	38.747573853
16.548656357	2780174268	30.000000000	45.215377808	17.861093521
16.598597869	2788564442	30.000000000	45.215377808	17.861093521
16.598597869	2788564442	30.000000000	40.966537476	17.861093521
16.598641357	2788571748	30.000000000	40.966537476	-18.000000000
16.648597274	2796964342	30.000000000	40.966537476	-18.000000000
16.648597274	2796964342	30.000000000	38.757141113	-18.000000000
16.648641357	2796971748	30.000000000	38.757141113	-21.000000000
16.698597292	2805364345	30.000000000	38.757141113	-21.000000000
16.698597292	2805364345	30.000000000	37.608257294	-21.000000000
16.698641357	2805371748	30.000000000	37.608257294	-22.000000000
16.748597387	2813764361	30.000000000	37.608257294	-22.000000000
16.748597387	2813764361	30.000000000	38.465385437	-22.000000000
16.748641357	2813771748	30.000000000	38.465385437	-21.000000000
16.798597369	2822164358	30.000000000	38.465385437	-21.000000000
16.798597369	2822164358	30.000000000	41.092906952	-21.000000000
16.798641357	2822171748	30.000000000	41.092906952	-17.000000000
16.848597810	2830564432	30.000000000	41.092906952	-17.000000000
16.848597810	2830564432	30.000000000	43.186492920	-17.000000000
16.848641357	2830571748	30.000000000	43.186492920	-13.000000000
16.898597357	2838964356	30.000000000	43.186492920	-13.000000000
16.898597357	2838964356	30.000000000	45.729701996	-13.000000000
16.898641357	2838971748	30.000000000	45.729701996	-9.000000000
16.948597381	2847364360	30.000000000	45.729701996	-9.000000000
16.948597381	2847364360	30.000000000	47.052169800	-9.000000000
16.948641357	2847371748	30.000000000	47.052169800	-7.000000000
16.998597952	2855764456	30.000000000	47.052169800	-7.000000000
16.998597952	2855764456	30.000000000	49.921672821	-7.000000000
16.998641357	2855771748	30.000000000	49.921672821	-2.000000000
17.048597321	2864164350	30.000000000	49.921672821	-2.000000000
17.048597321	2864164350	30.000000000	52.141090393	-2.000000000
17.048641357	2864171748	30.000000000	52.141090393	-1.000000000
17.098597720	2872564417	30.000000000	52.141090393	-1.000000000
17.098597720	2872564417	30.000000000	32.204273224	-1.000000000
17.098641357	2872571748	30.000000000	32.204273224	-28.000000000
17.148597292	2880964345	30.000000000	32.204273224	-28.000000000
17.148597292	2880964345	30.000000000	21.109857559	-28.000000000
17.148641357	2880971748	30.000000000	21.109857559	-8.633331299
17.198597280	2889364343	30.000000000	21.109857559	-8.633331299
17.198597280	2889364343	30.000000000	30.613489151	-8.633331299
17.198641357	2889371748	30.000000000	30.613489151	14.833221436
17.248597958	2897764457	30.000000000	30.613489151	14.833221436
17.248597958	2897764457	30.000000000	40.646286011	14.833221436
17.248641357	2897771748	30.000000000	40.646286011	24.159702301
17.298597655	2906164406	30.000000000	40.646286011	24.159702301
17.298597655	2906164406	30.000000000	46.590614319	24.159702301
17.298641357	2906171748	30.000000000	46.590614319	24.321477890
17.348597417	2914564366	30.000000000	46.590614319	24.321477890
17.348597417	2914564366	30.000000000	48.954391479	24.321477890
17.348641357	2914571748	30.000000000	48.954391479	28.321477890
17.398598042	2922964471	30.000000000	48.954391479	28.321477890
17.398598042	2922964471	30.000000000	48.729011536	28.321477890
17.398651357	2922973428	30.000000000	48.729011536	21.228288651
17.448597357	2931364356	30.000000000	48.729011536	21.228288651
17.448597357	2931364356	30.000000000	47.157264709	21.228288651
17.448641357	2931371748	30.000000000	47.157264709	-4.000000000
17.498597310	2939764348	30.000000000	47.157264709	-4.000000000
17.498597310	2939764348	30.000000000	46.339958191	-4.000000000
17.498641357	2939771748	30.000000000	46.339958191	-5.000000000
17.548640357	2948171580	30.000000000	46.339958191	-5.000000000
17.598654857	2956574016	30.000000000	46.339958191	15.693954468
17.598654857	2956574016	30.000000000	46.339958191	-5.000000000
17.648597881	2964964444	30.000000000	46.339958191	-5.000000000
17.648597881	2964964444	30.000000000	45.579032898	-5.000000000
17.648641357	2964971748	30.000000000	45.579032898	-5.000000000
17.698597262	2973364340	30.000000000	45.579032898	-5.000000000
17.698597262	2973364340	30.000000000	45.519275665	-5.000000000
17.698641357	2973371748	30.000000000	45.519275665	-5.000000000
17.748597268	2981764341	30.000000000	45.519275665	-5.000000000
17.748597268	2981764341	30.000000000	45.488204956	-5.000000000
17.748641357	2981771748	30.000000000	45.488204956	-4.000000000
17.798638857	2990171328	30.000000000	45.488204956	-4.000000000
17.798638857	2990171328	30.000000000	45.472045898	-4.000000000
17.798638857	2990171328	30.000000000	45.472045898	-4.000000000
17.848597375	2998564359	30.000000000	45.472045898	-4.000000000
17.848597375	2998564359	30.000000000	45.463645935	-4.000000000
17.848641357	2998571748	30.000000000	45.463645935	-4.000000000
17.898598036	3006964470	30.000000000	45.463645935	-4.000000000
17.898598036	3006964470	30.000000000	46.913818359	-4.000000000
17.898641357	3006971748	30.000000000	46.913818359	-1.000000000
17.948597411	3015364365	30.000000000	46.913818359	-1.000000000
17.948597411	3015364365	30.000000000	47.667911530	-1.000000000
17.948641357	3015371748	30.000000000	47.667911530	0.000000000
17.998597720	3023764417	30.000000000	47.667911530	0.000000000
17.998597720	3023764417	30.000000000	30.605495453	0.000000000
17.998641357	3023771748	30.000000000	30.605495453	-25.000000000
18.048597839	3032164437	30.000000000	30.605495453	-25.000000000
18.048597839	3032164437	30.000000000	20.278491974	-25.000000000
18.048641357	3032171748	30.000000000	20.278491974	-11.794679642
18.098597310	3040564348	30.000000000	20.278491974	-11.794679642
18.098597310	3040564348	30.000000000	28.726633072	-11.794679642
18.098641357	3040571748	30.000000000	28.726633072	11.925151825
18.148597923	3048964451	30.000000000	28.726633072	11.925151825
18.148597923	3048964451	30.000000000	37.483303070	11.925151825
18.148641357	3048971748	30.000000000	37.483303070	19.898563385
18.198597345	3057364354	30.000000000	37.483303070	19.898563385
18.198597345	3057364354	30.000000000	42.764045715	19.898563385
18.198641357	3057371748	30.000000000	42.764045715	20.227815628
18.248597333	3065764352	30.000000000	42.764045715	20.227815628
18.248597333	3065764352	30.000000000	44.055480957	20.227815628
18.248641357	3065771748	30.000000000	44.055480957	16.834785461
18.298597893	3074164446	30.000000000	44.055480957	16.834785461
18.298597893	3074164446	30.000000000	44.727027893	16.834785461
18.298641357	3074171748	30.000000000	44.727027893	17.834785461
18.348597381	3082564360	30.000000000	44.727027893	17.834785461
18.348597381	3082564360	30.000000000	44.348960876	17.834785461
18.348641357	3082571748	30.000000000	44.348960876	-3.000000000
18.398597452	3090964372	30.000000000	44.348960876	-3.000000000
18.398597452	3090964372	30.000000000	43.425094604	-3.000000000
18.398641357	3090971748	30.000000000	43.425094604	-4.000000000
18.448597911	3099364449	30.000000000	43.425094604	-4.000000000
18.448597911	3099364449	30.000000000	43.671958923	-4.000000000
18.448641357	3099371748	30.000000000	43.671958923	-4.000000000
18.498597911	3107764449	30.000000000	43.671958923	-4.000000000
18.498597911	3107764449	30.000000000	43.073051453	-4.000000000
18.498641357	3107771748	30.000000000	43.073051453	-4.000000000
18.548640357	3116171580	30.000000000	43.073051453	-3.000000000
18.598597387	3124564361	30.000000000	43.073051453	-3.000000000
18.598597387	3124564361	30.000000000	44.432403564	-3.000000000
18.598641357	3124571748	30.000000000	44.432403564	-2.000000000
18.648597393	3132964362	30.000000000	44.432403564	-2.000000000
18.648597393	3132964362	30.000000000	44.923027039	-2.000000000
18.648641357	3132971748	30.000000000	44.923027039	0.000000000
18.698598292	3141364513	30.000000000	44.923027039	0.000000000
18.698598292	3141364513	30.000000000	27.723609924	0.000000000
18.698641357	3141371748	30.000000000	27.723609924	-26.000000000
18.748597286	3149764344	30.000000000	27.723609924	-26.000000000
18.748597286	3149764344	30.000000000	18.779912949	-26.000000000
18.748641357	3149771748	30.000000000	18.779912949	-17.419050217
18.798597292	3158164345	30.000000000	18.779912949	-17.419050217
18.798597292	3158164345	30.000000000	25.765552521	-17.419050217
18.798641357	3158171748	30.000000000	25.765552521	0.221122742
18.848653357	3166573764	30.000000000	25.765552521	0.221122742
18.848653357	3166573764	30.000000000	25.765552521	4.488994598
18.848653357	3166573764	30.000000000	25.765552521	11.285892487
18.898597452	3174964372	30.000000000	25.765552521	11.285892487
18.898597452	3174964372	30.000000000	40.479728699	11.285892487
18.898641357	3174971748	30.000000000	40.479728699	15.122907639
18.948597423	3183364367	30.000000000	40.479728699	15.122907639
18.948597423	3183364367	30.000000000	42.867637634	15.122907639
18.948641357	3183371748	30.000000000	42.867637634	19.122907639
18.998597357	3191764356	30.000000000	42.867637634	19.122907639
18.998597357	3191764356	30.000000000	44.109352112	19.122907639
18.998641357	3191771748	30.000000000	44.109352112	-1.000000000
19.048648857	3200173008	30.000000000	44.109352112	0.000000000
19.098598280	3208564511	30.000000000	44.109352112	0.000000000
19.098598280	3208564511	30.000000000	28.363529205	0.000000000
19.098641357	3208571748	30.000000000	28.363529205	-24.000000000
19.148597286	3216964344	30.000000000	28.363529205	-24.000000000
19.148597286	3216964344	30.000000000	19.112670898	-24.000000000
19.148641357	3216971748	30.000000000	19.112670898	-18.388626099
19.198597304	3225364347	30.000000000	19.112670898	-18.388626099
19.198597304	3225364347	30.000000000	27.393131256	-18.388626099
19.198641357	3225371748	30.000000000	27.393131256	-0.899448395
19.248597375	3233764359	30.000000000	27.393131256	-0.899448395
19.248597375	3233764359	30.000000000	36.062606812	-0.899448395
19.248641357	3233771748	30.000000000	36.062606812	12.100551605
19.298597327	3242164351	30.000000000	36.062606812	12.100551605
19.298597327	3242164351	30.000000000	40.570732117	12.100551605
19.298641357	3242171748	30.000000000	40.570732117	17.497249603
19.348597994	3250564463	30.000000000	40.570732117	17.497249603
19.348597994	3250564463	30.000000000	43.642234802	17.497249603
19.348641357	3250571748	30.000000000	43.642234802	-1.000000000
19.398597310	3258964348	30.000000000	43.642234802	-1.000000000
19.398597310	3258964348	30.000000000	44.512142181	-1.000000000
19.398641357	3258971748	30.000000000	44.512142181	0.000000000
19.448597744	3267364421	30.000000000	44.512142181	0.000000000
19.448597744	3267364421	30.000000000	27.509948730	0.000000000
19.448641357	3267371748	30.000000000	27.509948730	-25.000000000
19.498597863	3275764441	30.000000000	27.509948730	-25.000000000
19.498597863	3275764441	30.000000000	18.668807983	-25.000000000
19.498641357	3275771748	30.000000000	18.668807983	-16.777362823
19.548597887	3284164445	30.000000000	18.668807983	-16.777362823
19.548597887	3284164445	30.000000000	26.435050964	-16.777362823
19.548641357	3284171748	30.000000000	26.435050964	-4.777362823
19.598597381	3292564360	30.000000000	26.435050964	-4.777362823
19.598597381	3292564360	30.000000000	35.564407349	-4.777362823
19.598641357	3292571748	30.000000000	35.564407349	14.499578476
19.648597411	3300964365	30.000000000	35.564407349	14.499578476
19.648597411	3300964365	30.000000000	42.493492126	14.499578476
19.648641357	3300971748	30.000000000	42.493492126	23.294651031
19.698597405	3309364364	30.000000000	42.493492126	23.294651031
19.698597405	3309364364	30.000000000	45.369338989	23.294651031
19.698641357	3309371748	30.000000000	45.369338989	19.749168396
19.748598238	3317764504	30.000000000	45.369338989	19.749168396
19.748598238	3317764504	30.000000000	29.410238266	19.749168396
19.748641357	3317771748	30.000000000	29.410238266	8.375328064
19.798597304	3326164347	30.000000000	29.410238266	8.375328064
19.798597304	3326164347	30.000000000	18.929687500	8.375328064
19.798641357	3326171748	30.000000000	18.929687500	-1.669982910
19.848597310	3334564348	30.000000000	18.929687500	-1.669982910
19.848597310	3334564348	30.000000000	23.661619186	-1.669982910
19.848641357	3334571748	30.000000000	23.661619186	0.667198181
19.898597845	3342964438	30.000000000	23.661619186	0.667198181
19.898597845	3342964438	30.000000000	29.758586884	0.667198181
19.898641357	3342971748	30.000000000	29.758586884	9.667198181
19.948597405	3351364364	30.000000000	29.758586884	9.667198181
19.948597405	3351364364	30.000000000	35.110828400	9.667198181
19.948641357	3351371748	30.000000000	35.110828400	11.646982193
19.998597399	3359764363	30.000000000	35.110828400	11.646982193
19.998597399	3359764363	30.000000000	37.166717529	11.646982193
19.998641357	3359771748	30.000000000	37.166717529	10.244598389
20.048597417	3368164366	30.000000000	37.166717529	10.244598389
20.048597417	3368164366	30.000000000	37.508510590	10.244598389
20.048641357	3368171748	30.000000000	37.508510590	-10.000000000
20.098597375	3376564359	30.000000000	37.508510590	-10.000000000
20.098597375	3376564359	30.000000000	37.686241150	-10.000000000
20.098641357	3376571748	30.000000000	37.686241150	-9.000000000
20.148597923	3384964451	30.000000000	37.686241150	-9.000000000
20.148597923	3384964451	30.000000000	39.233207703	-9.000000000
20.148641357	3384971748	30.000000000	39.233207703	-7.000000000
20.198597381	3393364360	30.000000000	39.233207703	-7.000000000
20.198597381	3393364360	30.000000000	40.037631989	-7.000000000
20.198641357	3393371748	30.000000000	40.037631989	-5.000000000
20.248597405	3401764364	30.000000000	40.037631989	-5.000000000
20.248597405	3401764364	30.000000000	41.910476685	-5.000000000
20.248641357	3401771748	30.000000000	41.910476685	-2.000000000
20.298651357	3410173428	30.000000000	41.910476685	-2.000000000
20.298651357	3410173428	30.000000000	41.910476685	0.000000000
20.348597714	3418564416	30.000000000	41.910476685	0.000000000
20.348597714	3418564416	30.000000000	27.041681290	0.000000000
20.348641357	3418571748	30.000000000	27.041681290	-24.000000000
20.398597810	3426964432	30.000000000	27.041681290	-24.000000000
20.398597810	3426964432	30.000000000	17.698038101	-24.000000000
20.398641357	3426971748	30.000000000	17.698038101	-16.493333817
20.448597256	3435364339	30.000000000	17.698038101	-16.493333817
20.448597256	3435364339	30.000000000	25.202978134	-16.493333817
20.448641357	3435371748	30.000000000	25.202978134	-0.824966431
20.498597321	3443764350	30.000000000	25.202978134	-0.824966431
20.498597321	3443764350	30.000000000	34.923728943	-0.824966431
20.498641357	3443771748	30.000000000	34.923728943	13.175033569
20.548597839	3452164437	30.000000000	34.923728943	13.175033569
20.548597839	3452164437	30.000000000	39.978515625	13.175033569
20.548641357	3452171748	30.000000000	39.978515625	19.320930481
20.598597351	3460564355	30.000000000	39.978515625	19.320930481
20.598597351	3460564355	30.000000000	42.607009888	19.320930481
20.598641357	3460571748	30.000000000	42.607009888	19.164936066
20.648597333	3468964352	30.000000000	42.607009888	19.164936066
20.648597333	3468964352	30.000000000	43.973823547	19.164936066
20.648641357	3468971748	30.000000000	43.973823547	-1.000000000
20.698597738	3477364420	30.000000000	43.973823547	-1.000000000
20.698597738	3477364420	30.000000000	27.957298279	-1.000000000
20.698641357	3477371748	30.000000000	27.957298279	-22.000000000
20.748597244	3485764337	30.000000000	27.957298279	-22.000000000
20.748597244	3485764337	30.000000000	18.901430130	-22.000000000
20.748641357	3485771748	30.000000000	18.901430130	-36.000000000
20.798597869	3494164442	30.000000000	18.901430130	-36.000000000
20.798597869	3494164442	30.000000000	25.828742981	-36.000000000
20.798641357	3494171748	30.000000000	25.828742981	-26.000000000
20.848597274	3502564342	30.000000000	25.828742981	-26.000000000
20.848597274	3502564342	30.000000000	35.249126434	-26.000000000
20.848641357	3502571748	30.000000000	35.249126434	-12.000000000
20.898597315	3510964349	30.000000000	35.249126434	-12.000000000
20.898597315	3510964349	30.000000000	44.511367798	-12.000000000
20.898641357	3510971748	30.000000000	44.511367798	-2.000000000
20.948598256	3519364507	30.000000000	44.511367798	-2.000000000
20.948598256	3519364507	30.000000000	28.236820221	-2.000000000
20.948641357	3519371748	30.000000000	28.236820221	-0.493333817
20.998597250	3527764338	30.000000000	28.236820221	-0.493333817
20.998597250	3527764338	30.000000000	19.046781540	-0.493333817
20.998641357	3527771748	30.000000000	19.046781540	10.227134705
21.048597274	3536164342	30.000000000	19.046781540	10.227134705
21.048597274	3536164342	30.000000000	28.086143494	10.227134705
21.048641357	3536171748	30.000000000	28.086143494	23.841102600
21.098597262	3544564340	30.000000000	28.086143494	23.841102600
21.098597262	3544564340	30.000000000	36.422973633	23.841102600
21.098641357	3544571748	30.000000000	36.422973633	25.404602051
21.148597321	3552964350	30.000000000	36.422973633	25.404602051
21.148597321	3552964350	30.000000000	41.485397339	25.404602051
21.148641357	3552971748	30.000000000	41.485397339	33.404602051
21.198597810	3561364432	-30.000000000	41.485397339	33.404602051
21.198597810	3561364432	-30.000000000	43.390586853	33.404602051
21.198641357	3561371748	-30.000000000	43.390586853	-65.721839905
21.248597732	3569764419	-30.000000000	43.390586853	-65.721839905
21.248597732	3569764419	-30.000000000	25.472194672	-65.721839905
21.248641357	3569771748	-30.000000000	25.472194672	-35.887786865
21.298597637	3578164403	-30.000000000	25.472194672	-35.887786865
21.298597637	3578164403	-30.000000000	-2.754458427	-35.887786865
21.298641357	3578171748	-30.000000000	-2.754458427	21.661056519
21.348598048	3586564472	-30.000000000	-2.754458427	21.661056519
21.348598048	3586564472	-30.000000000	-22.523225784	21.661056519
21.348641357	3586571748	-30.000000000	-22.523225784	36.488674164
21.398597268	3594964341	-30.000000000	-22.523225784	36.488674164
21.398597268	3594964341	-30.000000000	-16.802986145	36.488674164
21.398641357	3594971748	-30.000000000	-16.802986145	43.232139587
21.448597655	3603364406	-30.000000000	-16.802986145	43.232139587
21.448597655	3603364406	-30.000000000	-11.646643639	43.232139587
21.448641357	3603371748	-30.000000000	-11.646643639	35.232139587
21.498597470	3611764375	-30.000000000	-11.646643639	35.232139587
21.498597470	3611764375	-30.000000000	-17.692617416	35.232139587
21.498641357	3611771748	-30.000000000	-17.692617416	40.758560181
21.548597917	3620164450	-30.000000000	-17.692617416	40.758560181
21.548597917	3620164450	-30.000000000	-22.291070938	40.758560181
21.548641357	3620171748	-30.000000000	-22.291070938	30.080791473
21.598597810	3628564432	-30.000000000	-22.291070938	30.080791473
21.598597810	3628564432	-30.000000000	-15.227720261	30.080791473
21.598641357	3628571748	-30.000000000	-15.227720261	18.599847794
21.648597607	3636964398	-30.000000000	-15.227720261	18.599847794
21.648597607	3636964398	-30.000000000	-10.100232124	18.599847794
21.648641357	3636971748	-30.000000000	-10.100232124	6.364557266
21.698597470	3645364375	-30.000000000	-10.100232124	6.364557266
21.698597470	3645364375	-30.000000000	-11.070302010	6.364557266
21.698641357	3645371748	-30.000000000	-11.070302010	-15.000000000
21.748597976	3653764460	-30.000000000	-11.070302010	-15.000000000
21.748597976	3653764460	-30.000000000	-13.756556511	-15.000000000
21.748641357	3653771748	-30.000000000	-13.756556511	-11.000000000
21.798597429	3662164368	-30.000000000	-13.756556511	-11.000000000
21.798597429	3662164368	-30.000000000	-16.607952118	-11.000000000
21.798641357	3662171748	-30.000000000	-16.607952118	-7.000000000
21.848597988	3670564462	-30.000000000	-16.607952118	-7.000000000
21.848597988	3670564462	-30.000000000	-19.545225143	-7.000000000
21.848641357	3670571748	-30.000000000	-19.545225143	-3.000000000
21.898597405	3678964364	-30.000000000	-19.545225143	-3.000000000
21.898597405	3678964364	-30.000000000	-22.527153015	-3.000000000
21.898641357	3678971748	-30.000000000	-22.527153015	-1.000000000
21.948597268	3687364341	-30.000000000	-22.527153015	-1.000000000
21.948597268	3687364341	-30.000000000	-13.895936966	-1.000000000
21.948641357	3687371748	-30.000000000	-13.895936966	-12.000000000
21.998598179	3695764494	-30.000000000	-13.895936966	-12.000000000
21.998598179	3695764494	-30.000000000	-9.407705307	-12.000000000
21.998641357	3695771748	-30.000000000	-9.407705307	-19.000000000
22.048597536	3704164386	-30.000000000	-9.407705307	-19.000000000
22.048597536	3704164386	-30.000000000	-15.073823929	-19.000000000
22.048641357	3704171748	-30.000000000	-15.073823929	-11.000000000
22.098597524	3712564384	-30.000000000	-15.073823929	-11.000000000
22.098597524	3712564384	-30.000000000	-20.202024460	-11.000000000
22.098641357	3712571748	-30.000000000	-20.202024460	-3.000000000
22.148597375	3720964359	-30.000000000	-20.202024460	-3.000000000
22.148597375	3720964359	-30.000000000	-23.595962524	-3.000000000
22.148656357	3720974268	-30.000000000	-23.595962524	-1.000000000
22.198597268	3729364341	-30.000000000	-23.595962524	-1.000000000
22.198597268	3729364341	-30.000000000	-14.451718330	-1.000000000
22.198641357	3729371748	-30.000000000	-14.451718330	-13.000000000
22.248598220	3737764501	-30.000000000	-14.451718330	-13.000000000
22.248598220	3737764501	-30.000000000	-9.696710587	-13.000000000
22.248641357	3737771748	-30.000000000	-9.696710587	-20.000000000
22.298597494	3746164379	-30.000000000	-9.696710587	-20.000000000
22.298597494	3746164379	-30.000000000	-16.678651810	-20.000000000
22.298641357	3746171748	-30.000000000	-16.678651810	-10.000000000
22.348597429	3754564368	-30.000000000	-16.678651810	-10.000000000
22.348597429	3754564368	-30.000000000	-24.672897339	-10.000000000
22.348641357	3754571748	-30.000000000	-24.672897339	-1.000000000
22.398597821	3762964434	-30.000000000	-24.672897339	-1.000000000
22.398597821	3762964434	-30.000000000	-15.738997459	-1.000000000
22.398641357	3762971748	-30.000000000	-15.738997459	-12.000000000
22.448597667	3771364408	-30.000000000	-15.738997459	-12.000000000
22.448597667	3771364408	-30.000000000	-13.275187492	-12.000000000
22.448641357	3771371748	-30.000000000	-13.275187492	-16.000000000
22.498597530	3779764385	-30.000000000	-13.275187492	-16.000000000
22.498597530	3779764385	-30.000000000	-22.175827026	-16.000000000
22.498641357	3779771748	-30.000000000	-22.175827026	-3.000000000
22.548597488	3788164378	-30.000000000	-22.175827026	-3.000000000
22.548597488	3788164378	-30.000000000	-29.713245392	-3.000000000
22.548641357	3788171748	-30.000000000	-29.713245392	-8.000000000
22.598597256	3796564339	-30.000000000	-29.713245392	-8.000000000
22.598597256	3796564339	-30.000000000	-19.087249756	-8.000000000
22.598641357	3796571748	-30.000000000	-19.087249756	-8.000000000
22.648598244	3804964505	-30.000000000	-19.087249756	-8.000000000
22.648598244	3804964505	-30.000000000	-15.016277313	-8.000000000
22.648641357	3804971748	-30.000000000	-15.016277313	7.506666183
22.698597565	3813364391	-30.000000000	-15.016277313	7.506666183
22.698597565	3813364391	-30.000000000	-23.081192017	7.506666183
22.698641357	3813371748	-30.000000000	-23.081192017	19.506666183
22.748597440	3821764370	-30.000000000	-23.081192017	19.506666183
22.748597440	3821764370	-30.000000000	-29.456764221	19.506666183
22.748641357	3821771748	-30.000000000	-29.456764221	18.742763519
22.798597839	3830164437	-30.000000000	-29.456764221	18.742763519
22.798597839	3830164437	-30.000000000	-19.681152344	18.742763519
22.798641357	3830171748	-30.000000000	-19.681152344	17.356861115
22.848597661	3838564407	-30.000000000	-19.681152344	17.356861115
22.848597661	3838564407	-30.000000000	-13.143289566	17.356861115
22.848641357	3838571748	-30.000000000	-13.143289566	14.181961060
22.898597494	3846964379	-30.000000000	-13.143289566	14.181961060
22.898597494	3846964379	-30.000000000	-18.470872879	14.181961060
22.898641357	3846971748	-30.000000000	-18.470872879	20.431640625
22.948597345	3855364354	-30.000000000	-18.470872879	20.431640625
22.948597345	3855364354	-30.000000000	-22.695762634	20.431640625
22.948641357	3855371748	-30.000000000	-22.695762634	19.652370453
22.998597339	3863764353	-30.000000000	-22.695762634	19.652370453
22.998597339	3863764353	-30.000000000	-24.892705917	19.652370453
22.998636357	3863770908	-30.000000000	-24.892705917	-1.000000000
23.048597887	3872164445	-30.000000000	-24.892705917	-1.000000000
23.048597887	3872164445	-30.000000000	-26.035116196	-1.000000000
23.048641357	3872171748	-30.000000000	-26.035116196	0.000000000
23.098597375	3880564359	-30.000000000	-26.035116196	0.000000000
23.098597375	3880564359	-30.000000000	-26.629169464	0.000000000
23.098641357	3880571748	-30.000000000	-26.629169464	-1.000000000
23.148597268	3888964341	-30.000000000	-26.629169464	-1.000000000
23.148597268	3888964341	-30.000000000	-16.756258011	-1.000000000
23.148641357	3888971748	-30.000000000	-16.756258011	-13.000000000
23.198598143	3897364488	-30.000000000	-16.756258011	-13.000000000
23.198598143	3897364488	-30.000000000	-10.895071983	-13.000000000
23.198651357	3897373428	-30.000000000	-10.895071983	-22.000000000
23.248597524	3905764384	-30.000000000	-10.895071983	-22.000000000
23.248597524	3905764384	-30.000000000	-16.574527740	-22.000000000
23.248641357	3905771748	-30.000000000	-16.574527740	-14.000000000
23.298598012	3914164466	-30.000000000	-16.574527740	-14.000000000
23.298598012	3914164466	-30.000000000	-23.164207458	-14.000000000
23.298641357	3914171748	-30.000000000	-23.164207458	-5.000000000
23.348597411	3922564365	-30.000000000	-23.164207458	-5.000000000
23.348597411	3922564365	-30.000000000	-29.499931335	-5.000000000
23.348641357	3922571748	-30.000000000	-29.499931335	-4.000000000
23.398597262	3930964340	-30.000000000	-29.499931335	-4.000000000
23.398597262	3930964340	-30.000000000	-18.249053955	-4.000000000
23.398656357	3930974268	-30.000000000	-18.249053955	-12.000000000
23.448598173	3939364493	-30.000000000	-18.249053955	-12.000000000
23.448598173	3939364493	-30.000000000	-13.125871658	-12.000000000
23.448641357	3939371748	-30.000000000	-13.125871658	-20.000000000
23.498598101	3947764481	-30.000000000	-13.125871658	-20.000000000
23.498598101	3947764481	-30.000000000	-20.643634796	-20.000000000
23.498641357	3947771748	-30.000000000	-20.643634796	-9.000000000
23.548597440	3956164370	-30.000000000	-20.643634796	-9.000000000
23.548597440	3956164370	-30.000000000	-28.189233780	-9.000000000
23.548641357	3956171748	-30.000000000	-28.189233780	-1.000000000
23.598597268	3964564341	-30.000000000	-28.189233780	-1.000000000
23.598597268	3964564341	-30.000000000	-17.567491531	-1.000000000
23.598676357	3964577628	-30.000000000	-17.567491531	6.253389359
23.648597685	3972964411	-30.000000000	-17.567491531	6.253389359
23.648597685	3972964411	-30.000000000	-12.044186592	6.253389359
23.648641357	3972971748	-30.000000000	-12.044186592	-2.746610641
23.698598095	3981364480	-30.000000000	-12.044186592	-2.746610641
23.698598095	3981364480	-30.000000000	-20.808429718	-2.746610641
23.698641357	3981371748	-30.000000000	-20.808429718	21.331138611
23.748597262	3989764340	-30.000000000	-20.808429718	21.331138611
23.748597262	3989764340	-30.000000000	-28.274927139	21.331138611
23.748641357	3989771748	-30.000000000	-28.274927139	29.742155075
23.798597262	3998164340	-30.000000000	-28.274927139	29.742155075
23.798597262	3998164340	-30.000000000	-32.157505035	29.742155075
23.798641357	3998171748	-30.000000000	-32.157505035	17.775657654
23.848597851	4006564439	-30.000000000	-32.157505035	17.775657654
23.848597851	4006564439	-30.000000000	-20.358266830	17.775657654
23.848641357	4006571748	-30.000000000	-20.358266830	13.850881577
23.898597631	4014964402	-30.000000000	-20.358266830	13.850881577
23.898597631	4014964402	-30.000000000	-12.768115997	13.850881577
23.898641357	4014971748	-30.000000000	-12.768115997	3.390979767
23.948597429	4023364368	-30.000000000	-12.768115997	3.390979767
23.948597429	4023364368	-30.000000000	-16.821237564	3.390979767
23.948641357	4023371748	-30.000000000	-16.821237564	6.018228531
23.998597375	4031764359	-30.000000000	-16.821237564	6.018228531
23.998597375	4031764359	-30.000000000	-21.837953568	6.018228531
23.998641357	4031771748	-30.000000000	-21.837953568	14.018228531
24.048597375	4040164359	-30.000000000	-21.837953568	14.018228531
24.048597375	4040164359	-30.000000000	-24.446645737	14.018228531
24.048641357	4040171748	-30.000000000	-24.446645737	-6.000000000
24.098598024	4048564468	-30.000000000	-24.446645737	-6.000000000
24.098598024	4048564468	-30.000000000	-25.803165436	-6.000000000
24.098641357	4048571748	-30.000000000	-25.803165436	-4.000000000
24.148597357	4056964356	-30.000000000	-25.803165436	-4.000000000
24.148597357	4056964356	-30.000000000	-26.508556366	-4.000000000
24.148641357	4056971748	-30.000000000	-26.508556366	-3.000000000
24.198597345	4065364354	-30.000000000	-26.508556366	-3.000000000
24.198597345	4065364354	-30.000000000	-27.602630615	-3.000000000
24.198641357	4065371748	-30.000000000	-27.602630615	-1.000000000
24.248597976	4073764460	-30.000000000	-27.602630615	-1.000000000
24.248597976	4073764460	-30.000000000	-28.171548843	-1.000000000
24.248636357	4073770908	-30.000000000	-28.171548843	0.000000000
24.298597423	4082164367	-30.000000000	-28.171548843	0.000000000
24.298597423	4082164367	-30.000000000	-28.467386246	0.000000000
24.298641357	4082171748	-30.000000000	-28.467386246	0.000000000
24.348597423	4090564367	-30.000000000	-28.467386246	0.000000000
24.348597423	4090564367	-30.000000000	-28.621221542	0.000000000
24.348641357	4090571748	-30.000000000	-28.621221542	0.000000000
24.398597321	4098964350	-30.000000000	-28.621221542	0.000000000
24.398597321	4098964350	-30.000000000	-27.973945618	0.000000000
24.398641357	4098971748	-30.000000000	-27.973945618	-1.000000000
24.448597363	4107364357	-30.000000000	-27.973945618	-1.000000000
24.448597363	4107364357	-30.000000000	-29.091905594	-1.000000000
24.448650357	4107373260	-30.000000000	-29.091905594	0.000000000
24.498597976	4115764460	-30.000000000	-29.091905594	0.000000000
24.498597976	4115764460	-30.000000000	-28.945972443	0.000000000
24.498641357	4115771748	-30.000000000	-28.945972443	0.000000000
24.548597333	4124164352	-30.000000000	-28.945972443	0.000000000
24.548597333	4124164352	-30.000000000	-28.870086670	0.000000000
24.548641357	4124171748	-30.000000000	-28.870086670	0.000000000
24.598640357	4132571580	-30.000000000	-28.870086670	-1.000000000
24.648597762	4140964424	-30.000000000	-28.870086670	-1.000000000
24.648597762	4140964424	-30.000000000	-18.279197693	-1.000000000
24.648636357	4140970908	-30.000000000	-18.279197693	-16.000000000
24.698597613	4149364399	-30.000000000	-18.279197693	-16.000000000
24.698597613	4149364399	-30.000000000	-11.687000275	-16.000000000
24.698641357	4149371748	-30.000000000	-11.687000275	-26.000000000
24.748598030	4157764469	-30.000000000	-11.687000275	-26.000000000
24.748598030	4157764469	-30.000000000	-19.168149948	-26.000000000
24.748641357	4157771748	-30.000000000	-19.168149948	-15.000000000
24.798597512	4166164382	-30.000000000	-19.168149948	-15.000000000
24.798597512	4166164382	-30.000000000	-25.240165710	-15.000000000
24.798641357	4166171748	-30.000000000	-25.240165710	-6.000000000
24.848597262	4174564340	-30.000000000	-25.240165710	-6.000000000
24.848597262	4174564340	-30.000000000	-30.579429626	-6.000000000
24.848641357	4174571748	-30.000000000	-30.579429626	-1.000000000
24.898597851	4182964439	-30.000000000	-30.579429626	-1.000000000
24.898597851	4182964439	-30.000000000	-18.810394287	-1.000000000
24.898641357	4182971748	-30.000000000	-18.810394287	-16.000000000
24.948597690	4191364412	-30.000000000	-18.810394287	-16.000000000
24.948597690	4191364412	-30.000000000	-14.872313499	-16.000000000
24.948641357	4191371748	-30.000000000	-14.872313499	-22.000000000
24.998597565	4199764391	-30.000000000	-14.872313499	-22.000000000
24.998597565	4199764391	-30.000000000	-23.006332397	-22.000000000
24.998641357	4199771748	-30.000000000	-23.006332397	-10.000000000
25.048597440	4208164370	-30.000000000	-23.006332397	-10.000000000
25.048597440	4208164370	-30.000000000	-31.599655151	-10.000000000
25.048641357	4208171748	-30.000000000	-31.599655151	-2.000000000
25.098597244	4216564337	-30.000000000	-31.599655151	-2.000000000
25.098597244	4216564337	-30.000000000	-20.068183899	-2.000000000
25.098641357	4216571748	-30.000000000	-20.068183899	-15.000000000
25.148598232	4224964503	-30.000000000	-20.068183899	-15.000000000
25.148598232	4224964503	-30.000000000	-14.071819305	-15.000000000
25.148641357	4224971748	-30.000000000	-14.071819305	1.087503433
25.198598060	4233364474	-30.000000000	-14.071819305	1.087503433
25.198598060	4233364474	-30.000000000	-24.044616699	1.087503433
25.198636357	4233370908	-30.000000000	-24.044616699	21.113792419
25.248597381	4241764360	-30.000000000	-24.044616699	21.113792419
25.248597381	4241764360	-30.000000000	-33.594108582	21.113792419
25.248641357	4241771748	-30.000000000	-33.594108582	26.113792419
25.298597839	4250164437	-30.000000000	-33.594108582	26.113792419
25.298597839	4250164437	-30.000000000	-22.559843063	26.113792419
25.298641357	4250171748	-30.000000000	-22.559843063	16.116455078
25.348597643	4258564404	-30.000000000	-22.559843063	16.116455078
25.348597643	4258564404	-30.000000000	-13.912936211	16.116455078
25.348641357	4258571748	-30.000000000	-13.912936211	12.839561462
25.398597500	4266964380	-30.000000000	-13.912936211	12.839561462
25.398597500	4266964380	-30.000000000	-19.598363876	12.839561462
25.398641357	4266971748	-30.000000000	-19.598363876	19.690742493
25.448597440	4275364370	-30.000000000	-19.598363876	19.690742493
25.448597440	4275364370	-30.000000000	-25.463878632	19.690742493
25.448641357	4275371748	-30.000000000	-25.463878632	20.482116699
25.498597887	4283764445	-30.000000000	-25.463878632	20.482116699
25.498597887	4283764445	-30.000000000	-28.513946533	20.482116699
25.498641357	4283771748	-30.000000000	-28.513946533	18.766357422
25.548597964	4292164458	-30.000000000	-28.513946533	18.766357422
25.548597964	4292164458	-30.000000000	-30.099979401	18.766357422
25.548641357	4292171748	-30.000000000	-30.099979401	20.766357422
25.598597304	4300564347	-30.000000000	-30.099979401	20.766357422
25.598597304	4300564347	-30.000000000	-28.742898941	20.766357422
25.598656357	4300574268	-30.000000000	-28.742898941	-3.000000000
25.648597256	4308964339	-30.000000000	-28.742898941	-3.000000000
25.648597256	4308964339	-30.000000000	-28.037216187	-3.000000000
25.648641357	4308971748	-30.000000000	-28.037216187	-4.000000000
25.698597893	4317364446	-30.000000000	-28.037216187	-4.000000000
25.698597893	4317364446	-30.000000000	-27.670261383	-4.000000000
25.698636357	4317370908	-30.000000000	-27.670261383	-5.000000000
25.748597363	4325764357	-30.000000000	-27.670261383	-5.000000000
25.748597363	4325764357	-30.000000000	-27.479446411	-5.000000000
25.748641357	4325771748	-30.000000000	-27.479446411	-5.000000000
25.798597357	4334164356	-30.000000000	-27.479446411	-5.000000000
25.798597357	4334164356	-30.000000000	-27.380222321	-5.000000000
25.798641357	4334171748	-30.000000000	-27.380222321	-5.000000000
25.848597429	4342564368	-30.000000000	-27.380222321	-5.000000000
25.848597429	4342564368	-30.000000000	-27.328624725	-5.000000000
25.848641357	4342571748	-30.000000000	-27.328624725	-5.000000000
25.898648357	4350972924	-30.000000000	-27.328624725	-5.000000000
25.898648357	4350972924	-30.000000000	-28.029064178	-5.000000000
25.898648357	4350972924	-30.000000000	-28.029064178	-4.000000000
25.948597982	4359364461	-30.000000000	-28.029064178	-4.000000000
25.948597982	4359364461	-30.000000000	-28.393295288	-4.000000000
25.948641357	4359371748	-30.000000000	-28.393295288	-4.000000000
25.998597405	4367764364	-30.000000000	-28.393295288	-4.000000000
25.998597405	4367764364	-30.000000000	-29.309967041	-4.000000000
25.998641357	4367771748	-30.000000000	-29.309967041	-3.000000000
26.048597375	4376164359	-30.000000000	-29.309967041	-3.000000000
26.048597375	4376164359	-30.000000000	-30.513912201	-3.000000000
26.048641357	4376171748	-30.000000000	-30.513912201	-1.000000000
26.098597929	4384564452	-30.000000000	-30.513912201	-1.000000000
26.098597929	4384564452	-30.000000000	-31.867233276	-1.000000000
26.098636357	4384570908	-30.000000000	-31.867233276	0.000000000
26.148597399	4392964363	-30.000000000	-31.867233276	0.000000000
26.148597399	4392964363	-30.000000000	-31.843688965	0.000000000
26.148641357	4392971748	-30.000000000	-31.843688965	0.000000000
26.198597911	4401364449	-30.000000000	-31.843688965	0.000000000
26.198597911	4401364449	-30.000000000	-31.831447601	0.000000000
26.198641357	4401371748	-30.000000000	-31.831447601	0.000000000
26.248597351	4409764355	-90.000000000	-31.831447601	0.000000000
26.248597351	4409764355	-90.000000000	-33.279624939	0.000000000
26.248641357	4409771748	-90.000000000	-33.279624939	-88.000000000
26.298597577	4418164393	-90.000000000	-33.279624939	-88.000000000
26.298597577	4418164393	-90.000000000	-35.487220764	-88.000000000
26.298641357	4418171748	-90.000000000	-35.487220764	-86.000000000
26.348598119	4426564484	-90.000000000	-35.487220764	-86.000000000
26.348598119	4426564484	-90.000000000	-42.453353882	-86.000000000
26.348641357	4426571748	-90.000000000	-42.453353882	-76.000000000
26.398597732	4434964419	-90.000000000	-42.453353882	-76.000000000
26.398597732	4434964419	-90.000000000	-51.893924713	-76.000000000
26.398641357	4434971748	-90.000000000	-51.893924713	-63.000000000
26.448597458	4443364373	-90.000000000	-51.893924713	-63.000000000
26.448597458	4443364373	-90.000000000	-61.893928528	-63.000000000
26.448641357	4443371748	-90.000000000	-61.893928528	-28.746610641
26.498597452	4451764372	-90.000000000	-61.893928528	-28.746610641
26.498597452	4451764372	-90.000000000	-71.457565308	-28.746610641
26.498641357	4451771748	-90.000000000	-71.457565308	-14.746610641
26.548597946	4460164455	-90.000000000	-71.457565308	-14.746610641
26.548597946	4460164455	-90.000000000	-78.612480164	-14.746610641
26.548641357	4460171748	-90.000000000	-78.612480164	6.794158936
26.598640357	4468571580	-90.000000000	-78.612480164	17.149047852
26.648597381	4476964360	-90.000000000	-78.612480164	17.149047852
26.648597381	4476964360	-90.000000000	-86.100448608	17.149047852
26.648641357	4476971748	-90.000000000	-86.100448608	20.823158264
26.698597411	4485364365	-90.000000000	-86.100448608	20.823158264
26.698597411	4485364365	-90.000000000	-86.226776123	20.823158264
26.698641357	4485371748	-90.000000000	-86.226776123	17.879383087
26.748597988	4493764462	-90.000000000	-86.226776123	17.879383087
26.748597988	4493764462	-90.000000000	-84.837921143	17.879383087
26.748641357	4493771748	-90.000000000	-84.837921143	13.217824936
26.798597268	4502164341	-90.000000000	-84.837921143	13.217824936
26.798597268	4502164341	-90.000000000	-83.388442993	13.217824936
26.798641357	4502171748	-90.000000000	-83.388442993	10.217824936
26.848597399	4510564363	-90.000000000	-83.388442993	10.217824936
26.848597399	4510564363	-90.000000000	-81.907440186	10.217824936
26.848641357	4510571748	-90.000000000	-81.907440186	6.799884796
26.898597375	4518964359	-90.000000000	-81.907440186	6.799884796
26.898597375	4518964359	-90.000000000	-79.682769775	6.799884796
26.898641357	4518971748	-90.000000000	-79.682769775	1.233146667
26.948597339	4527364353	-90.000000000	-79.682769775	1.233146667
26.948597339	4527364353	-90.000000000	-78.525947571	1.233146667
26.948641357	4527371748	-90.000000000	-78.525947571	-1.169916153
26.998597958	4535764457	-90.000000000	-78.525947571	-1.169916153
26.998597958	4535764457	-90.000000000	-77.924400330	-1.169916153
26.998641357	4535771748	-90.000000000	-77.924400330	-2.232761383
27.048597369	4544164358	-90.000000000	-77.924400330	-2.232761383
27.048597369	4544164358	-90.000000000	-76.157051086	-2.232761383
27.048641357	4544171748	-90.000000000	-76.157051086	-4.554168701
27.098597405	4552564364	-90.000000000	-76.157051086	-4.554168701
27.098597405	4552564364	-90.000000000	-77.419845581	-4.554168701
27.098641357	4552571748	-90.000000000	-77.419845581	-1.431043625
27.148597946	4560964455	-90.000000000	-77.419845581	-1.431043625
27.148597946	4560964455	-90.000000000	-76.621955872	-1.431043625
27.148636357	4560970908	-90.000000000	-76.621955872	-3.431043625
27.198597363	4569364357	-90.000000000	-76.621955872	-3.431043625
27.198597363	4569364357	-90.000000000	-76.934326172	-3.431043625
27.198641357	4569371748	-90.000000000	-76.934326172	-3.115154266
27.248597333	4577764352	-90.000000000	-76.934326172	-3.115154266
27.248597333	4577764352	-90.000000000	-78.551300049	-3.115154266
27.248641357	4577771748	-90.000000000	-78.551300049	0.074380875
27.298597387	4586164361	-90.000000000	-78.551300049	0.074380875
27.298597387	4586164361	-90.000000000	-79.392135620	0.074380875
27.298641357	4586171748	-90.000000000	-79.392135620	1.367092133
27.348641357	4594571748	-90.000000000	-79.392135620	1.367092133
27.348641357	4594571748	-90.000000000	-79.392135620	0.900705338
27.398597964	4602964458	-90.000000000	-79.392135620	0.900705338
27.398597964	4602964458	-90.000000000	-79.678543091	0.900705338
27.398641357	4602971748	-90.000000000	-79.678543091	0.683895111
27.448597423	4611364367	-90.000000000	-79.678543091	0.683895111
27.448597423	4611364367	-90.000000000	-79.251022339	0.683895111
27.448641357	4611371748	-90.000000000	-79.251022339	0.683895111
27.498597363	4619764357	-90.000000000	-79.251022339	0.683895111
27.498597363	4619764357	-90.000000000	-79.028709412	0.683895111
27.498641357	4619771748	-90.000000000	-79.028709412	-0.446189880
27.548597869	4628164442	-90.000000000	-79.028709412	-0.446189880
27.548597869	4628164442	-90.000000000	-79.640380859	-0.446189880
27.548636357	4628170908	-90.000000000	-79.640380859	0.296768188
27.598597946	4636564455	-90.000000000	-79.640380859	0.296768188
27.598597946	4636564455	-90.000000000	-79.231178284	0.296768188
27.598641357	4636571748	-90.000000000	-79.231178284	-0.499473572
27.648597923	4644964451	-90.000000000	-79.231178284	-0.499473572
27.648597923	4644964451	-90.000000000	-79.018386841	-0.499473572
27.648641357	4644971748	-90.000000000	-79.018386841	-1.377220154
27.698597393	4653364362	-90.000000000	-79.018386841	-1.377220154
27.698597393	4653364362	-90.000000000	-79.635017395	-1.377220154
27.698641357	4653371748	-90.000000000	-79.635017395	-0.482858658
27.748597375	4661764359	-90.000000000	-79.635017395	-0.482858658
27.748597375	4661764359	-90.000000000	-79.228385925	-0.482858658
27.748641357	4661771748	-90.000000000	-79.228385925	-1.482858658
27.798597887	4670164445	-90.000000000	-79.228385925	-1.482858658
27.798597887	4670164445	-90.000000000	-80.471488953	-1.482858658
27.798641357	4670171748	-90.000000000	-80.471488953	0.811744690
27.848597423	4678564367	-90.000000000	-80.471488953	0.811744690
27.848597423	4678564367	-90.000000000	-80.390625000	0.811744690
27.848641357	4678571748	-90.000000000	-80.390625000	-0.011493683
27.898597429	4686964368	-90.000000000	-80.390625000	-0.011493683
27.898597429	4686964368	-90.000000000	-80.348579407	-0.011493683
27.898641357	4686971748	-90.000000000	-80.348579407	0.094562531
27.948597393	4695364362	-90.000000000	-80.348579407	0.094562531
27.948597393	4695364362	-90.000000000	-80.326721191	0.094562531
27.948641357	4695371748	-90.000000000	-80.326721191	0.337188721
27.998597423	4703764367	-90.000000000	-80.326721191	0.337188721
27.998597423	4703764367	-90.000000000	-80.315353394	0.337188721
27.998641357	4703771748	-90.000000000	-80.315353394	0.662082672
28.048597964	4712164458	-90.000000000	-80.315353394	0.662082672
28.048597964	4712164458	-90.000000000	-80.309432983	0.662082672
28.048641357	4712171748	-90.000000000	-80.309432983	-0.501293182
28.098597429	4720564368	-90.000000000	-80.309432983	-0.501293182
28.098597429	4720564368	-90.000000000	-79.579086304	-0.501293182
28.098641357	4720571748	-90.000000000	-79.579086304	-1.501293182
28.148597417	4728964366	-90.000000000	-79.579086304	-1.501293182
28.148597417	4728964366	-90.000000000	-79.926574707	-1.501293182
28.148641357	4728971748	-90.000000000	-79.926574707	-1.420326233
28.198597940	4737364454	-90.000000000	-79.926574707	-1.420326233
28.198597940	4737364454	-90.000000000	-80.107269287	-1.420326233
28.198641357	4737371748	-90.000000000	-80.107269287	-1.013431549
28.248597339	4745764353	-90.000000000	-80.107269287	-1.013431549
28.248597339	4745764353	-90.000000000	-80.928504944	-1.013431549
28.248641357	4745771748	-90.000000000	-80.928504944	-0.306602478
28.298597446	4754164371	-90.000000000	-80.928504944	-0.306602478
28.298597446	4754164371	-90.000000000	-80.628280640	-0.306602478
28.298641357	4754171748	-90.000000000	-80.628280640	-0.661495209
28.348597393	4762564362	-90.000000000	-80.628280640	-0.661495209
28.348597393	4762564362	-90.000000000	-81.199432373	-0.661495209
28.348641357	4762571748	-90.000000000	-81.199432373	-0.695438385
28.398597381	4770964360	-90.000000000	-81.199432373	-0.695438385
28.398597381	4770964360	-90.000000000	-81.496429443	-0.695438385
28.398641357	4770971748	-90.000000000	-81.496429443	0.304561615
28.448597964	4779364458	-90.000000000	-81.496429443	0.304561615
28.448597964	4779364458	-90.000000000	-81.650871277	0.304561615
28.448641357	4779371748	-90.000000000	-81.650871277	0.284194946
28.498597429	4787764368	-90.000000000	-81.650871277	0.284194946
28.498597429	4787764368	-90.000000000	-81.003906250	0.284194946
28.498641357	4787771748	-90.000000000	-81.003906250	-1.728023529
28.548597315	4796164349	-90.000000000	-81.003906250	-1.728023529
28.548597315	4796164349	-90.000000000	-81.394760132	-1.728023529
28.548641357	4796171748	-90.000000000	-81.394760132	-0.735355377
28.598597857	4804564440	-90.000000000	-81.394760132	-0.735355377
28.598597857	4804564440	-90.000000000	-81.598007202	-0.735355377
28.598651357	4804573428	-90.000000000	-81.598007202	-0.739753723
28.648597417	4812964366	-90.000000000	-81.598007202	-0.739753723
28.648597417	4812964366	-90.000000000	-81.703689575	-0.739753723
28.648641357	4812971748	-90.000000000	-81.703689575	-1.100379944
28.698597464	4821364374	-90.000000000	-81.703689575	-1.100379944
28.698597464	4821364374	-90.000000000	-81.758644104	-1.100379944
28.698641357	4821371748	-90.000000000	-81.758644104	-1.100379944
28.748597363	4829764357	-90.000000000	-81.758644104	-1.100379944
28.748597363	4829764357	-90.000000000	-81.787216187	-1.100379944
28.748641357	4829771748	-90.000000000	-81.787216187	-0.779777527
28.798654357	4838173932	-90.000000000	-81.787216187	8.197921753
28.798654357	4838173932	-90.000000000	-81.787216187	-0.766407013
28.848597863	4846564441	-90.000000000	-81.787216187	-0.766407013
28.848597863	4846564441	-90.000000000	-81.809806824	-0.766407013
28.848641357	4846571748	-90.000000000	-81.809806824	-1.579393387
28.898597274	4854964342	-90.000000000	-81.809806824	-1.579393387
28.898597274	4854964342	-90.000000000	-81.813827515	-1.579393387
28.898641357	4854971748	-90.000000000	-81.813827515	-1.646179199
28.948597369	4863364358	-90.000000000	-81.813827515	-1.646179199
28.948597369	4863364358	-90.000000000	-81.815917969	-1.646179199
28.948641357	4863371748	-90.000000000	-81.815917969	-1.327938080
28.998638857	4871771328	-90.000000000	-81.815917969	-1.327938080
28.998638857	4871771328	-90.000000000	-81.817001343	-1.327938080
28.998638857	4871771328	-90.000000000	-81.817001343	-1.327938080
29.048597268	4880164341	-90.000000000	-81.817001343	-1.327938080
29.048597268	4880164341	-90.000000000	-81.817565918	-1.327938080
29.048641357	4880171748	-90.000000000	-81.817565918	-1.316312790
29.098597923	4888564451	-90.000000000	-81.817565918	-1.316312790
29.098597923	4888564451	-90.000000000	-81.817855835	-1.316312790
29.098641357	4888571748	-90.000000000	-81.817855835	-1.772029877
29.148597298	4896964346	-90.000000000	-81.817855835	-1.772029877
29.148597298	4896964346	-90.000000000	-81.818008423	-1.772029877
29.148641357	4896971748	-90.000000000	-81.818008423	-1.445461273
29.198597393	4905364362	-90.000000000	-81.818008423	-1.445461273
29.198597393	4905364362	-90.000000000	-81.818092346	-1.445461273
29.198641357	4905371748	-90.000000000	-81.818092346	-1.249519348
29.248597958	4913764457	-90.000000000	-81.818092346	-1.249519348
29.248597958	4913764457	-90.000000000	-81.818130493	-1.249519348
29.248641357	4913771748	-90.000000000	-81.818130493	-1.669261932
29.298597315	4922164349	-90.000000000	-81.818130493	-1.669261932
29.298597315	4922164349	-90.000000000	-81.818153381	-1.669261932
29.298641357	4922171748	-90.000000000	-81.818153381	-1.025814056
29.348597369	4930564358	-90.000000000	-81.818153381	-1.025814056
29.348597369	4930564358	-90.000000000	-82.545433044	-1.025814056
29.348641357	4930571748	-90.000000000	-82.545433044	-0.025814056
29.398597333	4938964352	-90.000000000	-82.545433044	-0.025814056
29.398597333	4938964352	-90.000000000	-82.923614502	-0.025814056
29.398641357	4938971748	-90.000000000	-82.923614502	0.181261063
29.448597435	4947364369	-90.000000000	-82.923614502	0.181261063
29.448597435	4947364369	-90.000000000	-83.847549438	0.181261063
29.448641357	4947371748	-90.000000000	-83.847549438	1.305505753
29.498598006	4955764465	-90.000000000	-83.847549438	1.305505753
29.498598006	4955764465	-90.000000000	-83.600723267	1.305505753
29.498641357	4955771748	-90.000000000	-83.600723267	1.380052567
29.548597363	4964164357	-90.000000000	-83.600723267	1.380052567
29.548597363	4964164357	-90.000000000	-82.745101929	1.380052567
29.548641357	4964171748	-90.000000000	-82.745101929	-0.754211426
29.598597321	4972564350	-90.000000000	-82.745101929	-0.754211426
29.598597321	4972564350	-90.000000000	-82.300178528	-0.754211426
29.598641357	4972571748	-90.000000000	-82.300178528	-1.834770203
29.648597905	4980964448	-90.000000000	-82.300178528	-1.834770203
29.648597905	4980964448	-90.000000000	-82.068817139	-1.834770203
29.648641357	4980971748	-90.000000000	-82.068817139	-1.834770203
29.698597375	4989364359	-90.000000000	-82.068817139	-1.834770203
29.698597375	4989364359	-90.000000000	-82.675781250	-1.834770203
29.698641357	4989371748	-90.000000000	-82.675781250	-0.704113007
29.748597405	4997764364	-90.000000000	-82.675781250	-0.704113007
29.748597405	4997764364	-90.000000000	-82.991401672	-0.704113007
29.748641357	4997771748	-90.000000000	-82.991401672	-0.625719070
29.798597351	5006164355	-90.000000000	-82.991401672	-0.625719070
29.798597351	5006164355	-90.000000000	-83.155525208	-0.625719070
29.798641357	5006171748	-90.000000000	-83.155525208	-0.578681946
29.848597399	5014564363	-90.000000000	-83.155525208	-0.578681946
29.848597399	5014564363	-90.000000000	-83.968139648	-0.578681946
29.848641357	5014571748	-90.000000000	-83.968139648	0.628534317
29.898597994	5022964463	-90.000000000	-83.968139648	0.628534317
29.898597994	5022964463	-90.000000000	-84.390701294	0.628534317
29.898641357	5022971748	-90.000000000	-84.390701294	1.573869705
29.948597381	5031364360	-90.000000000	-84.390701294	1.573869705
29.948597381	5031364360	-90.000000000	-83.883163452	1.573869705
29.948641357	5031371748	-90.000000000	-83.883163452	0.573869705
29.998597405	5039764364	-90.000000000	-83.883163452	0.573869705
29.998597405	5039764364	-90.000000000	-83.619239807	0.573869705
29.998641357	5039771748	-90.000000000	-83.619239807	-0.995906830
30.048653357	5048173764	-90.000000000	-83.619239807	-0.995906830
30.048653357	5048173764	-90.000000000	-83.619239807	6.518005371
30.048653357	5048173764	-90.000000000	-83.619239807	-0.979785919
30.098597387	5056564361	-90.000000000	-83.619239807	-0.979785919
30.098597387	5056564361	-90.000000000	-84.137908936	-0.979785919
30.098641357	5056571748	-90.000000000	-84.137908936	0.208877563
30.148597429	5064964368	-90.000000000	-84.137908936	0.208877563
30.148597429	5064964368	-90.000000000	-83.751708984	0.208877563
30.148641357	5064971748	-90.000000000	-83.751708984	-0.498929977
30.198597452	5073364372	-90.000000000	-83.751708984	-0.498929977
30.198597452	5073364372	-90.000000000	-83.550888062	-0.498929977
30.198641357	5073371748	-90.000000000	-83.550888062	-1.502609253
