Time (sec.)	Cycles	"speed_target"	"speed_actual"	"speed_error"
0.000000000	0	0.000000000	0.000000000	0.000000000
0.000000000	0	0.000000000	0.000000000	0.000000000
0.000000000	0	0.000000000	0.000000000	0.000000000
1.048645827	176172499	3600.000000000	0.000000000	0.000000000
1.048645827	176172499	3600.000000000	0.000000000	0.000000000
1.048690476	176180000	3600.000000000	0.000000000	-100.000000000
1.098646262	184572572	3600.000000000	0.000000000	-100.000000000
1.098646262	184572572	3600.000000000	15.000000000	-100.000000000
1.098690476	184580000	3600.000000000	15.000000000	-100.000000000
1.148646107	192972546	3600.000000000	15.000000000	-100.000000000
1.148646107	192972546	3600.000000000	52.000000000	-100.000000000
1.148690476	192980000	3600.000000000	52.000000000	-100.000000000
1.198646101	201372545	3600.000000000	52.000000000	-100.000000000
1.198646101	201372545	3600.000000000	105.000000000	-100.000000000
1.198690476	201380000	3600.000000000	105.000000000	-100.000000000
1.248646506	209772613	3600.000000000	105.000000000	-100.000000000
1.248646506	209772613	3600.000000000	176.000000000	-100.000000000
1.248690476	209780000	3600.000000000	176.000000000	-74.744651794
1.298646720	218172649	3600.000000000	176.000000000	-74.744651794
1.298646720	218172649	3600.000000000	262.000000000	-74.744651794
1.298690476	218180000	3600.000000000	262.000000000	-74.744651794
1.348646304	226572579	3600.000000000	262.000000000	-74.744651794
1.348646304	226572579	3600.000000000	360.000000000	-74.744651794
1.348690476	226580000	3600.000000000	360.000000000	-61.740005493
1.398646333	234972584	3600.000000000	360.000000000	-61.740005493
1.398646333	234972584	3600.000000000	469.000000000	-61.740005493
1.398690476	234980000	3600.000000000	469.000000000	-48.566127777
1.448646732	243372651	3600.000000000	469.000000000	-48.566127777
1.448646732	243372651	3600.000000000	587.000000000	-48.566127777
1.448690476	243380000	3600.000000000	587.000000000	-43.347347260
1.498646292	251772577	3600.000000000	587.000000000	-43.347347260
1.498646292	251772577	3600.000000000	712.000000000	-43.347347260
1.498690476	251780000	3600.000000000	712.000000000	-40.395072937
1.548646161	260172555	3600.000000000	712.000000000	-40.395072937
1.548646161	260172555	3600.000000000	844.000000000	-40.395072937
1.548690476	260180000	3600.000000000	844.000000000	-35.938156128
1.598646077	268572541	3600.000000000	844.000000000	-35.938156128
1.598646077	268572541	3600.000000000	984.000000000	-35.938156128
1.598690476	268580000	3600.000000000	984.000000000	-35.938156128
1.648646304	276972579	3600.000000000	984.000000000	-35.938156128
1.648646304	276972579	3600.000000000	1131.000000000	-35.938156128
1.648690476	276980000	3600.000000000	1131.000000000	-32.906021118
1.698646762	285372656	3600.000000000	1131.000000000	-32.906021118
1.698646762	285372656	3600.000000000	1285.000000000	-32.906021118
1.698690476	285380000	3600.000000000	1285.000000000	-28.401199341
1.748646315	293772581	3600.000000000	1285.000000000	-28.401199341
1.748646315	293772581	3600.000000000	1445.000000000	-28.401199341
1.748690476	293780000	3600.000000000	1445.000000000	-17.235282898
1.798646375	302172591	3600.000000000	1445.000000000	-17.235282898
1.798646375	302172591	3600.000000000	1608.000000000	-17.235282898
1.798690476	302180000	3600.000000000	1608.000000000	21.662422180
1.848646750	310572654	3600.000000000	1608.000000000	21.662422180
1.848646750	310572654	3600.000000000	1767.000000000	21.662422180
1.848690476	310580000	3600.000000000	1767.000000000	46.689613342
1.898646768	318972657	3600.000000000	1767.000000000	46.689613342
1.898646768	318972657	3600.000000000	1827.000000000	46.689613342
1.898690476	318980000	3600.000000000	1827.000000000	-42.310386658
1.948646083	327372542	3600.000000000	1827.000000000	-42.310386658
1.948646083	327372542	3600.000000000	1875.000000000	-42.310386658
1.948690476	327380000	3600.000000000	1875.000000000	84.657546997
1.998646232	335772567	3600.000000000	1875.000000000	84.657546997
1.998646232	335772567	3600.000000000	1978.000000000	84.657546997
1.998690476	335780000	3600.000000000	1978.000000000	175.161010742
2.048646583	344172626	3600.000000000	1978.000000000	175.161010742
2.048646583	344172626	3600.000000000	2065.000000000	175.161010742
2.048690476	344180000	3600.000000000	2065.000000000	69.762557983
2.098646798	352572662	3600.000000000	2065.000000000	69.762557983
2.098646798	352572662	3600.000000000	2137.000000000	69.762557983
2.098690476	352580000	3600.000000000	2137.000000000	2.047676086
2.148646089	360972543	3600.000000000	2137.000000000	2.047676086
2.148646089	360972543	3600.000000000	2216.000000000	2.047676086
2.148690476	360980000	3600.000000000	2216.000000000	-23.004951477
2.198646095	369372544	3600.000000000	2216.000000000	-23.004951477
2.198646095	369372544	3600.000000000	2308.000000000	-23.004951477
2.198690476	369380000	3600.000000000	2308.000000000	-32.307449341
2.248646768	377772657	3600.000000000	2308.000000000	-32.307449341
2.248646768	377772657	3600.000000000	2411.000000000	-32.307449341
2.248685476	377779160	3600.000000000	2411.000000000	-32.307449341
2.298646315	386172581	3600.000000000	2411.000000000	-32.307449341
2.298646315	386172581	3600.000000000	2523.000000000	-32.307449341
2.298690476	386180000	3600.000000000	2523.000000000	32.827350616
2.348646940	394572686	3600.000000000	2523.000000000	32.827350616
2.348646940	394572686	3600.000000000	2633.000000000	32.827350616
2.348690476	394580000	3600.000000000	2633.000000000	19.283859253
2.398646738	402972652	3600.000000000	2633.000000000	19.283859253
2.398646738	402972652	3600.000000000	2665.000000000	19.283859253
2.398690476	402980000	3600.000000000	2665.000000000	-16.456169128
2.448646083	411372542	3600.000000000	2665.000000000	-16.456169128
2.448646083	411372542	3600.000000000	2690.000000000	-16.456169128
2.448705476	411382520	3600.000000000	2690.000000000	31.599136353
2.498646720	419772649	3600.000000000	2690.000000000	31.599136353
2.498646720	419772649	3600.000000000	2760.000000000	31.599136353
2.498690476	419780000	3600.000000000	2760.000000000	4.572822571
2.548646262	428172572	3600.000000000	2760.000000000	4.572822571
2.548646262	428172572	3600.000000000	2840.000000000	4.572822571
2.548690476	428180000	3600.000000000	2840.000000000	38.572822571
2.598646542	436572619	3600.000000000	2840.000000000	38.572822571
2.598646542	436572619	3600.000000000	2922.000000000	38.572822571
2.598690476	436580000	3600.000000000	2922.000000000	74.942405701
2.648646631	444972634	3600.000000000	2922.000000000	74.942405701
2.648646631	444972634	3600.000000000	2994.000000000	74.942405701
2.648690476	444980000	3600.000000000	2994.000000000	30.662139893
2.698646690	453372644	3600.000000000	2994.000000000	30.662139893
2.698646690	453372644	3600.000000000	3013.000000000	30.662139893
2.698690476	453380000	3600.000000000	3013.000000000	-51.150726318
2.748646673	461772641	3600.000000000	3013.000000000	-51.150726318
2.748646673	461772641	3600.000000000	3037.000000000	-51.150726318
2.748690476	461780000	3600.000000000	3037.000000000	-17.147346497
2.798646333	470172584	3600.000000000	3037.000000000	-17.147346497
2.798646333	470172584	3600.000000000	3104.000000000	-17.147346497
2.798690476	470180000	3600.000000000	3104.000000000	30.189468384
2.848646488	478572610	3600.000000000	3104.000000000	30.189468384
2.848646488	478572610	3600.000000000	3175.000000000	30.189468384
2.848690476	478580000	3600.000000000	3175.000000000	51.189468384
2.898647161	486972723	3600.000000000	3175.000000000	51.189468384
2.898647161	486972723	3600.000000000	3201.000000000	51.189468384
2.898690476	486980000	3600.000000000	3201.000000000	13.653907776
2.948646238	495372568	3600.000000000	3201.000000000	13.653907776
2.948646238	495372568	3600.000000000	3217.000000000	13.653907776
2.948690476	495380000	3600.000000000	3217.000000000	-30.287761688
2.998646089	503772543	3600.000000000	3217.000000000	-30.287761688
2.998646089	503772543	3600.000000000	3268.000000000	-30.287761688
2.998690476	503780000	3600.000000000	3268.000000000	37.724708557
3.048646256	512172571	3600.000000000	3268.000000000	37.724708557
3.048646256	512172571	3600.000000000	3327.000000000	37.724708557
3.048690476	512180000	3600.000000000	3327.000000000	0.188159943
3.098646714	520572648	3600.000000000	3327.000000000	0.188159943
3.098646714	520572648	3600.000000000	3338.000000000	0.188159943
3.098690476	520580000	3600.000000000	3338.000000000	20.297325134
3.148646679	528972642	3600.000000000	3338.000000000	20.297325134
3.148646679	528972642	3600.000000000	3344.000000000	20.297325134
3.148690476	528980000	3600.000000000	3344.000000000	-37.358352661
3.198646101	537372545	3600.000000000	3344.000000000	-37.358352661
3.198646101	537372545	3600.000000000	3388.000000000	-37.358352661
3.198690476	537380000	3600.000000000	3388.000000000	41.641647339
3.248646321	545772582	3600.000000000	3388.000000000	41.641647339
3.248646321	545772582	3600.000000000	3442.000000000	41.641647339
3.248690476	545780000	3600.000000000	3442.000000000	-4.791931152
3.298647155	554172722	3600.000000000	3442.000000000	-4.791931152
3.298647155	554172722	3600.000000000	3451.000000000	-4.791931152
3.298685476	554179160	3600.000000000	3451.000000000	39.838008881
3.348646690	562572644	3600.000000000	3451.000000000	39.838008881
3.348646690	562572644	3600.000000000	3449.000000000	39.838008881
3.348690476	562580000	3600.000000000	3449.000000000	-19.306381226
3.398646238	570972568	3600.000000000	3449.000000000	-19.306381226
3.398646238	570972568	3600.000000000	3480.000000000	-19.306381226
3.398690476	570980000	3600.000000000	3480.000000000	38.856895447
3.448646196	579372561	3600.000000000	3480.000000000	38.856895447
3.448646196	579372561	3600.000000000	3519.000000000	38.856895447
3.448690476	579380000	3600.000000000	3519.000000000	-14.156898499
3.498691976	587780252	3600.000000000	3519.000000000	-14.156898499
3.498691976	587780252	3600.000000000	3521.000000000	-14.156898499
3.498691976	587780252	3600.000000000	3521.000000000	17.843101501
3.548646685	596172643	3600.000000000	3521.000000000	17.843101501
3.548646685	596172643	3600.000000000	3519.000000000	17.843101501
3.548690476	596180000	3600.000000000	3519.000000000	-6.427524567
3.598646149	604572553	3600.000000000	3519.000000000	-6.427524567
3.598646149	604572553	3600.000000000	3545.000000000	-6.427524567
3.598690476	604580000	3600.000000000	3545.000000000	40.203372955
3.648645565	612972455	3600.000000000	3545.000000000	40.203372955
3.648645565	612972455	3600.000000000	3559.000000000	40.203372955
3.648690476	612980000	3600.000000000	3559.000000000	33.475357056
3.698646649	621372637	3600.000000000	3559.000000000	33.475357056
3.698646649	621372637	3600.000000000	3564.000000000	33.475357056
3.698685476	621379160	3600.000000000	3564.000000000	10.025440216
3.748646256	629772571	3600.000000000	3564.000000000	10.025440216
3.748646256	629772571	3600.000000000	3582.000000000	10.025440216
3.748690476	629780000	3600.000000000	3582.000000000	4.165235519
3.798646220	638172565	3600.000000000	3582.000000000	4.165235519
3.798646220	638172565	3600.000000000	3585.000000000	4.165235519
3.798690476	638180000	3600.000000000	3585.000000000	13.165235519
3.848646232	646572567	3600.000000000	3585.000000000	13.165235519
3.848646232	646572567	3600.000000000	3586.000000000	13.165235519
3.848690476	646580000	3600.000000000	3586.000000000	-1.833072662
3.898646298	654972578	3600.000000000	3586.000000000	-1.833072662
3.898646298	654972578	3600.000000000	3603.000000000	-1.833072662
3.898690476	654980000	3600.000000000	3603.000000000	0.000000000
3.948647214	663372732	3600.000000000	3603.000000000	0.000000000
3.948647214	663372732	3600.000000000	3605.000000000	0.000000000
3.948690476	663380000	3600.000000000	3605.000000000	-16.000000000
3.998646381	671772592	3600.000000000	3605.000000000	-16.000000000
3.998646381	671772592	3600.000000000	3611.000000000	-16.000000000
3.998690476	671780000	3600.000000000	3611.000000000	-17.000000000
4.048646298	680172578	3600.000000000	3611.000000000	-17.000000000
4.048646298	680172578	3600.000000000	3637.000000000	-17.000000000
4.048690476	680180000	3600.000000000	3637.000000000	-39.000000000
4.098646530	688572617	3600.000000000	3637.000000000	-39.000000000
4.098646530	688572617	3600.000000000	3636.000000000	-39.000000000
4.098690476	688580000	3600.000000000	3636.000000000	-5.000000000
4.148646423	696972599	3600.000000000	3636.000000000	-5.000000000
4.148646423	696972599	3600.000000000	3608.000000000	-5.000000000
4.148690476	696980000	3600.000000000	3608.000000000	-62.818931580
4.198646798	705372662	3600.000000000	3608.000000000	-62.818931580
4.198646798	705372662	3600.000000000	3613.000000000	-62.818931580
4.198690476	705380000	3600.000000000	3613.000000000	-20.441217422
4.248646256	713772571	3600.000000000	3613.000000000	-20.441217422
4.248646256	713772571	3600.000000000	3658.000000000	-20.441217422
4.248690476	713780000	3600.000000000	3658.000000000	-20.088203430
4.298646560	722172622	3600.000000000	3658.000000000	-20.088203430
4.298646560	722172622	3600.000000000	3667.000000000	-20.088203430
4.298690476	722180000	3600.000000000	3667.000000000	9.689491272
4.348646976	730572692	3600.000000000	3667.000000000	9.689491272
4.348646976	730572692	3600.000000000	3635.000000000	9.689491272
4.348690476	730580000	3600.000000000	3635.000000000	-0.037506104
4.398646661	738972639	3600.000000000	3635.000000000	-0.037506104
4.398646661	738972639	3600.000000000	3631.000000000	-0.037506104
4.398690476	738980000	3600.000000000	3631.000000000	15.623107910
4.448646190	747372560	3600.000000000	3631.000000000	15.623107910
4.448646190	747372560	3600.000000000	3664.000000000	15.623107910
4.448690476	747380000	3600.000000000	3664.000000000	4.623107910
4.498646548	755772620	3600.000000000	3664.000000000	4.623107910
4.498646548	755772620	3600.000000000	3669.000000000	4.623107910
4.498690476	755780000	3600.000000000	3669.000000000	13.612747192
4.548646518	764172615	3600.000000000	3669.000000000	13.612747192
4.548646518	764172615	3600.000000000	3640.000000000	13.612747192
4.548690476	764180000	3600.000000000	3640.000000000	0.969722748
4.598646732	772572651	3600.000000000	3640.000000000	0.969722748
4.598646732	772572651	3600.000000000	3637.000000000	0.969722748
4.598690476	772580000	3600.000000000	3637.000000000	15.717521667
4.648646214	780972564	3600.000000000	3637.000000000	15.717521667
4.648646214	780972564	3600.000000000	3668.000000000	15.717521667
4.648690476	780980000	3600.000000000	3668.000000000	-14.488594055
4.698646577	789372625	3600.000000000	3668.000000000	-14.488594055
4.698646577	789372625	3600.000000000	3668.000000000	-14.488594055
4.698690476	789380000	3600.000000000	3668.000000000	23.078166962
4.748646869	797772674	3600.000000000	3668.000000000	23.078166962
4.748646869	797772674	3600.000000000	3640.000000000	23.078166962
4.748692476	797780336	3600.000000000	3640.000000000	-4.921833038
4.798646262	806172572	3600.000000000	3640.000000000	-4.921833038
4.798646262	806172572	3600.000000000	3639.000000000	-4.921833038
4.798690476	806180000	3600.000000000	3639.000000000	8.672672272
4.848646161	814572555	3600.000000000	3639.000000000	8.672672272
4.848646161	814572555	3600.000000000	3669.000000000	8.672672272
4.848690476	814580000	3600.000000000	3669.000000000	-14.312137604
4.898646571	822972624	3600.000000000	3669.000000000	-14.312137604
4.898646571	822972624	3600.000000000	3670.000000000	-14.312137604
4.898690476	822980000	3600.000000000	3670.000000000	8.769416809
4.948700976	831381764	3600.000000000	3670.000000000	8.769416809
4.948700976	831381764	3600.000000000	3670.000000000	-13.792915344
4.998646714	839772648	3600.000000000	3670.000000000	-13.792915344
4.998646714	839772648	3600.000000000	3639.000000000	-13.792915344
4.998690476	839780000	3600.000000000	3639.000000000	15.177757263
5.048646750	848172654	3600.000000000	3639.000000000	15.177757263
5.048646750	848172654	3600.000000000	3669.000000000	15.177757263
5.048695476	848180840	3600.000000000	3669.000000000	-12.822242737
5.098646571	856572624	3600.000000000	3669.000000000	-12.822242737
5.098646571	856572624	3600.000000000	3669.000000000	-12.822242737
5.098690476	856580000	3600.000000000	3669.000000000	-0.804550171
5.148646935	864972685	3600.000000000	3669.000000000	-0.804550171
5.148646935	864972685	3600.000000000	3637.000000000	-0.804550171
5.148698976	864981428	3600.000000000	3637.000000000	-13.774101257
5.198646256	873372571	3600.000000000	3637.000000000	-13.774101257
5.198646256	873372571	3600.000000000	3633.000000000	-13.774101257
5.198690476	873380000	3600.000000000	3633.000000000	4.640808105
5.248646786	881772660	3600.000000000	3633.000000000	4.640808105
5.248646786	881772660	3600.000000000	3664.000000000	4.640808105
5.248690476	881780000	3600.000000000	3664.000000000	-15.110248566
5.298646577	890172625	3600.000000000	3664.000000000	-15.110248566
5.298646577	890172625	3600.000000000	3666.000000000	-15.110248566
5.298690476	890180000	3600.000000000	3666.000000000	17.811729431
5.348646351	898572587	3600.000000000	3666.000000000	17.811729431
5.348646351	898572587	3600.000000000	3636.000000000	17.811729431
5.348690476	898580000	3600.000000000	3636.000000000	-6.306350708
5.398646679	906972642	3600.000000000	3636.000000000	-6.306350708
5.398646679	906972642	3600.000000000	3635.000000000	-6.306350708
5.398690476	906980000	3600.000000000	3635.000000000	21.693649292
5.448688976	915379748	3600.000000000	3635.000000000	-12.728458405
5.498646554	923772621	3600.000000000	3635.000000000	-12.728458405
5.498646554	923772621	3600.000000000	3663.000000000	-12.728458405
5.498690476	923780000	3600.000000000	3663.000000000	16.013069153
5.548646363	932172589	3600.000000000	3663.000000000	16.013069153
5.548646363	932172589	3600.000000000	3633.000000000	16.013069153
5.548690476	932180000	3600.000000000	3633.000000000	-9.982185364
5.598646280	940572575	3600.000000000	3633.000000000	-9.982185364
5.598646280	940572575	3600.000000000	3632.000000000	-9.982185364
5.598690476	940580000	3600.000000000	3632.000000000	13.273941040
5.648646708	948972647	3600.000000000	3632.000000000	13.273941040
5.648646708	948972647	3600.000000000	3660.000000000	13.273941040
5.648690476	948980000	3600.000000000	3660.000000000	-18.924316406
5.698646571	957372624	3600.000000000	3660.000000000	-18.924316406
5.698646571	957372624	3600.000000000	3658.000000000	-18.924316406
5.698690476	957380000	3600.000000000	3658.000000000	10.075683594
5.748646375	965772591	3600.000000000	3658.000000000	10.075683594
5.748646375	965772591	3600.000000000	3625.000000000	10.075683594
5.748690476	965780000	3600.000000000	3625.000000000	-15.655704498
5.798646679	974172642	3600.000000000	3625.000000000	-15.655704498
5.798646679	974172642	3600.000000000	3623.000000000	-15.655704498
5.798690476	974180000	3600.000000000	3623.000000000	4.919742584
5.848646327	982572583	3600.000000000	3623.000000000	4.919742584
5.848646327	982572583	3600.000000000	3654.000000000	4.919742584
5.848690476	982580000	3600.000000000	3654.000000000	-10.310619354
5.898646589	990972627	3600.000000000	3654.000000000	-10.310619354
5.898646589	990972627	3600.000000000	3657.000000000	-10.310619354
5.898690476	990980000	3600.000000000	3657.000000000	11.394695282
5.948646333	999372584	3600.000000000	3657.000000000	11.394695282
5.948646333	999372584	3600.000000000	3627.000000000	11.394695282
5.948690476	999380000	3600.000000000	3627.000000000	-2.450016022
5.998646268	1007772573	3600.000000000	3627.000000000	-2.450016022
5.998646268	1007772573	3600.000000000	3622.000000000	-2.450016022
5.998690476	1007780000	3600.000000000	3622.000000000	8.549983978
6.048646726	1016172650	3600.000000000	3622.000000000	8.549983978
6.048646726	1016172650	3600.000000000	3651.000000000	8.549983978
6.048690476	1016180000	3600.000000000	3651.000000000	-2.784233093
6.098646571	1024572624	6000.000000000	3651.000000000	-2.784233093
6.098646571	1024572624	6000.000000000	3653.000000000	-2.784233093
6.098690476	1024580000	6000.000000000	3653.000000000	-55.473674774
6.148646089	1032972543	6000.000000000	3653.000000000	-55.473674774
6.148646089	1032972543	6000.000000000	3669.000000000	-55.473674774
6.148690476	1032980000	6000.000000000	3669.000000000	-38.360946655
6.198688976	1041379748	6000.000000000	3669.000000000	-38.360946655
6.198688976	1041379748	6000.000000000	3669.000000000	-29.704574585
6.248646577	1049772625	6000.000000000	3669.000000000	-29.704574585
6.248646577	1049772625	6000.000000000	3797.000000000	-29.704574585
6.248690476	1049780000	6000.000000000	3797.000000000	-40.624031067
6.298646708	1058172647	6000.000000000	3797.000000000	-40.624031067
6.298646708	1058172647	6000.000000000	3881.000000000	-40.624031067
6.298690476	1058180000	6000.000000000	3881.000000000	-45.027465820
6.348646131	1066572550	6000.000000000	3881.000000000	-45.027465820
6.348646131	1066572550	6000.000000000	3975.000000000	-45.027465820
6.348690476	1066580000	6000.000000000	3975.000000000	-45.027465820
6.398704476	1074982352	6000.000000000	3975.000000000	-30.601760864
6.398704476	1074982352	6000.000000000	3975.000000000	-44.983978271
6.448646708	1083372647	6000.000000000	3975.000000000	-44.983978271
6.448646708	1083372647	6000.000000000	4195.000000000	-44.983978271
6.448690476	1083380000	6000.000000000	4195.000000000	-43.704612732
6.498646351	1091772587	6000.000000000	4195.000000000	-43.704612732
6.498646351	1091772587	6000.000000000	4319.000000000	-43.704612732
6.498690476	1091780000	6000.000000000	4319.000000000	-41.325401306
6.548646405	1100172596	6000.000000000	4319.000000000	-41.325401306
6.548646405	1100172596	6000.000000000	4451.000000000	-41.325401306
6.548690476	1100180000	6000.000000000	4451.000000000	2.460113525
6.598646196	1108572561	6000.000000000	4451.000000000	2.460113525
6.598646196	1108572561	6000.000000000	4583.000000000	2.460113525
6.598690476	1108580000	6000.000000000	4583.000000000	41.535957336
6.648646750	1116972654	6000.000000000	4583.000000000	41.535957336
6.648646750	1116972654	6000.000000000	4629.000000000	41.535957336
6.648690476	1116980000	6000.000000000	4629.000000000	-50.464042664
6.698646679	1125372642	6000.000000000	4629.000000000	-50.464042664
6.698646679	1125372642	6000.000000000	4672.000000000	-50.464042664
6.698690476	1125380000	6000.000000000	4672.000000000	41.451400757
6.748646167	1133772556	6000.000000000	4672.000000000	41.451400757
6.748646167	1133772556	6000.000000000	4767.000000000	41.451400757
6.748690476	1133780000	6000.000000000	4767.000000000	95.347396851
6.798646405	1142172596	6000.000000000	4767.000000000	95.347396851
6.798646405	1142172596	6000.000000000	4857.000000000	95.347396851
6.798690476	1142180000	6000.000000000	4857.000000000	24.559928894
6.848646714	1150572648	6000.000000000	4857.000000000	24.559928894
6.848646714	1150572648	6000.000000000	4942.000000000	24.559928894
6.848690476	1150580000	6000.000000000	4942.000000000	12.445762634
6.898646375	1158972591	6000.000000000	4942.000000000	12.445762634
6.898646375	1158972591	6000.000000000	5032.000000000	12.445762634
6.898690476	1158980000	6000.000000000	5032.000000000	32.757770538
6.948646274	1167372574	6000.000000000	5032.000000000	32.757770538
6.948646274	1167372574	6000.000000000	5118.000000000	32.757770538
6.948690476	1167380000	6000.000000000	5118.000000000	57.757770538
6.998646613	1175772631	6000.000000000	5118.000000000	57.757770538
6.998646613	1175772631	6000.000000000	5149.000000000	57.757770538
6.998690476	1175780000	6000.000000000	5149.000000000	-57.805114746
7.048646452	1184172604	6000.000000000	5149.000000000	-57.805114746
7.048646452	1184172604	6000.000000000	5186.000000000	-57.805114746
7.048690476	1184180000	6000.000000000	5186.000000000	-23.288543701
7.098646762	1192572656	6000.000000000	5186.000000000	-23.288543701
7.098646762	1192572656	6000.000000000	5268.000000000	-23.288543701
7.098690476	1192580000	6000.000000000	5268.000000000	60.045761108
7.148646655	1200972638	6000.000000000	5268.000000000	60.045761108
7.148646655	1200972638	6000.000000000	5349.000000000	60.045761108
7.148690476	1200980000	6000.000000000	5349.000000000	47.748519897
7.198646571	1209372624	6000.000000000	5349.000000000	47.748519897
7.198646571	1209372624	6000.000000000	5373.000000000	47.748519897
7.198690476	1209380000	6000.000000000	5373.000000000	-9.830993652
7.248646673	1217772641	6000.000000000	5373.000000000	-9.830993652
7.248646673	1217772641	6000.000000000	5395.000000000	-9.830993652
7.248690476	1217780000	6000.000000000	5395.000000000	-18.257522583
7.298646476	1226172608	6000.000000000	5395.000000000	-18.257522583
7.298646476	1226172608	6000.000000000	5456.000000000	-18.257522583
7.298690476	1226180000	6000.000000000	5456.000000000	28.742477417
7.348646482	1234572609	6000.000000000	5456.000000000	28.742477417
7.348646482	1234572609	6000.000000000	5525.000000000	28.742477417
7.348690476	1234580000	6000.000000000	5525.000000000	43.466728210
7.398646726	1242972650	6000.000000000	5525.000000000	43.466728210
7.398646726	1242972650	6000.000000000	5547.000000000	43.466728210
7.398690476	1242980000	6000.000000000	5547.000000000	5.476902008
7.448646655	1251372638	6000.000000000	5547.000000000	5.476902008
7.448646655	1251372638	6000.000000000	5563.000000000	5.476902008
7.448690476	1251380000	6000.000000000	5563.000000000	-39.847244263
7.498646923	1259772683	6000.000000000	5563.000000000	-39.847244263
7.498646923	1259772683	6000.000000000	5618.000000000	-39.847244263
7.498690476	1259780000	6000.000000000	5618.000000000	45.211547852
7.548646298	1268172578	6000.000000000	5618.000000000	45.211547852
7.548646298	1268172578	6000.000000000	5680.000000000	45.211547852
7.548690476	1268180000	6000.000000000	5680.000000000	-9.807128906
7.598646571	1276572624	6000.000000000	5680.000000000	-9.807128906
7.598646571	1276572624	6000.000000000	5686.000000000	-9.807128906
7.598690476	1276580000	6000.000000000	5686.000000000	-5.807128906
7.648646619	1284972632	6000.000000000	5686.000000000	-5.807128906
7.648646619	1284972632	6000.000000000	5692.000000000	-5.807128906
7.648690476	1284980000	6000.000000000	5692.000000000	-25.493118286
7.698646250	1293372570	6000.000000000	5692.000000000	-25.493118286
7.698646250	1293372570	6000.000000000	5742.000000000	-25.493118286
7.698690476	1293380000	6000.000000000	5742.000000000	75.690406799
7.748647065	1301772707	6000.000000000	5742.000000000	75.690406799
7.748647065	1301772707	6000.000000000	5794.000000000	75.690406799
7.748690476	1301780000	6000.000000000	5794.000000000	-2.979145050
7.798646565	1310172623	6000.000000000	5794.000000000	-2.979145050
7.798646565	1310172623	6000.000000000	5797.000000000	-2.979145050
7.798690476	1310180000	6000.000000000	5797.000000000	26.814590454
7.848646107	1318572546	6000.000000000	5797.000000000	26.814590454
7.848646107	1318572546	6000.000000000	5796.000000000	26.814590454
7.848690476	1318580000	6000.000000000	5796.000000000	-24.512531281
7.898646690	1326972644	6000.000000000	5796.000000000	-24.512531281
7.898646690	1326972644	6000.000000000	5832.000000000	-24.512531281
7.898690476	1326980000	6000.000000000	5832.000000000	52.487468719
7.948645732	1335372483	6000.000000000	5832.000000000	52.487468719
7.948645732	1335372483	6000.000000000	5853.000000000	52.487468719
7.948690476	1335380000	6000.000000000	5853.000000000	49.018753052
7.998646101	1343772545	6000.000000000	5853.000000000	49.018753052
7.998646101	1343772545	6000.000000000	5858.000000000	49.018753052
7.998690476	1343780000	6000.000000000	5858.000000000	0.216018677
8.048646149	1352172553	6000.000000000	5858.000000000	0.216018677
8.048646149	1352172553	6000.000000000	5880.000000000	0.216018677
8.048705476	1352182520	6000.000000000	5880.000000000	19.553865433
8.098646315	1360572581	6000.000000000	5880.000000000	19.553865433
8.098646315	1360572581	6000.000000000	5907.000000000	19.553865433
8.098690476	1360580000	6000.000000000	5907.000000000	-2.454689026
8.148647101	1368972713	6000.000000000	5907.000000000	-2.454689026
8.148647101	1368972713	6000.000000000	5909.000000000	-2.454689026
8.148690476	1368980000	6000.000000000	5909.000000000	-2.635778427
8.198646089	1377372543	6000.000000000	5909.000000000	-2.635778427
8.198646089	1377372543	6000.000000000	5912.000000000	-2.635778427
8.198690476	1377380000	6000.000000000	5912.000000000	-19.635778427
8.248646149	1385772553	6000.000000000	5912.000000000	-19.635778427
8.248646149	1385772553	6000.000000000	5940.000000000	-19.635778427
8.248690476	1385780000	6000.000000000	5940.000000000	10.739597321
8.298647125	1394172717	6000.000000000	5940.000000000	10.739597321
8.298647125	1394172717	6000.000000000	5948.000000000	10.739597321
8.298690476	1394180000	6000.000000000	5948.000000000	19.860113144
8.348646244	1402572569	6000.000000000	5948.000000000	19.860113144
8.348646244	1402572569	6000.000000000	5952.000000000	19.860113144
8.348690476	1402580000	6000.000000000	5952.000000000	13.816123962
8.398646274	1410972574	6000.000000000	5952.000000000	13.816123962
8.398646274	1410972574	6000.000000000	5970.000000000	13.816123962
8.398690476	1410980000	6000.000000000	5970.000000000	-20.000000000
8.448646655	1419372638	6000.000000000	5970.000000000	-20.000000000
8.448646655	1419372638	6000.000000000	5965.000000000	-20.000000000
8.448690476	1419380000	6000.000000000	5965.000000000	-26.000000000
8.498646250	1427772570	6000.000000000	5965.000000000	-26.000000000
8.498646250	1427772570	6000.000000000	5972.000000000	-26.000000000
8.498690476	1427780000	6000.000000000	5972.000000000	-13.000000000
8.548646690	1436172644	6000.000000000	5972.000000000	-13.000000000
8.548646690	1436172644	6000.000000000	6003.000000000	-13.000000000
8.548690476	1436180000	6000.000000000	6003.000000000	-47.000000000
8.598646667	1444572640	6000.000000000	6003.000000000	-47.000000000
8.598646667	1444572640	6000.000000000	6000.000000000	-47.000000000
8.598690476	1444580000	6000.000000000	6000.000000000	0.000000000
8.648646446	1452972603	6000.000000000	6000.000000000	0.000000000
8.648646446	1452972603	6000.000000000	5964.000000000	0.000000000
8.648690476	1452980000	6000.000000000	5964.000000000	-69.373558044
8.698646667	1461372640	6000.000000000	5964.000000000	-69.373558044
8.698646667	1461372640	6000.000000000	5972.000000000	-69.373558044
8.698690476	1461380000	6000.000000000	5972.000000000	2.984664917
8.748646226	1469772566	6000.000000000	5972.000000000	2.984664917
8.748646226	1469772566	6000.000000000	6023.000000000	2.984664917
8.748690476	1469780000	6000.000000000	6023.000000000	-17.616870880
8.798646518	1478172615	6000.000000000	6023.000000000	-17.616870880
8.798646518	1478172615	6000.000000000	6028.000000000	-17.616870880
8.798690476	1478180000	6000.000000000	6028.000000000	44.924224854
8.848646185	1486572559	6000.000000000	6028.000000000	44.924224854
8.848646185	1486572559	6000.000000000	5995.000000000	44.924224854
8.848690476	1486580000	6000.000000000	5995.000000000	4.924224854
8.898646345	1494972586	6000.000000000	5995.000000000	4.924224854
8.898646345	1494972586	6000.000000000	5997.000000000	4.924224854
8.898690976	1494980084	6000.000000000	5997.000000000	13.801315308
8.948646869	1503372674	6000.000000000	5997.000000000	13.801315308
8.948646869	1503372674	6000.000000000	6031.000000000	13.801315308
8.948690476	1503380000	6000.000000000	6031.000000000	-0.686706543
8.998646536	1511772618	6000.000000000	6031.000000000	-0.686706543
8.998646536	1511772618	6000.000000000	6033.000000000	-0.686706543
8.998690476	1511780000	6000.000000000	6033.000000000	24.502662659
9.048646286	1520172576	6000.000000000	6033.000000000	24.502662659
9.048646286	1520172576	6000.000000000	6005.000000000	24.502662659
9.048690476	1520180000	6000.000000000	6005.000000000	-22.185237885
9.098646756	1528572655	6000.000000000	6005.000000000	-22.185237885
9.098646756	1528572655	6000.000000000	6009.000000000	-22.185237885
9.098700476	1528581680	6000.000000000	6009.000000000	14.606903076
9.148646429	1536972600	6000.000000000	6009.000000000	14.606903076
9.148646429	1536972600	6000.000000000	6045.000000000	14.606903076
9.148690476	1536980000	6000.000000000	6045.000000000	-16.393096924
9.198647149	1545372721	6000.000000000	6045.000000000	-16.393096924
9.198647149	1545372721	6000.000000000	6044.000000000	-16.393096924
9.198690476	1545380000	6000.000000000	6044.000000000	15.852935791
9.248646375	1553772591	6000.000000000	6044.000000000	15.852935791
9.248646375	1553772591	6000.000000000	6011.000000000	15.852935791
9.248690476	1553780000	6000.000000000	6011.000000000	-28.315071106
9.298646232	1562172567	6000.000000000	6011.000000000	-28.315071106
9.298646232	1562172567	6000.000000000	6017.000000000	-28.315071106
9.298690476	1562180000	6000.000000000	6017.000000000	18.032196045
9.348646875	1570572675	6000.000000000	6017.000000000	18.032196045
9.348646875	1570572675	6000.000000000	6054.000000000	18.032196045
9.348690476	1570580000	6000.000000000	6054.000000000	-23.865997314
9.398647119	1578972716	6000.000000000	6054.000000000	-23.865997314
9.398647119	1578972716	6000.000000000	6052.000000000	-23.865997314
9.398690476	1578980000	6000.000000000	6052.000000000	28.464832306
9.448646393	1587372594	6000.000000000	6052.000000000	28.464832306
9.448646393	1587372594	6000.000000000	6019.000000000	28.464832306
9.448690476	1587380000	6000.000000000	6019.000000000	-24.400035858
9.498646208	1595772563	6000.000000000	6019.000000000	-24.400035858
9.498646208	1595772563	6000.000000000	6023.000000000	-24.400035858
9.498690476	1595780000	6000.000000000	6023.000000000	20.599964142
9.548646351	1604172587	6000.000000000	6023.000000000	20.599964142
9.548646351	1604172587	6000.000000000	6058.000000000	20.599964142
9.548690476	1604180000	6000.000000000	6058.000000000	-12.044326782
9.598647125	1612572717	6000.000000000	6058.000000000	-12.044326782
9.598647125	1612572717	6000.000000000	6059.000000000	-12.044326782
9.598690476	1612580000	6000.000000000	6059.000000000	18.739845276
9.648646232	1620972567	6000.000000000	6059.000000000	18.739845276
9.648646232	1620972567	6000.000000000	6027.000000000	18.739845276
9.648690476	1620980000	6000.000000000	6027.000000000	-7.967124939
9.698646101	1629372545	6000.000000000	6027.000000000	-7.967124939
9.698646101	1629372545	6000.000000000	6025.000000000	-7.967124939
9.698690476	1629380000	6000.000000000	6025.000000000	16.694236755
9.748646815	1637772665	6000.000000000	6025.000000000	16.694236755
9.748646815	1637772665	6000.000000000	6056.000000000	16.694236755
9.748690476	1637780000	6000.000000000	6056.000000000	-19.304409027
9.798646714	1646172648	6000.000000000	6056.000000000	-19.304409027
9.798646714	1646172648	6000.000000000	6054.000000000	-19.304409027
9.798690476	1646180000	6000.000000000	6054.000000000	12.695590973
9.848646351	1654572587	6000.000000000	6054.000000000	12.695590973
9.848646351	1654572587	6000.000000000	6020.000000000	12.695590973
9.848690476	1654580000	6000.000000000	6020.000000000	-17.956199646
9.898646214	1662972564	6000.000000000	6020.000000000	-17.956199646
9.898646214	1662972564	6000.000000000	6021.000000000	-17.956199646
9.898690476	1662980000	6000.000000000	6021.000000000	15.897430420
9.948646304	1671372579	6000.000000000	6021.000000000	15.897430420
9.948646304	1671372579	6000.000000000	6054.000000000	15.897430420
9.948690476	1671380000	6000.000000000	6054.000000000	-13.661315918
9.998647167	1679772724	6000.000000000	6054.000000000	-13.661315918
9.998647167	1679772724	6000.000000000	6054.000000000	-13.661315918
9.998690476	1679780000	6000.000000000	6054.000000000	19.247299194
10.048646369	1688172590	6000.000000000	6054.000000000	19.247299194
10.048646369	1688172590	6000.000000000	6023.000000000	19.247299194
10.048690476	1688180000	6000.000000000	6023.000000000	-15.224002838
10.098646744	1696572653	6000.000000000	6023.000000000	-15.224002838
10.098646744	1696572653	6000.000000000	6024.000000000	-15.224002838
10.098695476	1696580840	6000.000000000	6024.000000000	17.775997162
10.148646798	1704972662	6000.000000000	6024.000000000	17.775997162
10.148646798	1704972662	6000.000000000	6057.000000000	17.775997162
10.148685476	1704979160	6000.000000000	6057.000000000	-19.300056458
10.198646720	1713372649	6000.000000000	6057.000000000	-19.300056458
10.198646720	1713372649	6000.000000000	6056.000000000	-19.300056458
10.198690476	1713380000	6000.000000000	6056.000000000	7.921867371
10.248646339	1721772585	6000.000000000	6056.000000000	7.921867371
10.248646339	1721772585	6000.000000000	6022.000000000	7.921867371
10.248690476	1721780000	6000.000000000	6022.000000000	-15.823799133
10.298646101	1730172545	6000.000000000	6022.000000000	-15.823799133
10.298646101	1730172545	6000.000000000	6021.000000000	-15.823799133
10.298690476	1730180000	6000.000000000	6021.000000000	22.675529480
10.348693976	1738580588	6000.000000000	6021.000000000	22.675529480
10.348693976	1738580588	6000.000000000	6021.000000000	-27.104370117
10.398647131	1746972718	6000.000000000	6021.000000000	-27.104370117
10.398647131	1746972718	6000.000000000	6048.000000000	-27.104370117
10.398690476	1746980000	6000.000000000	6048.000000000	39.870376587
10.448646333	1755372584	6000.000000000	6048.000000000	39.870376587
10.448646333	1755372584	6000.000000000	6015.000000000	39.870376587
10.448690476	1755380000	6000.000000000	6015.000000000	-9.129623413
10.498646226	1763772566	6000.000000000	6015.000000000	-9.129623413
10.498646226	1763772566	6000.000000000	6016.000000000	-9.129623413
10.498690476	1763780000	6000.000000000	6016.000000000	5.599758148
10.548646845	1772172670	6000.000000000	6016.000000000	5.599758148
10.548646845	1772172670	6000.000000000	6048.000000000	5.599758148
10.548685976	1772179244	6000.000000000	6048.000000000	-25.230171204
10.598646738	1780572652	6000.000000000	6048.000000000	-25.230171204
10.598646738	1780572652	6000.000000000	6047.000000000	-25.230171204
10.598690476	1780580000	6000.000000000	6047.000000000	19.263969421
10.648646869	1788972674	6000.000000000	6047.000000000	19.263969421
10.648646869	1788972674	6000.000000000	6014.000000000	19.263969421
10.648690476	1788980000	6000.000000000	6014.000000000	-21.328453064
10.698646196	1797372561	6000.000000000	6014.000000000	-21.328453064
10.698646196	1797372561	6000.000000000	6017.000000000	-21.328453064
10.698690476	1797380000	6000.000000000	6017.000000000	32.848533630
10.748646244	1805772569	6000.000000000	6017.000000000	32.848533630
10.748646244	1805772569	6000.000000000	6048.000000000	32.848533630
10.748690476	1805780000	6000.000000000	6048.000000000	-14.151466370
10.798647161	1814172723	6000.000000000	6048.000000000	-14.151466370
10.798647161	1814172723	6000.000000000	6046.000000000	-14.151466370
10.798690476	1814180000	6000.000000000	6046.000000000	8.123630524
10.848646512	1822572614	6000.000000000	6046.000000000	8.123630524
10.848646512	1822572614	6000.000000000	6013.000000000	8.123630524
10.848690476	1822580000	6000.000000000	6013.000000000	-21.165763855
10.898646208	1830972563	6000.000000000	6013.000000000	-21.165763855
10.898646208	1830972563	6000.000000000	6015.000000000	-21.165763855
10.898690476	1830980000	6000.000000000	6015.000000000	20.226814270
10.948646304	1839372579	6000.000000000	6015.000000000	20.226814270
10.948646304	1839372579	6000.000000000	6048.000000000	20.226814270
10.948690476	1839380000	6000.000000000	6048.000000000	-29.341327667
10.998646720	1847772649	6000.000000000	6048.000000000	-29.341327667
10.998646720	1847772649	6000.000000000	6045.000000000	-29.341327667
10.998690476	1847780000	6000.000000000	6045.000000000	28.053916931
11.048646881	1856172676	6000.000000000	6045.000000000	28.053916931
11.048646881	1856172676	6000.000000000	6011.000000000	28.053916931
11.048690476	1856180000	6000.000000000	6011.000000000	-11.946083069
11.098646196	1864572561	6000.000000000	6011.000000000	-11.946083069
11.098646196	1864572561	6000.000000000	6014.000000000	-11.946083069
11.098690476	1864580000	6000.000000000	6014.000000000	13.942153931
11.148646256	1872972571	3600.000000000	6014.000000000	13.942153931
11.148646256	1872972571	3600.000000000	6047.000000000	13.942153931
11.148690476	1872980000	3600.000000000	6047.000000000	-52.443893433
11.198647214	1881372732	3600.000000000	6047.000000000	-52.443893433
11.198647214	1881372732	3600.000000000	6037.000000000	-52.443893433
11.198690476	1881380000	3600.000000000	6037.000000000	-43.346443176
11.248646881	1889772676	3600.000000000	6037.000000000	-43.346443176
11.248646881	1889772676	3600.000000000	5981.000000000	-43.346443176
11.248690476	1889780000	3600.000000000	5981.000000000	-30.905624390
11.298646369	1898172590	3600.000000000	5981.000000000	-30.905624390
11.298646369	1898172590	3600.000000000	5909.000000000	-30.905624390
11.298690476	1898180000	3600.000000000	5909.000000000	-40.986679077
11.348646351	1906572587	3600.000000000	5909.000000000	-40.986679077
11.348646351	1906572587	3600.000000000	5825.000000000	-40.986679077
11.348690476	1906580000	3600.000000000	5825.000000000	-40.986679077
11.398646940	1914972686	3600.000000000	5825.000000000	-40.986679077
11.398646940	1914972686	3600.000000000	5732.000000000	-40.986679077
11.398690476	1914980000	3600.000000000	5732.000000000	-44.707748413
11.448646988	1923372694	3600.000000000	5732.000000000	-44.707748413
11.448646988	1923372694	3600.000000000	5630.000000000	-44.707748413
11.448690476	1923380000	3600.000000000	5630.000000000	-44.792144775
11.498646345	1931772586	3600.000000000	5630.000000000	-44.792144775
11.498646345	1931772586	3600.000000000	5518.000000000	-44.792144775
11.498690476	1931780000	3600.000000000	5518.000000000	-41.082958221
11.548646351	1940172587	3600.000000000	5518.000000000	-41.082958221
11.548646351	1940172587	3600.000000000	5398.000000000	-41.082958221
11.548690476	1940180000	3600.000000000	5398.000000000	-37.962150574
11.598700976	1948581764	3600.000000000	5398.000000000	-37.962150574
11.598700976	1948581764	3600.000000000	5270.000000000	-37.962150574
11.598700976	1948581764	3600.000000000	5270.000000000	-35.552688599
11.648646619	1956972632	3600.000000000	5270.000000000	-35.552688599
11.648646619	1956972632	3600.000000000	5134.000000000	-35.552688599
11.648690476	1956980000	3600.000000000	5134.000000000	38.430297852
11.698646262	1965372572	3600.000000000	5134.000000000	38.430297852
11.698646262	1965372572	3600.000000000	5004.000000000	38.430297852
11.698690476	1965380000	3600.000000000	5004.000000000	42.430297852
11.748646101	1973772545	3600.000000000	5004.000000000	42.430297852
11.748646101	1973772545	3600.000000000	4959.000000000	42.430297852
11.748690476	1973780000	3600.000000000	4959.000000000	-44.196384430
11.798699476	1982181512	3600.000000000	4959.000000000	45.390991211
11.848646857	1990572672	3600.000000000	4959.000000000	45.390991211
11.848646857	1990572672	3600.000000000	4833.000000000	45.390991211
11.848690476	1990580000	3600.000000000	4833.000000000	59.576507568
11.898646375	1998972591	3600.000000000	4833.000000000	59.576507568
11.898646375	1998972591	3600.000000000	4747.000000000	59.576507568
11.898690476	1998980000	3600.000000000	4747.000000000	4.350677490
11.948646339	2007372585	3600.000000000	4747.000000000	4.350677490
11.948646339	2007372585	3600.000000000	4658.000000000	4.350677490
11.948690476	2007380000	3600.000000000	4658.000000000	7.346099854
11.998646202	2015772562	3600.000000000	4658.000000000	7.346099854
11.998646202	2015772562	3600.000000000	4563.000000000	7.346099854
11.998690476	2015780000	3600.000000000	4563.000000000	65.346099854
12.048646256	2024172571	3600.000000000	4563.000000000	65.346099854
12.048646256	2024172571	3600.000000000	4476.000000000	65.346099854
12.048690476	2024180000	3600.000000000	4476.000000000	51.288555145
12.098646685	2032572643	3600.000000000	4476.000000000	51.288555145
12.098646685	2032572643	3600.000000000	4449.000000000	51.288555145
12.098690476	2032580000	3600.000000000	4449.000000000	-53.547813416
12.148646577	2040972625	3600.000000000	4449.000000000	-53.547813416
12.148646577	2040972625	3600.000000000	4418.000000000	-53.547813416
12.148690476	2040980000	3600.000000000	4418.000000000	-14.467788696
12.198646435	2049372601	3600.000000000	4418.000000000	-14.467788696
12.198646435	2049372601	3600.000000000	4341.000000000	-14.467788696
12.198690476	2049380000	3600.000000000	4341.000000000	23.194511414
12.248646750	2057772654	3600.000000000	4341.000000000	23.194511414
12.248646750	2057772654	3600.000000000	4260.000000000	23.194511414
12.248690476	2057780000	3600.000000000	4260.000000000	64.974754333
12.298645268	2066172405	3600.000000000	4260.000000000	64.974754333
12.298645268	2066172405	3600.000000000	4228.000000000	64.974754333
12.298690476	2066180000	3600.000000000	4228.000000000	-10.025245667
12.348646554	2074572621	3600.000000000	4228.000000000	-10.025245667
12.348646554	2074572621	3600.000000000	4203.000000000	-10.025245667
12.348690476	2074580000	3600.000000000	4203.000000000	-36.350379944
12.398646583	2082972626	3600.000000000	4203.000000000	-36.350379944
12.398646583	2082972626	3600.000000000	4136.000000000	-36.350379944
12.398690476	2082980000	3600.000000000	4136.000000000	42.453369141
12.448646667	2091372640	3600.000000000	4136.000000000	42.453369141
12.448646667	2091372640	3600.000000000	4064.000000000	42.453369141
12.448690476	2091380000	3600.000000000	4064.000000000	34.977287292
12.498646690	2099772644	3600.000000000	4064.000000000	34.977287292
12.498646690	2099772644	3600.000000000	4043.000000000	34.977287292
12.498690476	2099780000	3600.000000000	4043.000000000	8.059368134
12.548646554	2108172621	3600.000000000	4043.000000000	8.059368134
12.548646554	2108172621	3600.000000000	4029.000000000	8.059368134
12.548690476	2108180000	3600.000000000	4029.000000000	-35.370201111
12.598646476	2116572608	3600.000000000	4029.000000000	-35.370201111
12.598646476	2116572608	3600.000000000	3975.000000000	-35.370201111
12.598690476	2116580000	3600.000000000	3975.000000000	45.330039978
12.648646762	2124972656	3600.000000000	3975.000000000	45.330039978
12.648646762	2124972656	3600.000000000	3914.000000000	45.330039978
12.648690476	2124980000	3600.000000000	3914.000000000	22.330039978
12.698646250	2133372570	3600.000000000	3914.000000000	22.330039978
12.698646250	2133372570	3600.000000000	3901.000000000	22.330039978
12.698690476	2133380000	3600.000000000	3901.000000000	12.843284607
12.748646488	2141772610	3600.000000000	3901.000000000	12.843284607
12.748646488	2141772610	3600.000000000	3892.000000000	12.843284607
12.748690476	2141780000	3600.000000000	3892.000000000	-30.312961578
12.798646506	2150172613	3600.000000000	3892.000000000	-30.312961578
12.798646506	2150172613	3600.000000000	3848.000000000	-30.312961578
12.798690476	2150180000	3600.000000000	3848.000000000	45.761020660
12.848646292	2158572577	3600.000000000	3848.000000000	45.761020660
12.848646292	2158572577	3600.000000000	3797.000000000	45.761020660
12.848690476	2158580000	3600.000000000	3797.000000000	-12.854591370
12.898646690	2166972644	3600.000000000	3797.000000000	-12.854591370
12.898646690	2166972644	3600.000000000	3795.000000000	-12.854591370
12.898690476	2166980000	3600.000000000	3795.000000000	17.595870972
12.948646500	2175372612	3600.000000000	3795.000000000	17.595870972
12.948646500	2175372612	3600.000000000	3796.000000000	17.595870972
12.948690476	2175380000	3600.000000000	3796.000000000	-28.404129028
12.998646464	2183772606	3600.000000000	3796.000000000	-28.404129028
12.998646464	2183772606	3600.000000000	3758.000000000	-28.404129028
12.998690476	2183780000	3600.000000000	3758.000000000	42.988502502
13.048646714	2192172648	3600.000000000	3758.000000000	42.988502502
13.048646714	2192172648	3600.000000000	3713.000000000	42.988502502
13.048690476	2192180000	3600.000000000	3713.000000000	-13.692214966
13.098646244	2200572569	3600.000000000	3713.000000000	-13.692214966
13.098646244	2200572569	3600.000000000	3710.000000000	-13.692214966
13.098690476	2200580000	3600.000000000	3710.000000000	37.718841553
13.148647131	2208972718	3600.000000000	3710.000000000	37.718841553
13.148647131	2208972718	3600.000000000	3713.000000000	37.718841553
13.148690476	2208980000	3600.000000000	3713.000000000	-7.602252960
13.198646446	2217372603	3600.000000000	3713.000000000	-7.602252960
13.198646446	2217372603	3600.000000000	3689.000000000	-7.602252960
13.198690476	2217380000	3600.000000000	3689.000000000	33.277530670
13.248646155	2225772554	3600.000000000	3689.000000000	33.277530670
13.248646155	2225772554	3600.000000000	3656.000000000	33.277530670
13.248690476	2225780000	3600.000000000	3656.000000000	-3.722469330
13.298646744	2234172653	3600.000000000	3656.000000000	-3.722469330
13.298646744	2234172653	3600.000000000	3654.000000000	-3.722469330
13.298690476	2234180000	3600.000000000	3654.000000000	19.021196365
13.348646673	2242572641	3600.000000000	3654.000000000	19.021196365
13.348646673	2242572641	3600.000000000	3654.000000000	19.021196365
13.348690476	2242580000	3600.000000000	3654.000000000	-2.337139130
13.398646411	2250972597	3600.000000000	3654.000000000	-2.337139130
13.398646411	2250972597	3600.000000000	3632.000000000	-2.337139130
13.398690476	2250980000	3600.000000000	3632.000000000	13.644496918
13.448646262	2259372572	3600.000000000	3632.000000000	13.644496918
13.448646262	2259372572	3600.000000000	3627.000000000	13.644496918
13.448705476	2259382520	3600.000000000	3627.000000000	24.770784378
13.498688976	2267779748	3600.000000000	3627.000000000	3.781688690
13.548646917	2276172682	3600.000000000	3627.000000000	3.781688690
13.548646917	2276172682	3600.000000000	3608.000000000	3.781688690
13.548690476	2276180000	3600.000000000	3608.000000000	-17.000000000
13.598646220	2284572565	3600.000000000	3608.000000000	-17.000000000
13.598646220	2284572565	3600.000000000	3610.000000000	-17.000000000
13.598690476	2284580000	3600.000000000	3610.000000000	-14.000000000
13.648646649	2292972637	3600.000000000	3610.000000000	-14.000000000
13.648646649	2292972637	3600.000000000	3606.000000000	-14.000000000
13.648690476	2292980000	3600.000000000	3606.000000000	-12.000000000
13.698647077	2301372709	3600.000000000	3606.000000000	-12.000000000
13.698647077	2301372709	3600.000000000	3579.000000000	-12.000000000
13.698690476	2301380000	3600.000000000	3579.000000000	-40.000000000
13.748646256	2309772571	3600.000000000	3579.000000000	-40.000000000
13.748646256	2309772571	3600.000000000	3581.000000000	-40.000000000
13.748690476	2309780000	3600.000000000	3581.000000000	17.242242813
13.798646226	2318172566	3600.000000000	3581.000000000	17.242242813
13.798646226	2318172566	3600.000000000	3610.000000000	17.242242813
13.798690476	2318180000	3600.000000000	3610.000000000	-59.101318359
13.848646685	2326572643	3600.000000000	3610.000000000	-59.101318359
13.848646685	2326572643	3600.000000000	3598.000000000	-59.101318359
13.848690476	2326580000	3600.000000000	3598.000000000	28.243301392
13.898646429	2334972600	3600.000000000	3598.000000000	28.243301392
13.898646429	2334972600	3600.000000000	3559.000000000	28.243301392
13.898690476	2334980000	3600.000000000	3559.000000000	-22.756698608
13.948646685	2343372643	3600.000000000	3559.000000000	-22.756698608
13.948646685	2343372643	3600.000000000	3560.000000000	-22.756698608
13.948690476	2343380000	3600.000000000	3560.000000000	11.876789093
13.998646179	2351772558	3600.000000000	3560.000000000	11.876789093
13.998646179	2351772558	3600.000000000	3593.000000000	11.876789093
13.998690476	2351780000	3600.000000000	3593.000000000	-28.955879211
14.048646685	2360172643	3600.000000000	3593.000000000	-28.955879211
14.048646685	2360172643	3600.000000000	3589.000000000	-28.955879211
14.048690476	2360180000	3600.000000000	3589.000000000	9.038291931
14.098647071	2368572708	3600.000000000	3589.000000000	9.038291931
14.098647071	2368572708	3600.000000000	3552.000000000	9.038291931
14.098690476	2368580000	3600.000000000	3552.000000000	-19.567050934
14.148646232	2376972567	3600.000000000	3552.000000000	-19.567050934
14.148646232	2376972567	3600.000000000	3551.000000000	-19.567050934
14.148690476	2376980000	3600.000000000	3551.000000000	30.421676636
14.198646131	2385372550	3600.000000000	3551.000000000	30.421676636
14.198646131	2385372550	3600.000000000	3583.000000000	30.421676636
14.198690476	2385380000	3600.000000000	3583.000000000	-9.578323364
14.248646679	2393772642	3600.000000000	3583.000000000	-9.578323364
14.248646679	2393772642	3600.000000000	3581.000000000	-9.578323364
14.248690476	2393780000	3600.000000000	3581.000000000	9.341800690
14.298646607	2402172630	3600.000000000	3581.000000000	9.341800690
14.298646607	2402172630	3600.000000000	3549.000000000	9.341800690
14.298697476	2402181176	3600.000000000	3549.000000000	-7.697555542
14.348646673	2410572641	3600.000000000	3549.000000000	-7.697555542
14.348646673	2410572641	3600.000000000	3545.000000000	-7.697555542
14.348690476	2410580000	3600.000000000	3545.000000000	8.022193909
14.398646083	2418972542	3600.000000000	3545.000000000	8.022193909
14.398646083	2418972542	3600.000000000	3574.000000000	8.022193909
14.398690476	2418980000	3600.000000000	3574.000000000	-12.199234009
14.448646708	2427372647	3600.000000000	3574.000000000	-12.199234009
14.448646708	2427372647	3600.000000000	3575.000000000	-12.199234009
14.448690476	2427380000	3600.000000000	3575.000000000	14.924549103
14.498646798	2435772662	3600.000000000	3575.000000000	14.924549103
14.498646798	2435772662	3600.000000000	3543.000000000	14.924549103
14.498685476	2435779160	3600.000000000	3543.000000000	-5.075450897
14.548646232	2444172567	3600.000000000	3543.000000000	-5.075450897
14.548646232	2444172567	3600.000000000	3541.000000000	-5.075450897
14.548690476	2444180000	3600.000000000	3541.000000000	7.812774658
14.598646685	2452572643	3600.000000000	3541.000000000	7.812774658
14.598646685	2452572643	3600.000000000	3571.000000000	7.812774658
14.598690476	2452580000	3600.000000000	3571.000000000	-13.258827209
14.648646554	2460972621	3600.000000000	3571.000000000	-13.258827209
14.648646554	2460972621	3600.000000000	3572.000000000	-13.258827209
14.648690476	2460980000	3600.000000000	3572.000000000	12.285430908
14.698646256	2469372571	3600.000000000	3572.000000000	12.285430908
14.698646256	2469372571	3600.000000000	3540.000000000	12.285430908
14.698690476	2469380000	3600.000000000	3540.000000000	-12.797760010
14.748646690	2477772644	3600.000000000	3540.000000000	-12.797760010
14.748646690	2477772644	3600.000000000	3537.000000000	-12.797760010
14.748690476	2477780000	3600.000000000	3537.000000000	10.974853516
14.798646298	2486172578	3600.000000000	3537.000000000	10.974853516
14.798646298	2486172578	3600.000000000	3567.000000000	10.974853516
14.798690476	2486180000	3600.000000000	3567.000000000	-13.861755371
14.848646548	2494572620	3600.000000000	3567.000000000	-13.861755371
14.848646548	2494572620	3600.000000000	3567.000000000	-13.861755371
14.848690476	2494580000	3600.000000000	3567.000000000	12.138244629
14.898646262	2502972572	3600.000000000	3567.000000000	12.138244629
14.898646262	2502972572	3600.000000000	3536.000000000	12.138244629
14.898690476	2502980000	3600.000000000	3536.000000000	-14.618167877
14.948646220	2511372565	3600.000000000	3536.000000000	-14.618167877
14.948646220	2511372565	3600.000000000	3535.000000000	-14.618167877
14.948690476	2511380000	3600.000000000	3535.000000000	11.658233643
14.998646708	2519772647	3600.000000000	3535.000000000	11.658233643
14.998646708	2519772647	3600.000000000	3567.000000000	11.658233643
14.998690476	2519780000	3600.000000000	3567.000000000	-11.911384583
15.048646554	2528172621	3600.000000000	3567.000000000	-11.911384583
15.048646554	2528172621	3600.000000000	3569.000000000	-11.911384583
15.048690476	2528180000	3600.000000000	3569.000000000	18.476249695
15.098646214	2536572564	3600.000000000	3569.000000000	18.476249695
15.098646214	2536572564	3600.000000000	3539.000000000	18.476249695
15.098690476	2536580000	3600.000000000	3539.000000000	-17.465621948
15.148646726	2544972650	3600.000000000	3539.000000000	-17.465621948
15.148646726	2544972650	3600.000000000	3538.000000000	-17.465621948
15.148687976	2544979580	3600.000000000	3538.000000000	8.534378052
15.198646310	2553372580	3600.000000000	3538.000000000	8.534378052
15.198646310	2553372580	3600.000000000	3571.000000000	8.534378052
15.198690476	2553380000	3600.000000000	3571.000000000	-10.149734497
15.248646571	2561772624	3600.000000000	3571.000000000	-10.149734497
15.248646571	2561772624	3600.000000000	3573.000000000	-10.149734497
15.248690476	2561780000	3600.000000000	3573.000000000	11.802318573
15.298646304	2570172579	3600.000000000	3573.000000000	11.802318573
15.298646304	2570172579	3600.000000000	3540.000000000	11.802318573
15.298690476	2570180000	3600.000000000	3540.000000000	-15.023086548
15.348646238	2578572568	3600.000000000	3540.000000000	-15.023086548
15.348646238	2578572568	3600.000000000	3539.000000000	-15.023086548
15.348690476	2578580000	3600.000000000	3539.000000000	7.313938141
15.398646679	2586972642	3600.000000000	3539.000000000	7.313938141
15.398646679	2586972642	3600.000000000	3571.000000000	7.313938141
15.398690476	2586980000	3600.000000000	3571.000000000	-5.635776520
15.448646685	2595372643	3600.000000000	3571.000000000	-5.635776520
15.448646685	2595372643	3600.000000000	3574.000000000	-5.635776520
15.448690476	2595380000	3600.000000000	3574.000000000	14.364223480
15.498688976	2603779748	3600.000000000	3574.000000000	-8.631149292
15.548646714	2612172648	3600.000000000	3574.000000000	-8.631149292
15.548646714	2612172648	3600.000000000	3541.000000000	-8.631149292
15.548685476	2612179160	3600.000000000	3541.000000000	3.743892670
15.598646315	2620572581	3600.000000000	3541.000000000	3.743892670
15.598646315	2620572581	3600.000000000	3574.000000000	3.743892670
15.598690476	2620580000	3600.000000000	3574.000000000	-8.553436279
15.648646560	2628972622	3600.000000000	3574.000000000	-8.553436279
15.648646560	2628972622	3600.000000000	3578.000000000	-8.553436279
15.648690476	2628980000	3600.000000000	3578.000000000	17.500438690
15.698646333	2637372584	3600.000000000	3578.000000000	17.500438690
15.698646333	2637372584	3600.000000000	3548.000000000	17.500438690
15.698690476	2637380000	3600.000000000	3548.000000000	-17.902870178
15.748691976	2645780252	3600.000000000	3548.000000000	-17.902870178
15.748691976	2645780252	3600.000000000	3548.000000000	24.787914276
15.798646738	2654172652	3600.000000000	3548.000000000	24.787914276
15.798646738	2654172652	3600.000000000	3582.000000000	24.787914276
15.798690476	2654180000	3600.000000000	3582.000000000	-5.212085724
15.848646673	2662572641	3600.000000000	3582.000000000	-5.212085724
15.848646673	2662572641	3600.000000000	3583.000000000	-5.212085724
15.848690476	2662580000	3600.000000000	3583.000000000	17.277515411
15.898646452	2670972604	3600.000000000	3583.000000000	17.277515411
15.898646452	2670972604	3600.000000000	3554.000000000	17.277515411
15.898690476	2670980000	3600.000000000	3554.000000000	-22.591247559
15.948646637	2679372635	3600.000000000	3554.000000000	-22.591247559
15.948646637	2679372635	3600.000000000	3555.000000000	-22.591247559
15.948685976	2679379244	3600.000000000	3555.000000000	13.455223083
15.998646256	2687772571	3600.000000000	3555.000000000	13.455223083
15.998646256	2687772571	3600.000000000	3588.000000000	13.455223083
15.998690476	2687780000	3600.000000000	3588.000000000	-17.213703156
16.048647244	2696172737	3600.000000000	3588.000000000	-17.213703156
16.048647244	2696172737	3600.000000000	3588.000000000	-17.213703156
16.048690476	2696180000	3600.000000000	3588.000000000	22.222091675
16.098646375	2704572591	3600.000000000	3588.000000000	22.222091675
16.098646375	2704572591	3600.000000000	3558.000000000	22.222091675
16.098690476	2704580000	3600.000000000	3558.000000000	-10.777908325
16.148646095	2712972544	3600.000000000	3558.000000000	-10.777908325
16.148646095	2712972544	3600.000000000	3558.000000000	-10.777908325
16.148690476	2712980000	3600.000000000	3558.000000000	3.338020325
16.198646702	2721372646	1200.000000000	3558.000000000	3.338020325
16.198646702	2721372646	1200.000000000	3590.000000000	3.338020325
16.198690476	2721380000	1200.000000000	3590.000000000	-55.975952148
16.248646714	2729772648	1200.000000000	3590.000000000	-55.975952148
16.248646714	2729772648	1200.000000000	3582.000000000	-55.975952148
16.248690476	2729780000	1200.000000000	3582.000000000	-42.959125519
16.298646637	2738172635	1200.000000000	3582.000000000	-42.959125519
16.298646637	2738172635	1200.000000000	3525.000000000	-42.959125519
16.298690476	2738180000	1200.000000000	3525.000000000	-29.061965942
16.348646542	2746572619	1200.000000000	3525.000000000	-29.061965942
16.348646542	2746572619	1200.000000000	3452.000000000	-29.061965942
16.348690476	2746580000	1200.000000000	3452.000000000	-39.343505859
16.398646482	2754972609	1200.000000000	3452.000000000	-39.343505859
16.398646482	2754972609	1200.000000000	3368.000000000	-39.343505859
16.398690476	2754980000	1200.000000000	3368.000000000	-39.343505859
16.448646994	2763372695	1200.000000000	3368.000000000	-39.343505859
16.448646994	2763372695	1200.000000000	3273.000000000	-39.343505859
16.448690476	2763380000	1200.000000000	3273.000000000	-43.363861084
16.498688976	2771779748	1200.000000000	3273.000000000	-44.164810181
16.548646393	2780172594	1200.000000000	3273.000000000	-44.164810181
16.548646393	2780172594	1200.000000000	3056.000000000	-44.164810181
16.548690476	2780180000	1200.000000000	3056.000000000	-41.780838013
16.598646857	2788572672	1200.000000000	3056.000000000	-41.780838013
16.598646857	2788572672	1200.000000000	2934.000000000	-41.780838013
16.598690476	2788580000	1200.000000000	2934.000000000	-38.918186188
16.648646333	2796972584	1200.000000000	2934.000000000	-38.918186188
16.648646333	2796972584	1200.000000000	2805.000000000	-38.918186188
16.648690476	2796980000	1200.000000000	2805.000000000	-31.947319031
16.698646464	2805372606	1200.000000000	2805.000000000	-31.947319031
16.698646464	2805372606	1200.000000000	2668.000000000	-31.947319031
16.698690476	2805380000	1200.000000000	2668.000000000	62.686958313
16.748646149	2813772553	1200.000000000	2668.000000000	62.686958313
16.748646149	2813772553	1200.000000000	2542.000000000	62.686958313
16.748690476	2813780000	1200.000000000	2542.000000000	24.686958313
16.798646250	2822172570	1200.000000000	2542.000000000	24.686958313
16.798646250	2822172570	1200.000000000	2503.000000000	24.686958313
16.798690476	2822180000	1200.000000000	2503.000000000	-48.527935028
16.848647173	2830572725	1200.000000000	2503.000000000	-48.527935028
16.848647173	2830572725	1200.000000000	2464.000000000	-48.527935028
16.848690476	2830580000	1200.000000000	2464.000000000	49.953735352
16.898646262	2838972572	1200.000000000	2464.000000000	49.953735352
16.898646262	2838972572	1200.000000000	2377.000000000	49.953735352
16.898690476	2838980000	1200.000000000	2377.000000000	56.764068604
16.948646256	2847372571	1200.000000000	2377.000000000	56.764068604
16.948646256	2847372571	1200.000000000	2292.000000000	56.764068604
16.948690476	2847380000	1200.000000000	2292.000000000	2.126228333
16.998701476	2855781848	1200.000000000	2292.000000000	2.126228333
16.998701476	2855781848	1200.000000000	2202.000000000	2.126228333
16.998701476	2855781848	1200.000000000	2202.000000000	26.369415283
17.048646435	2864172601	1200.000000000	2202.000000000	26.369415283
17.048646435	2864172601	1200.000000000	2110.000000000	26.369415283
17.048690476	2864180000	1200.000000000	2110.000000000	79.369415283
17.098646506	2872572613	1200.000000000	2110.000000000	79.369415283
17.098646506	2872572613	1200.000000000	2032.000000000	79.369415283
17.098690476	2872580000	1200.000000000	2032.000000000	52.615154266
17.148646107	2880972546	1200.000000000	2032.000000000	52.615154266
17.148646107	2880972546	1200.000000000	2009.000000000	52.615154266
17.148690476	2880980000	1200.000000000	2009.000000000	-60.595390320
17.198699476	2889381512	1200.000000000	2009.000000000	-25.678688049
17.248646964	2897772690	1200.000000000	2009.000000000	-25.678688049
17.248646964	2897772690	1200.000000000	1901.000000000	-25.678688049
17.248690476	2897780000	1200.000000000	1901.000000000	27.319412231
17.298646280	2906172575	1200.000000000	1901.000000000	27.319412231
17.298646280	2906172575	1200.000000000	1821.000000000	27.319412231
17.298690476	2906180000	1200.000000000	1821.000000000	41.859436035
17.348646107	2914572546	1200.000000000	1821.000000000	41.859436035
17.348646107	2914572546	1200.000000000	1795.000000000	41.859436035
17.348690476	2914580000	1200.000000000	1795.000000000	-11.140563965
17.398646560	2922972622	1200.000000000	1795.000000000	-11.140563965
17.398646560	2922972622	1200.000000000	1774.000000000	-11.140563965
17.398690476	2922980000	1200.000000000	1774.000000000	-33.278900146
17.448647054	2931372705	1200.000000000	1774.000000000	-33.278900146
17.448647054	2931372705	1200.000000000	1709.000000000	-33.278900146
17.448690476	2931380000	1200.000000000	1709.000000000	59.623817444
17.498646946	2939772687	1200.000000000	1709.000000000	59.623817444
17.498646946	2939772687	1200.000000000	1641.000000000	59.623817444
17.498690476	2939780000	1200.000000000	1641.000000000	28.047286987
17.548646101	2948172545	1200.000000000	1641.000000000	28.047286987
17.548646101	2948172545	1200.000000000	1625.000000000	28.047286987
17.548690476	2948180000	1200.000000000	1625.000000000	4.164062500
17.598646512	2956572614	1200.000000000	1625.000000000	4.164062500
17.598646512	2956572614	1200.000000000	1613.000000000	4.164062500
17.598690476	2956580000	1200.000000000	1613.000000000	-35.486373901
17.648647280	2964972743	1200.000000000	1613.000000000	-35.486373901
17.648647280	2964972743	1200.000000000	1561.000000000	-35.486373901
17.648690476	2964980000	1200.000000000	1561.000000000	36.081344604
17.698646262	2973372572	1200.000000000	1561.000000000	36.081344604
17.698646262	2973372572	1200.000000000	1500.000000000	36.081344604
17.698690476	2973380000	1200.000000000	1500.000000000	23.081344604
17.748646101	2981772545	1200.000000000	1500.000000000	23.081344604
17.748646101	2981772545	1200.000000000	1484.000000000	23.081344604
17.748690476	2981780000	1200.000000000	1484.000000000	25.768024445
17.798646524	2990172616	1200.000000000	1484.000000000	25.768024445
17.798646524	2990172616	1200.000000000	1480.000000000	25.768024445
17.798690476	2990180000	1200.000000000	1480.000000000	-26.474418640
17.848646667	2998572640	1200.000000000	1480.000000000	-26.474418640
17.848646667	2998572640	1200.000000000	1441.000000000	-26.474418640
17.848690476	2998580000	1200.000000000	1441.000000000	33.515579224
17.898646774	3006972658	1200.000000000	1441.000000000	33.515579224
17.898646774	3006972658	1200.000000000	1392.000000000	33.515579224
17.898690476	3006980000	1200.000000000	1392.000000000	-10.022865295
17.948646101	3015372545	1200.000000000	1392.000000000	-10.022865295
17.948646101	3015372545	1200.000000000	1387.000000000	-10.022865295
17.948690476	3015380000	1200.000000000	1387.000000000	28.357604980
17.998646536	3023772618	1200.000000000	1387.000000000	28.357604980
17.998646536	3023772618	1200.000000000	1387.000000000	28.357604980
17.998690476	3023780000	1200.000000000	1387.000000000	-17.642395020
18.048647083	3032172710	1200.000000000	1387.000000000	-17.642395020
18.048647083	3032172710	1200.000000000	1355.000000000	-17.642395020
18.048690476	3032180000	1200.000000000	1355.000000000	41.306720734
18.098646262	3040572572	1200.000000000	1355.000000000	41.306720734
18.098646262	3040572572	1200.000000000	1315.000000000	41.306720734
18.098690476	3040580000	1200.000000000	1315.000000000	-10.440109253
18.148646113	3048972547	1200.000000000	1315.000000000	-10.440109253
18.148646113	3048972547	1200.000000000	1315.000000000	-10.440109253
18.148690476	3048980000	1200.000000000	1315.000000000	15.342544556
18.198646554	3057372621	1200.000000000	1315.000000000	15.342544556
18.198646554	3057372621	1200.000000000	1315.000000000	15.342544556
18.198690476	3057380000	1200.000000000	1315.000000000	-10.428031921
18.248646595	3065772628	1200.000000000	1315.000000000	-10.428031921
18.248646595	3065772628	1200.000000000	1287.000000000	-10.428031921
18.248690476	3065780000	1200.000000000	1287.000000000	26.907775879
18.298646679	3074172642	1200.000000000	1287.000000000	26.907775879
18.298646679	3074172642	1200.000000000	1275.000000000	26.907775879
18.298690476	3074180000	1200.000000000	1275.000000000	28.907775879
18.348646500	3082572612	1200.000000000	1275.000000000	28.907775879
18.348646500	3082572612	1200.000000000	1271.000000000	28.907775879
18.348690476	3082580000	1200.000000000	1271.000000000	5.191444397
18.398646345	3090972586	1200.000000000	1271.000000000	5.191444397
18.398646345	3090972586	1200.000000000	1252.000000000	5.191444397
18.398690476	3090980000	1200.000000000	1252.000000000	12.613407135
18.448646631	3099372634	1200.000000000	1252.000000000	12.613407135
18.448646631	3099372634	1200.000000000	1247.000000000	12.613407135
18.448690476	3099380000	1200.000000000	1247.000000000	9.624568939
18.498647077	3107772709	1200.000000000	1247.000000000	9.624568939
18.498647077	3107772709	1200.000000000	1242.000000000	9.624568939
18.498690476	3107780000	1200.000000000	1242.000000000	-19.000000000
18.548646952	3116172688	1200.000000000	1242.000000000	-19.000000000
18.548646952	3116172688	1200.000000000	1217.000000000	-19.000000000
18.548690476	3116180000	1200.000000000	1217.000000000	-37.000000000
18.598646208	3124572563	1200.000000000	1217.000000000	-37.000000000
18.598646208	3124572563	1200.000000000	1218.000000000	-37.000000000
18.598690476	3124580000	1200.000000000	1218.000000000	-9.000000000
18.648646631	3132972634	1200.000000000	1218.000000000	-9.000000000
18.648646631	3132972634	1200.000000000	1216.000000000	-9.000000000
18.648690476	3132980000	1200.000000000	1216.000000000	11.137533188
18.698647048	3141372704	1200.000000000	1216.000000000	11.137533188
18.698647048	3141372704	1200.000000000	1190.000000000	11.137533188
18.698690476	3141380000	1200.000000000	1190.000000000	-11.909351349
18.748646375	3149772591	1200.000000000	1190.000000000	-11.909351349
18.748646375	3149772591	1200.000000000	1191.000000000	-11.909351349
18.748690476	3149780000	1200.000000000	1191.000000000	24.324020386
18.798646357	3158172588	1200.000000000	1191.000000000	24.324020386
18.798646357	3158172588	1200.000000000	1213.000000000	24.324020386
18.798690476	3158180000	1200.000000000	1213.000000000	-38.326538086
18.848646673	3166572641	1200.000000000	1213.000000000	-38.326538086
18.848646673	3166572641	1200.000000000	1205.000000000	-38.326538086
18.848705476	3166582520	1200.000000000	1205.000000000	15.036575317
18.898646464	3174972606	1200.000000000	1205.000000000	15.036575317
18.898646464	3174972606	1200.000000000	1173.000000000	15.036575317
18.898690476	3174980000	1200.000000000	1173.000000000	-18.184553146
18.948646679	3183372642	1200.000000000	1173.000000000	-18.184553146
18.948646679	3183372642	1200.000000000	1172.000000000	-18.184553146
18.948690476	3183380000	1200.000000000	1172.000000000	12.815446854
18.998646173	3191772557	1200.000000000	1172.000000000	12.815446854
18.998646173	3191772557	1200.000000000	1199.000000000	12.815446854
18.998690476	3191780000	1200.000000000	1199.000000000	-25.973197937
19.048646655	3200172638	1200.000000000	1199.000000000	-25.973197937
19.048646655	3200172638	1200.000000000	1196.000000000	-25.973197937
19.048690476	3200180000	1200.000000000	1196.000000000	5.854961395
19.098647006	3208572697	1200.000000000	1196.000000000	5.854961395
19.098647006	3208572697	1200.000000000	1161.000000000	5.854961395
19.098690476	3208580000	1200.000000000	1161.000000000	-21.793350220
19.148646226	3216972566	1200.000000000	1161.000000000	-21.793350220
19.148646226	3216972566	1200.000000000	1161.000000000	-21.793350220
19.148690476	3216980000	1200.000000000	1161.000000000	19.619510651
19.198646173	3225372557	1200.000000000	1161.000000000	19.619510651
19.198646173	3225372557	1200.000000000	1192.000000000	19.619510651
19.198690476	3225380000	1200.000000000	1192.000000000	-32.381511688
19.248646673	3233772641	1200.000000000	1192.000000000	-32.381511688
19.248646673	3233772641	1200.000000000	1187.000000000	-32.381511688
19.248690476	3233780000	1200.000000000	1187.000000000	4.618488312
19.298646458	3242172605	1200.000000000	1187.000000000	4.618488312
19.298646458	3242172605	1200.000000000	1148.000000000	4.618488312
19.298690476	3242180000	1200.000000000	1148.000000000	-26.495906830
19.348646690	3250572644	1200.000000000	1148.000000000	-26.495906830
19.348646690	3250572644	1200.000000000	1147.000000000	-26.495906830
19.348690476	3250580000	1200.000000000	1147.000000000	5.438148499
19.398646119	3258972548	1200.000000000	1147.000000000	5.438148499
19.398646119	3258972548	1200.000000000	1183.000000000	5.438148499
19.398690476	3258980000	1200.000000000	1183.000000000	-20.586795807
19.448646821	3267372666	1200.000000000	1183.000000000	-20.586795807
19.448646821	3267372666	1200.000000000	1184.000000000	-20.586795807
19.448690476	3267380000	1200.000000000	1184.000000000	12.190338135
19.498647048	3275772704	1200.000000000	1184.000000000	12.190338135
19.498647048	3275772704	1200.000000000	1148.000000000	12.190338135
19.498690476	3275780000	1200.000000000	1148.000000000	-5.508090973
19.548646250	3284172570	1200.000000000	1148.000000000	-5.508090973
19.548646250	3284172570	1200.000000000	1144.000000000	-5.508090973
19.548690476	3284180000	1200.000000000	1144.000000000	17.491909027
19.598646161	3292572555	1200.000000000	1144.000000000	17.491909027
19.598646161	3292572555	1200.000000000	1177.000000000	17.491909027
19.598690476	3292580000	1200.000000000	1177.000000000	-0.268993378
19.648646554	3300972621	1200.000000000	1177.000000000	-0.268993378
19.648646554	3300972621	1200.000000000	1180.000000000	-0.268993378
19.648690476	3300980000	1200.000000000	1180.000000000	13.614463806
19.698646613	3309372631	1200.000000000	1180.000000000	13.614463806
19.698646613	3309372631	1200.000000000	1148.000000000	13.614463806
19.698696976	3309381092	1200.000000000	1148.000000000	-4.640510559
19.748646673	3317772641	1200.000000000	1148.000000000	-4.640510559
19.748646673	3317772641	1200.000000000	1145.000000000	-4.640510559
19.748690476	3317780000	1200.000000000	1145.000000000	18.257934570
19.798646101	3326172545	1200.000000000	1145.000000000	18.257934570
19.798646101	3326172545	1200.000000000	1174.000000000	18.257934570
19.798690476	3326180000	1200.000000000	1174.000000000	-11.922657013
19.848646560	3334572622	1200.000000000	1174.000000000	-11.922657013
19.848646560	3334572622	1200.000000000	1173.000000000	-11.922657013
19.848690476	3334580000	1200.000000000	1173.000000000	27.417732239
19.898646786	3342972660	1200.000000000	1173.000000000	27.417732239
19.898646786	3342972660	1200.000000000	1144.000000000	27.417732239
19.898685476	3342979160	1200.000000000	1144.000000000	-10.582267761
19.948646280	3351372575	1200.000000000	1144.000000000	-10.582267761
19.948646280	3351372575	1200.000000000	1145.000000000	-10.582267761
19.948690476	3351380000	1200.000000000	1145.000000000	9.234725952
19.998646714	3359772648	1200.000000000	1145.000000000	9.234725952
19.998646714	3359772648	1200.000000000	1176.000000000	9.234725952
19.998690476	3359780000	1200.000000000	1176.000000000	-13.512210846
20.048646560	3368172622	1200.000000000	1176.000000000	-13.512210846
20.048646560	3368172622	1200.000000000	1178.000000000	-13.512210846
20.048690476	3368180000	1200.000000000	1178.000000000	13.439628601
20.098646286	3376572576	1200.000000000	1178.000000000	13.439628601
20.098646286	3376572576	1200.000000000	1148.000000000	13.439628601
20.098690476	3376580000	1200.000000000	1148.000000000	-18.044063568
20.148646696	3384972645	1200.000000000	1148.000000000	-18.044063568
20.148646696	3384972645	1200.000000000	1148.000000000	-18.044063568
20.148690476	3384980000	1200.000000000	1148.000000000	16.249923706
20.198646810	3393372664	1200.000000000	1148.000000000	16.249923706
20.198646810	3393372664	1200.000000000	1180.000000000	16.249923706
20.198695476	3393380840	1200.000000000	1180.000000000	-13.750076294
20.248646696	3401772645	1200.000000000	1180.000000000	-13.750076294
20.248646696	3401772645	1200.000000000	1179.000000000	-13.750076294
20.248690476	3401780000	1200.000000000	1179.000000000	9.934040070
20.298646268	3410172573	1200.000000000	1179.000000000	9.934040070
20.298646268	3410172573	1200.000000000	1148.000000000	9.934040070
20.298690476	3410180000	1200.000000000	1148.000000000	-14.637504578
20.348646250	3418572570	1200.000000000	1148.000000000	-14.637504578
20.348646250	3418572570	1200.000000000	1145.000000000	-14.637504578
20.348690476	3418580000	1200.000000000	1145.000000000	5.795204163
20.398646750	3426972654	1200.000000000	1145.000000000	5.795204163
20.398646750	3426972654	1200.000000000	1178.000000000	5.795204163
20.398690476	3426980000	1200.000000000	1178.000000000	-20.398452759
20.448646696	3435372645	1200.000000000	1178.000000000	-20.398452759
20.448646696	3435372645	1200.000000000	1178.000000000	-20.398452759
20.448690476	3435380000	1200.000000000	1178.000000000	26.817798615
20.498646440	3443772602	1200.000000000	1178.000000000	26.817798615
20.498646440	3443772602	1200.000000000	1147.000000000	26.817798615
20.498690476	3443780000	1200.000000000	1147.000000000	-12.182201385
20.548646661	3452172639	1200.000000000	1147.000000000	-12.182201385
20.548646661	3452172639	1200.000000000	1147.000000000	-12.182201385
20.548690476	3452180000	1200.000000000	1147.000000000	0.779476166
20.598646274	3460572574	1200.000000000	1147.000000000	0.779476166
20.598646274	3460572574	1200.000000000	1180.000000000	0.779476166
20.598690476	3460580000	1200.000000000	1180.000000000	-13.455955505
20.648646696	3468972645	1200.000000000	1180.000000000	-13.455955505
20.648646696	3468972645	1200.000000000	1183.000000000	-13.455955505
20.648690476	3468980000	1200.000000000	1183.000000000	13.431694031
20.698646399	3477372595	1200.000000000	1183.000000000	13.431694031
20.698646399	3477372595	1200.000000000	1150.000000000	13.431694031
20.698690476	3477380000	1200.000000000	1150.000000000	-18.247306824
20.748646256	3485772571	1200.000000000	1150.000000000	-18.247306824
20.748646256	3485772571	1200.000000000	1151.000000000	-18.247306824
20.748690476	3485780000	1200.000000000	1151.000000000	19.548980713
20.798646738	3494172652	1200.000000000	1151.000000000	19.548980713
20.798646738	3494172652	1200.000000000	1184.000000000	19.548980713
20.798690476	3494180000	1200.000000000	1184.000000000	-21.907531738
20.848646655	3502572638	1200.000000000	1184.000000000	-21.907531738
20.848646655	3502572638	1200.000000000	1181.000000000	-21.907531738
20.848690476	3502580000	1200.000000000	1181.000000000	18.092468262
20.898646375	3510972591	1200.000000000	1181.000000000	18.092468262
20.898646375	3510972591	1200.000000000	1147.000000000	18.092468262
20.898690476	3510980000	1200.000000000	1147.000000000	-18.464797974
20.948646685	3519372643	1200.000000000	1147.000000000	-18.464797974
20.948646685	3519372643	1200.000000000	1146.000000000	-18.464797974
20.948685476	3519379160	1200.000000000	1146.000000000	5.224540710
20.998646262	3527772572	1200.000000000	1146.000000000	5.224540710
20.998646262	3527772572	1200.000000000	1182.000000000	5.224540710
20.998690476	3527780000	1200.000000000	1182.000000000	-15.623031616
21.048646696	3536172645	1200.000000000	1182.000000000	-15.623031616
21.048646696	3536172645	1200.000000000	1184.000000000	-15.623031616
21.048690476	3536180000	1200.000000000	1184.000000000	22.062042236
21.098646339	3544572585	1200.000000000	1184.000000000	22.062042236
21.098646339	3544572585	1200.000000000	1152.000000000	22.062042236
21.098690476	3544580000	1200.000000000	1152.000000000	-16.093143463
21.148691976	3552980252	1200.000000000	1152.000000000	-16.093143463
21.148691976	3552980252	1200.000000000	1152.000000000	17.906856537
21.198646720	3561372649	1200.000000000	1152.000000000	17.906856537
21.198646720	3561372649	1200.000000000	1187.000000000	17.906856537
21.198690476	3561380000	1200.000000000	1187.000000000	-8.378009796
21.248646667	3569772640	-1200.000000000	1187.000000000	-8.378009796
21.248646667	3569772640	-1200.000000000	1188.000000000	-8.378009796
21.248690476	3569780000	-1200.000000000	1188.000000000	-52.050949097
21.298646518	3578172615	-1200.000000000	1188.000000000	-52.050949097
21.298646518	3578172615	-1200.000000000	1142.000000000	-52.050949097
21.298690476	3578180000	-1200.000000000	1142.000000000	-37.918575287
21.348646946	3586572687	-1200.000000000	1142.000000000	-37.918575287
21.348646946	3586572687	-1200.000000000	1072.000000000	-37.918575287
21.348686976	3586579412	-1200.000000000	1072.000000000	-38.749069214
21.398646476	3594972608	-1200.000000000	1072.000000000	-38.749069214
21.398646476	3594972608	-1200.000000000	991.000000000	-38.749069214
21.398690476	3594980000	-1200.000000000	991.000000000	-44.260475159
21.448646881	3603372676	-1200.000000000	991.000000000	-44.260475159
21.448646881	3603372676	-1200.000000000	898.000000000	-44.260475159
21.448690476	3603380000	-1200.000000000	898.000000000	-44.260475159
21.498646494	3611772611	-1200.000000000	898.000000000	-44.260475159
21.498646494	3611772611	-1200.000000000	796.000000000	-44.260475159
21.498690476	3611780000	-1200.000000000	796.000000000	-44.523780823
21.548646333	3620172584	-1200.000000000	796.000000000	-44.523780823
21.548646333	3620172584	-1200.000000000	684.000000000	-44.523780823
21.548690476	3620180000	-1200.000000000	684.000000000	-41.458915710
21.598646845	3628572670	-1200.000000000	684.000000000	-41.458915710
21.598646845	3628572670	-1200.000000000	564.000000000	-41.458915710
21.598690476	3628580000	-1200.000000000	564.000000000	-38.904022217
21.648646685	3636972643	-1200.000000000	564.000000000	-38.904022217
21.648646685	3636972643	-1200.000000000	435.000000000	-38.904022217
21.648690476	3636980000	-1200.000000000	435.000000000	-16.654792786
21.698646125	3645372549	-1200.000000000	435.000000000	-16.654792786
21.698646125	3645372549	-1200.000000000	304.000000000	-16.654792786
21.698690476	3645380000	-1200.000000000	304.000000000	49.249366760
21.748646107	3653772546	-1200.000000000	304.000000000	49.249366760
21.748646107	3653772546	-1200.000000000	181.000000000	49.249366760
21.748690476	3653780000	-1200.000000000	181.000000000	30.249366760
21.798646256	3662172571	-1200.000000000	181.000000000	30.249366760
21.798646256	3662172571	-1200.000000000	141.000000000	30.249366760
21.798690476	3662180000	-1200.000000000	141.000000000	-62.353683472
21.848647399	3670572763	-1200.000000000	141.000000000	-62.353683472
21.848647399	3670572763	-1200.000000000	107.000000000	-62.353683472
21.848690476	3670580000	-1200.000000000	107.000000000	30.378799438
21.898646315	3678972581	-1200.000000000	107.000000000	30.378799438
21.898646315	3678972581	-1200.000000000	21.000000000	30.378799438
21.898690476	3678980000	-1200.000000000	21.000000000	70.442306519
21.948646161	3687372555	-1200.000000000	21.000000000	70.442306519
21.948646161	3687372555	-1200.000000000	-66.000000000	70.442306519
21.948690476	3687380000	-1200.000000000	-66.000000000	13.735015869
21.998646863	3695772673	-1200.000000000	-66.000000000	13.735015869
21.998646863	3695772673	-1200.000000000	-152.000000000	13.735015869
21.998690476	3695780000	-1200.000000000	-152.000000000	19.784599304
22.048646345	3704172586	-1200.000000000	-152.000000000	19.784599304
22.048646345	3704172586	-1200.000000000	-243.000000000	19.784599304
22.048690476	3704180000	-1200.000000000	-243.000000000	49.582077026
22.098646167	3712572556	-1200.000000000	-243.000000000	49.582077026
22.098646167	3712572556	-1200.000000000	-325.000000000	49.582077026
22.098690476	3712580000	-1200.000000000	-325.000000000	48.582077026
22.148646107	3720972546	-1200.000000000	-325.000000000	48.582077026
22.148646107	3720972546	-1200.000000000	-356.000000000	48.582077026
22.148690476	3720980000	-1200.000000000	-356.000000000	-58.331535339
22.198646940	3729372686	-1200.000000000	-356.000000000	-58.331535339
22.198646940	3729372686	-1200.000000000	-389.000000000	-58.331535339
22.198690476	3729380000	-1200.000000000	-389.000000000	-26.647933960
22.248647042	3737772703	-1200.000000000	-389.000000000	-26.647933960
22.248647042	3737772703	-1200.000000000	-464.000000000	-26.647933960
22.248690476	3737780000	-1200.000000000	-464.000000000	45.152481079
22.298646196	3746172561	-1200.000000000	-464.000000000	45.152481079
22.298646196	3746172561	-1200.000000000	-543.000000000	45.152481079
22.298690476	3746180000	-1200.000000000	-543.000000000	43.707839966
22.348645125	3754572381	-1200.000000000	-543.000000000	43.707839966
22.348645125	3754572381	-1200.000000000	-571.000000000	43.707839966
22.348690476	3754580000	-1200.000000000	-571.000000000	0.428298950
22.398701476	3762981848	-1200.000000000	-571.000000000	0.428298950
22.398701476	3762981848	-1200.000000000	-590.000000000	0.428298950
22.398701476	3762981848	-1200.000000000	-590.000000000	-32.571701050
22.448646893	3771372678	-1200.000000000	-590.000000000	-32.571701050
22.448646893	3771372678	-1200.000000000	-650.000000000	-32.571701050
22.448690476	3771380000	-1200.000000000	-650.000000000	27.738220215
22.498646899	3779772679	-1200.000000000	-650.000000000	27.738220215
22.498646899	3779772679	-1200.000000000	-721.000000000	27.738220215
22.498690476	3779780000	-1200.000000000	-721.000000000	42.593246460
22.548688976	3788179748	-1200.000000000	-721.000000000	32.290119171
22.598699476	3796581512	-1200.000000000	-721.000000000	-37.846706390
22.648647125	3804972717	-1200.000000000	-721.000000000	-37.846706390
22.648647125	3804972717	-1200.000000000	-806.000000000	-37.846706390
22.648690476	3804980000	-1200.000000000	-806.000000000	30.495567322
22.698646375	3813372591	-1200.000000000	-806.000000000	30.495567322
22.698646375	3813372591	-1200.000000000	-865.000000000	30.495567322
22.698690476	3813380000	-1200.000000000	-865.000000000	19.495567322
22.748646125	3821772549	-1200.000000000	-865.000000000	19.495567322
22.748646125	3821772549	-1200.000000000	-882.000000000	19.495567322
22.748690476	3821780000	-1200.000000000	-882.000000000	20.679580688
22.798646506	3830172613	-1200.000000000	-882.000000000	20.679580688
22.798646506	3830172613	-1200.000000000	-889.000000000	20.679580688
22.798690476	3830180000	-1200.000000000	-889.000000000	-26.990177155
22.848646583	3838572626	-1200.000000000	-889.000000000	-26.990177155
22.848646583	3838572626	-1200.000000000	-929.000000000	-26.990177155
22.848690476	3838580000	-1200.000000000	-929.000000000	36.469146729
22.898646786	3846972660	-1200.000000000	-929.000000000	36.469146729
22.898646786	3846972660	-1200.000000000	-978.000000000	36.469146729
22.898690476	3846980000	-1200.000000000	-978.000000000	-8.565177917
22.948646107	3855372546	-1200.000000000	-978.000000000	-8.565177917
22.948646107	3855372546	-1200.000000000	-985.000000000	-8.565177917
22.948690476	3855380000	-1200.000000000	-985.000000000	24.398429871
22.998646530	3863772617	-1200.000000000	-985.000000000	24.398429871
22.998646530	3863772617	-1200.000000000	-985.000000000	24.398429871
22.998690476	3863780000	-1200.000000000	-985.000000000	-23.352813721
23.048647071	3872172708	-1200.000000000	-985.000000000	-23.352813721
23.048647071	3872172708	-1200.000000000	-1019.000000000	-23.352813721
23.048690476	3872180000	-1200.000000000	-1019.000000000	38.647186279
23.098646298	3880572578	-1200.000000000	-1019.000000000	38.647186279
23.098646298	3880572578	-1200.000000000	-1061.000000000	38.647186279
23.098690476	3880580000	-1200.000000000	-1061.000000000	-10.212974548
23.148646101	3888972545	-1200.000000000	-1061.000000000	-10.212974548
23.148646101	3888972545	-1200.000000000	-1066.000000000	-10.212974548
23.148690476	3888980000	-1200.000000000	-1066.000000000	30.456302643
23.198646494	3897372611	-1200.000000000	-1066.000000000	30.456302643
23.198646494	3897372611	-1200.000000000	-1065.000000000	30.456302643
23.198690476	3897380000	-1200.000000000	-1065.000000000	-10.485492706
23.248646577	3905772625	-1200.000000000	-1065.000000000	-10.485492706
23.248646577	3905772625	-1200.000000000	-1090.000000000	-10.485492706
23.248690476	3905780000	-1200.000000000	-1090.000000000	33.157329559
23.298646798	3914172662	-1200.000000000	-1090.000000000	33.157329559
23.298646798	3914172662	-1200.000000000	-1123.000000000	33.157329559
23.298690476	3914180000	-1200.000000000	-1123.000000000	-21.913618088
23.348646095	3922572544	-1200.000000000	-1123.000000000	-21.913618088
23.348646095	3922572544	-1200.000000000	-1122.000000000	-21.913618088
23.348690476	3922580000	-1200.000000000	-1122.000000000	17.086381912
23.398646518	3930972615	-1200.000000000	-1122.000000000	17.086381912
23.398646518	3930972615	-1200.000000000	-1120.000000000	17.086381912
23.398690476	3930980000	-1200.000000000	-1120.000000000	1.440795898
23.448646970	3939372691	-1200.000000000	-1120.000000000	1.440795898
23.448646970	3939372691	-1200.000000000	-1143.000000000	1.440795898
23.448690476	3939380000	-1200.000000000	-1143.000000000	21.638816833
23.498646708	3947772647	-1200.000000000	-1143.000000000	21.638816833
23.498646708	3947772647	-1200.000000000	-1150.000000000	21.638816833
23.498690476	3947780000	-1200.000000000	-1150.000000000	25.451076508
23.548646315	3956172581	-1200.000000000	-1150.000000000	25.451076508
23.548646315	3956172581	-1200.000000000	-1137.000000000	25.451076508
23.548690476	3956180000	-1200.000000000	-1137.000000000	-31.642406464
23.598646542	3964572619	-1200.000000000	-1137.000000000	-31.642406464
23.598646542	3964572619	-1200.000000000	-1146.000000000	-31.642406464
23.598690476	3964580000	-1200.000000000	-1146.000000000	-1.197994232
23.648646417	3972972598	-1200.000000000	-1146.000000000	-1.197994232
23.648646417	3972972598	-1200.000000000	-1176.000000000	-1.197994232
23.648690476	3972980000	-1200.000000000	-1176.000000000	-11.197994232
23.698646696	3981372645	-1200.000000000	-1176.000000000	-11.197994232
23.698646696	3981372645	-1200.000000000	-1181.000000000	-11.197994232
23.698690476	3981380000	-1200.000000000	-1181.000000000	11.495712280
23.748646244	3989772569	-1200.000000000	-1181.000000000	11.495712280
23.748646244	3989772569	-1200.000000000	-1161.000000000	11.495712280
23.748690476	3989780000	-1200.000000000	-1161.000000000	-31.389408112
23.798646548	3998172620	-1200.000000000	-1161.000000000	-31.389408112
23.798646548	3998172620	-1200.000000000	-1165.000000000	-31.389408112
23.798690476	3998180000	-1200.000000000	-1165.000000000	-4.499473572
23.848646702	4006572646	-1200.000000000	-1165.000000000	-4.499473572
23.848646702	4006572646	-1200.000000000	-1196.000000000	-4.499473572
23.848690476	4006580000	-1200.000000000	-1196.000000000	-5.691558838
23.898646369	4014972590	-1200.000000000	-1196.000000000	-5.691558838
23.898646369	4014972590	-1200.000000000	-1203.000000000	-5.691558838
23.898690476	4014980000	-1200.000000000	-1203.000000000	19.172515869
23.948646964	4023372690	-1200.000000000	-1203.000000000	19.172515869
23.948646964	4023372690	-1200.000000000	-1180.000000000	19.172515869
23.948690476	4023380000	-1200.000000000	-1180.000000000	-31.660972595
23.998646661	4031772639	-1200.000000000	-1180.000000000	-31.660972595
23.998646661	4031772639	-1200.000000000	-1185.000000000	-31.660972595
23.998690476	4031780000	-1200.000000000	-1185.000000000	2.339027405
24.048646464	4040172606	-1200.000000000	-1185.000000000	2.339027405
24.048646464	4040172606	-1200.000000000	-1219.000000000	2.339027405
24.048690476	4040180000	-1200.000000000	-1219.000000000	-16.741233826
24.098646792	4048572661	-1200.000000000	-1219.000000000	-16.741233826
24.098646792	4048572661	-1200.000000000	-1223.000000000	-16.741233826
24.098690476	4048580000	-1200.000000000	-1223.000000000	11.226409912
24.148646244	4056972569	-1200.000000000	-1223.000000000	11.226409912
24.148646244	4056972569	-1200.000000000	-1196.000000000	11.226409912
24.148690476	4056980000	-1200.000000000	-1196.000000000	-19.560733795
24.198646649	4065372637	-1200.000000000	-1196.000000000	-19.560733795
24.198646649	4065372637	-1200.000000000	-1196.000000000	-19.560733795
24.198690476	4065380000	-1200.000000000	-1196.000000000	11.654373169
24.248646470	4073772607	-1200.000000000	-1196.000000000	11.654373169
24.248646470	4073772607	-1200.000000000	-1228.000000000	11.654373169
24.248705476	4073782520	-1200.000000000	-1228.000000000	-15.433036804
24.298646244	4082172569	-1200.000000000	-1228.000000000	-15.433036804
24.298646244	4082172569	-1200.000000000	-1230.000000000	-15.433036804
24.298690476	4082180000	-1200.000000000	-1230.000000000	13.566963196
24.348646708	4090572647	-1200.000000000	-1230.000000000	13.566963196
24.348646708	4090572647	-1200.000000000	-1201.000000000	13.566963196
24.348690476	4090580000	-1200.000000000	-1201.000000000	-16.678756714
24.398646673	4098972641	-1200.000000000	-1201.000000000	-16.678756714
24.398646673	4098972641	-1200.000000000	-1201.000000000	-16.678756714
24.398690476	4098980000	-1200.000000000	-1201.000000000	3.189613342
24.448646446	4107372603	-1200.000000000	-1201.000000000	3.189613342
24.448646446	4107372603	-1200.000000000	-1235.000000000	3.189613342
24.448690476	4107380000	-1200.000000000	-1235.000000000	-11.086006165
24.498646696	4115772645	-1200.000000000	-1235.000000000	-11.086006165
24.498646696	4115772645	-1200.000000000	-1240.000000000	-11.086006165
24.498690476	4115780000	-1200.000000000	-1240.000000000	15.864921570
24.548646738	4124172652	-1200.000000000	-1240.000000000	15.864921570
24.548646738	4124172652	-1200.000000000	-1212.000000000	15.864921570
24.548690476	4124180000	-1200.000000000	-1212.000000000	-17.211414337
24.598646679	4132572642	-1200.000000000	-1212.000000000	-17.211414337
24.598646679	4132572642	-1200.000000000	-1213.000000000	-17.211414337
24.598690476	4132580000	-1200.000000000	-1213.000000000	6.788585663
24.648646470	4140972607	-1200.000000000	-1213.000000000	6.788585663
24.648646470	4140972607	-1200.000000000	-1247.000000000	6.788585663
24.648690476	4140980000	-1200.000000000	-1247.000000000	-14.481239319
24.698646238	4149372568	-1200.000000000	-1247.000000000	-14.481239319
24.698646238	4149372568	-1200.000000000	-1249.000000000	-14.481239319
24.698690476	4149380000	-1200.000000000	-1249.000000000	8.782405853
24.748646708	4157772647	-1200.000000000	-1249.000000000	8.782405853
24.748646708	4157772647	-1200.000000000	-1217.000000000	8.782405853
24.748690476	4157780000	-1200.000000000	-1217.000000000	-11.856040955
24.798646673	4166172641	-1200.000000000	-1217.000000000	-11.856040955
24.798646673	4166172641	-1200.000000000	-1214.000000000	-11.856040955
24.798690476	4166180000	-1200.000000000	-1214.000000000	6.772148132
24.848646464	4174572606	-1200.000000000	-1214.000000000	6.772148132
24.848646464	4174572606	-1200.000000000	-1246.000000000	6.772148132
24.848690476	4174580000	-1200.000000000	-1246.000000000	-8.495986938
24.898646690	4182972644	-1200.000000000	-1246.000000000	-8.495986938
24.898646690	4182972644	-1200.000000000	-1249.000000000	-8.495986938
24.898690476	4182980000	-1200.000000000	-1249.000000000	21.357757568
24.948646262	4191372572	-1200.000000000	-1249.000000000	21.357757568
24.948646262	4191372572	-1200.000000000	-1220.000000000	21.357757568
24.948690476	4191380000	-1200.000000000	-1220.000000000	-4.642242432
24.998646690	4199772644	-1200.000000000	-1220.000000000	-4.642242432
24.998646690	4199772644	-1200.000000000	-1218.000000000	-4.642242432
24.998690476	4199780000	-1200.000000000	-1218.000000000	12.188995361
25.048646411	4208172597	-1200.000000000	-1218.000000000	12.188995361
25.048646411	4208172597	-1200.000000000	-1248.000000000	12.188995361
25.048690476	4208180000	-1200.000000000	-1248.000000000	-13.486373901
25.098646238	4216572568	-1200.000000000	-1248.000000000	-13.486373901
25.098646238	4216572568	-1200.000000000	-1249.000000000	-13.486373901
25.098694976	4216580756	-1200.000000000	-1249.000000000	18.897140503
25.148646708	4224972647	-1200.000000000	-1249.000000000	18.897140503
25.148646708	4224972647	-1200.000000000	-1219.000000000	18.897140503
25.148690476	4224980000	-1200.000000000	-1219.000000000	-21.034099579
25.198646702	4233372646	-1200.000000000	-1219.000000000	-21.034099579
25.198646702	4233372646	-1200.000000000	-1220.000000000	-21.034099579
25.198690476	4233380000	-1200.000000000	-1220.000000000	27.204139709
25.248646917	4241772682	-1200.000000000	-1220.000000000	27.204139709
25.248646917	4241772682	-1200.000000000	-1250.000000000	27.204139709
25.248685476	4241779160	-1200.000000000	-1250.000000000	-12.795860291
25.298646643	4250172636	-1200.000000000	-1250.000000000	-12.795860291
25.298646643	4250172636	-1200.000000000	-1249.000000000	-12.795860291
25.298685476	4250179160	-1200.000000000	-1249.000000000	7.611278534
25.348646268	4258572573	-1200.000000000	-1249.000000000	7.611278534
25.348646268	4258572573	-1200.000000000	-1217.000000000	7.611278534
25.348690476	4258580000	-1200.000000000	-1217.000000000	-18.411994934
25.398647250	4266972738	-1200.000000000	-1217.000000000	-18.411994934
25.398647250	4266972738	-1200.000000000	-1216.000000000	-18.411994934
25.398690476	4266980000	-1200.000000000	-1216.000000000	14.111343384
25.448646464	4275372606	-1200.000000000	-1216.000000000	14.111343384
25.448646464	4275372606	-1200.000000000	-1247.000000000	14.111343384
25.448690476	4275380000	-1200.000000000	-1247.000000000	-22.250778198
25.498646262	4283772572	-1200.000000000	-1247.000000000	-22.250778198
25.498646262	4283772572	-1200.000000000	-1247.000000000	-22.250778198
25.498690476	4283780000	-1200.000000000	-1247.000000000	16.179168701
25.548646714	4292172648	-1200.000000000	-1247.000000000	16.179168701
25.548646714	4292172648	-1200.000000000	-1215.000000000	16.179168701
25.548690476	4292180000	-1200.000000000	-1215.000000000	-0.820831299
25.598646839	4300572669	-1200.000000000	-1215.000000000	-0.820831299
25.598646839	4300572669	-1200.000000000	-1211.000000000	-0.820831299
25.598690476	4300580000	-1200.000000000	-1211.000000000	2.228565216
25.648646530	4308972617	-1200.000000000	-1211.000000000	2.228565216
25.648646530	4308972617	-1200.000000000	-1241.000000000	2.228565216
25.648690476	4308980000	-1200.000000000	-1241.000000000	-7.156074524
25.698646107	4317372546	-1200.000000000	-1241.000000000	-7.156074524
25.698646107	4317372546	-1200.000000000	-1245.000000000	-7.156074524
25.698690476	4317380000	-1200.000000000	-1245.000000000	5.442047119
25.748646256	4325772571	-1200.000000000	-1245.000000000	5.442047119
25.748646256	4325772571	-1200.000000000	-1215.000000000	5.442047119
25.748690476	4325780000	-1200.000000000	-1215.000000000	-8.726646423
25.798647280	4334172743	-1200.000000000	-1215.000000000	-8.726646423
25.798647280	4334172743	-1200.000000000	-1212.000000000	-8.726646423
25.798690476	4334180000	-1200.000000000	-1212.000000000	16.787094116
25.848646304	4342572579	-1200.000000000	-1212.000000000	16.787094116
25.848646304	4342572579	-1200.000000000	-1241.000000000	16.787094116
25.848690476	4342580000	-1200.000000000	-1241.000000000	-9.212905884
25.898646101	4350972545	-1200.000000000	-1241.000000000	-9.212905884
25.898646101	4350972545	-1200.000000000	-1243.000000000	-9.212905884
25.898690476	4350980000	-1200.000000000	-1243.000000000	3.909290314
25.948646696	4359372645	-1200.000000000	-1243.000000000	3.909290314
25.948646696	4359372645	-1200.000000000	-1211.000000000	3.909290314
25.948690476	4359380000	-1200.000000000	-1211.000000000	-11.305625916
25.998646821	4367772666	-1200.000000000	-1211.000000000	-11.305625916
25.998646821	4367772666	-1200.000000000	-1208.000000000	-11.305625916
25.998690476	4367780000	-1200.000000000	-1208.000000000	9.752315521
26.048646452	4376172604	-1200.000000000	-1208.000000000	9.752315521
26.048646452	4376172604	-1200.000000000	-1240.000000000	9.752315521
26.048690476	4376180000	-1200.000000000	-1240.000000000	-14.917629242
26.098646083	4384572542	-1200.000000000	-1240.000000000	-14.917629242
26.098646083	4384572542	-1200.000000000	-1241.000000000	-14.917629242
26.098690476	4384580000	-1200.000000000	-1241.000000000	12.398220062
26.148646268	4392972573	-1200.000000000	-1241.000000000	12.398220062
26.148646268	4392972573	-1200.000000000	-1210.000000000	12.398220062
26.148690476	4392980000	-1200.000000000	-1210.000000000	-12.186725616
26.198647244	4401372737	-1200.000000000	-1210.000000000	-12.186725616
26.198647244	4401372737	-1200.000000000	-1208.000000000	-12.186725616
26.198690476	4401380000	-1200.000000000	-1208.000000000	11.813274384
26.248646470	4409772607	-1200.000000000	-1208.000000000	11.813274384
26.248646470	4409772607	-1200.000000000	-1240.000000000	11.813274384
26.248690476	4409780000	-1200.000000000	-1240.000000000	-14.108440399
26.298646089	4418172543	-3600.000000000	-1240.000000000	-14.108440399
26.298646089	4418172543	-3600.000000000	-1242.000000000	-14.108440399
26.298690476	4418180000	-3600.000000000	-1242.000000000	-53.456935883
26.348647155	4426572722	-3600.000000000	-1242.000000000	-53.456935883
26.348647155	4426572722	-3600.000000000	-1256.000000000	-53.456935883
26.348685476	4426579160	-3600.000000000	-1256.000000000	-31.958808899
26.398646786	4434972660	-3600.000000000	-1256.000000000	-31.958808899
26.398646786	4434972660	-3600.000000000	-1313.000000000	-31.958808899
26.398690476	4434980000	-3600.000000000	-1313.000000000	-27.653877258
26.448646399	4443372595	-3600.000000000	-1313.000000000	-27.653877258
26.448646399	4443372595	-3600.000000000	-1385.000000000	-27.653877258
26.448690476	4443380000	-3600.000000000	-1385.000000000	-37.961341858
26.498646500	4451772612	-3600.000000000	-1385.000000000	-37.961341858
26.498646500	4451772612	-3600.000000000	-1468.000000000	-37.961341858
26.498690476	4451780000	-3600.000000000	-1468.000000000	-37.961341858
26.548694976	4460180756	-3600.000000000	-1468.000000000	-37.961341858
26.548694976	4460180756	-3600.000000000	-1468.000000000	-41.997581482
26.598646946	4468572687	-3600.000000000	-1468.000000000	-41.997581482
26.598646946	4468572687	-3600.000000000	-1665.000000000	-41.997581482
26.598690476	4468580000	-3600.000000000	-1665.000000000	-42.986728668
26.648646256	4476972571	-3600.000000000	-1665.000000000	-42.986728668
26.648646256	4476972571	-3600.000000000	-1777.000000000	-42.986728668
26.648690476	4476980000	-3600.000000000	-1777.000000000	-40.715675354
26.698646339	4485372585	-3600.000000000	-1777.000000000	-40.715675354
26.698646339	4485372585	-3600.000000000	-1898.000000000	-40.715675354
26.698690476	4485380000	-3600.000000000	-1898.000000000	-37.383796692
26.748646863	4493772673	-3600.000000000	-1898.000000000	-37.383796692
26.748646863	4493772673	-3600.000000000	-2026.000000000	-37.383796692
26.748687476	4493779496	-3600.000000000	-2026.000000000	-18.563659668
26.798646637	4502172635	-3600.000000000	-2026.000000000	-18.563659668
26.798646637	4502172635	-3600.000000000	-2159.000000000	-18.563659668
26.798690476	4502180000	-3600.000000000	-2159.000000000	58.436340332
26.848646774	4510572658	-3600.000000000	-2159.000000000	58.436340332
26.848646774	4510572658	-3600.000000000	-2281.000000000	58.436340332
26.848690476	4510580000	-3600.000000000	-2281.000000000	18.904045105
26.898646095	4518972544	-3600.000000000	-2281.000000000	18.904045105
26.898646095	4518972544	-3600.000000000	-2319.000000000	18.904045105
26.898690476	4518980000	-3600.000000000	-2319.000000000	-43.878349304
26.948646786	4527372660	-3600.000000000	-2319.000000000	-43.878349304
26.948646786	4527372660	-3600.000000000	-2350.000000000	-43.878349304
26.948690476	4527380000	-3600.000000000	-2350.000000000	52.027175903
26.998646845	4535772670	-3600.000000000	-2350.000000000	52.027175903
26.998646845	4535772670	-3600.000000000	-2430.000000000	52.027175903
26.998690476	4535780000	-3600.000000000	-2430.000000000	50.846466064
27.048646315	4544172581	-3600.000000000	-2430.000000000	50.846466064
27.048646315	4544172581	-3600.000000000	-2512.000000000	50.846466064
27.048690476	4544180000	-3600.000000000	-2512.000000000	0.544914246
27.098646274	4552572574	-3600.000000000	-2512.000000000	0.544914246
27.098646274	4552572574	-3600.000000000	-2600.000000000	0.544914246
27.098690476	4552580000	-3600.000000000	-2600.000000000	9.778938293
27.148646208	4560972563	-3600.000000000	-2600.000000000	9.778938293
27.148646208	4560972563	-3600.000000000	-2695.000000000	9.778938293
27.148690476	4560980000	-3600.000000000	-2695.000000000	78.778938293
27.198646464	4569372606	-3600.000000000	-2695.000000000	78.778938293
27.198646464	4569372606	-3600.000000000	-2778.000000000	78.778938293
27.198690476	4569380000	-3600.000000000	-2778.000000000	33.409435272
27.248646702	4577772646	-3600.000000000	-2778.000000000	33.409435272
27.248646702	4577772646	-3600.000000000	-2800.000000000	33.409435272
27.248690476	4577780000	-3600.000000000	-2800.000000000	-53.073444366
27.298646792	4586172661	-3600.000000000	-2800.000000000	-53.073444366
27.298646792	4586172661	-3600.000000000	-2829.000000000	-53.073444366
27.298690476	4586180000	-3600.000000000	-2829.000000000	-9.528366089
27.348646601	4594572629	-3600.000000000	-2829.000000000	-9.528366089
27.348646601	4594572629	-3600.000000000	-2901.000000000	-9.528366089
27.348690476	4594580000	-3600.000000000	-2901.000000000	25.428756714
27.398646940	4602972686	-3600.000000000	-2901.000000000	25.428756714
27.398646940	4602972686	-3600.000000000	-2979.000000000	25.428756714
27.398690476	4602980000	-3600.000000000	-2979.000000000	50.778320313
27.448645280	4611372407	-3600.000000000	-2979.000000000	50.778320313
27.448645280	4611372407	-3600.000000000	-3009.000000000	50.778320313
27.448690476	4611380000	-3600.000000000	-3009.000000000	-3.221679688
27.498646708	4619772647	-3600.000000000	-3009.000000000	-3.221679688
27.498646708	4619772647	-3600.000000000	-3031.000000000	-3.221679688
27.498690476	4619780000	-3600.000000000	-3031.000000000	-30.148574829
27.548646851	4628172671	-3600.000000000	-3031.000000000	-30.148574829
27.548646851	4628172671	-3600.000000000	-3093.000000000	-30.148574829
27.548690476	4628180000	-3600.000000000	-3093.000000000	53.488906860
27.598646292	4636572577	-3600.000000000	-3093.000000000	53.488906860
27.598646292	4636572577	-3600.000000000	-3160.000000000	53.488906860
27.598690476	4636580000	-3600.000000000	-3160.000000000	28.554748535
27.648646679	4644972642	-3600.000000000	-3160.000000000	28.554748535
27.648646679	4644972642	-3600.000000000	-3178.000000000	28.554748535
27.648690476	4644980000	-3600.000000000	-3178.000000000	5.679801941
27.698646488	4653372610	-3600.000000000	-3178.000000000	5.679801941
27.698646488	4653372610	-3600.000000000	-3188.000000000	5.679801941
27.698690476	4653380000	-3600.000000000	-3188.000000000	-36.135246277
27.748646488	4661772610	-3600.000000000	-3188.000000000	-36.135246277
27.748646488	4661772610	-3600.000000000	-3239.000000000	-36.135246277
27.748690476	4661780000	-3600.000000000	-3239.000000000	31.864753723
27.798700476	4670181680	-3600.000000000	-3239.000000000	31.864753723
27.798700476	4670181680	-3600.000000000	-3301.000000000	31.864753723
27.798700476	4670181680	-3600.000000000	-3301.000000000	12.617736816
27.848646256	4678572571	-3600.000000000	-3301.000000000	12.617736816
27.848646256	4678572571	-3600.000000000	-3315.000000000	12.617736816
27.848690476	4678580000	-3600.000000000	-3315.000000000	34.649692535
27.898646643	4686972636	-3600.000000000	-3315.000000000	34.649692535
27.898646643	4686972636	-3600.000000000	-3319.000000000	34.649692535
27.898690476	4686980000	-3600.000000000	-3319.000000000	-19.133827209
27.948646494	4695372611	-3600.000000000	-3319.000000000	-19.133827209
27.948646494	4695372611	-3600.000000000	-3355.000000000	-19.133827209
27.948690476	4695380000	-3600.000000000	-3355.000000000	30.445976257
27.998699976	4703781596	-3600.000000000	-3355.000000000	-4.643619537
28.048646690	4712172644	-3600.000000000	-3355.000000000	-4.643619537
28.048646690	4712172644	-3600.000000000	-3409.000000000	-4.643619537
28.048690476	4712180000	-3600.000000000	-3409.000000000	24.615901947
28.098646673	4720572641	-3600.000000000	-3409.000000000	24.615901947
28.098646673	4720572641	-3600.000000000	-3411.000000000	24.615901947
28.098690476	4720580000	-3600.000000000	-3411.000000000	-19.384098053
28.148646488	4728972610	-3600.000000000	-3411.000000000	-19.384098053
28.148646488	4728972610	-3600.000000000	-3444.000000000	-19.384098053
28.148690476	4728980000	-3600.000000000	-3444.000000000	35.082706451
28.198646161	4737372555	-3600.000000000	-3444.000000000	35.082706451
28.198646161	4737372555	-3600.000000000	-3485.000000000	35.082706451
28.198690476	4737380000	-3600.000000000	-3485.000000000	-12.785781860
28.248646256	4745772571	-3600.000000000	-3485.000000000	-12.785781860
28.248646256	4745772571	-3600.000000000	-3488.000000000	-12.785781860
28.248690476	4745780000	-3600.000000000	-3488.000000000	28.262702942
28.298647119	4754172716	-3600.000000000	-3488.000000000	28.262702942
28.298647119	4754172716	-3600.000000000	-3485.000000000	28.262702942
28.298690476	4754180000	-3600.000000000	-3485.000000000	-13.561485291
28.348646440	4762572602	-3600.000000000	-3485.000000000	-13.561485291
28.348646440	4762572602	-3600.000000000	-3512.000000000	-13.561485291
28.348690476	4762580000	-3600.000000000	-3512.000000000	32.238967896
28.398645137	4770972383	-3600.000000000	-3512.000000000	32.238967896
28.398645137	4770972383	-3600.000000000	-3526.000000000	32.238967896
28.398690476	4770980000	-3600.000000000	-3526.000000000	33.238967896
28.448646702	4779372646	-3600.000000000	-3526.000000000	33.238967896
28.448646702	4779372646	-3600.000000000	-3515.000000000	33.238967896
28.448690476	4779380000	-3600.000000000	-3515.000000000	-31.221101761
28.498647107	4787772714	-3600.000000000	-3515.000000000	-31.221101761
28.498647107	4787772714	-3600.000000000	-3524.000000000	-31.221101761
28.498690476	4787780000	-3600.000000000	-3524.000000000	-13.906888962
28.548646524	4796172616	-3600.000000000	-3524.000000000	-13.906888962
28.548646524	4796172616	-3600.000000000	-3557.000000000	-13.906888962
28.548690476	4796180000	-3600.000000000	-3557.000000000	-3.177692413
28.598646107	4804572546	-3600.000000000	-3557.000000000	-3.177692413
28.598646107	4804572546	-3600.000000000	-3566.000000000	-3.177692413
28.598690476	4804580000	-3600.000000000	-3566.000000000	18.469242096
28.648646256	4812972571	-3600.000000000	-3566.000000000	18.469242096
28.648646256	4812972571	-3600.000000000	-3547.000000000	18.469242096
28.648690476	4812980000	-3600.000000000	-3547.000000000	-43.061927795
28.698647137	4821372719	-3600.000000000	-3547.000000000	-43.061927795
28.698647137	4821372719	-3600.000000000	-3556.000000000	-43.061927795
28.698690476	4821380000	-3600.000000000	-3556.000000000	-6.061929703
28.748646238	4829772568	-3600.000000000	-3556.000000000	-6.061929703
28.748646238	4829772568	-3600.000000000	-3594.000000000	-6.061929703
28.748690476	4829780000	-3600.000000000	-3594.000000000	-18.212558746
28.798646244	4838172569	-3600.000000000	-3594.000000000	-18.212558746
28.798646244	4838172569	-3600.000000000	-3599.000000000	-18.212558746
28.798690476	4838180000	-3600.000000000	-3599.000000000	14.648323059
28.848646851	4846572671	-3600.000000000	-3599.000000000	14.648323059
28.848646851	4846572671	-3600.000000000	-3569.000000000	14.648323059
28.848690476	4846580000	-3600.000000000	-3569.000000000	-36.684734344
28.898646726	4854972650	-3600.000000000	-3569.000000000	-36.684734344
28.898646726	4854972650	-3600.000000000	-3574.000000000	-36.684734344
28.898690476	4854980000	-3600.000000000	-3574.000000000	8.497787476
28.948646369	4863372590	-3600.000000000	-3574.000000000	8.497787476
28.948646369	4863372590	-3600.000000000	-3611.000000000	8.497787476
28.948690476	4863380000	-3600.000000000	-3611.000000000	-9.272190094
28.998646220	4871772565	-3600.000000000	-3611.000000000	-9.272190094
28.998646220	4871772565	-3600.000000000	-3615.000000000	-9.272190094
28.998690476	4871780000	-3600.000000000	-3615.000000000	24.727809906
29.048646512	4880172614	-3600.000000000	-3615.000000000	24.727809906
29.048646512	4880172614	-3600.000000000	-3587.000000000	24.727809906
29.048690476	4880180000	-3600.000000000	-3587.000000000	-16.812995911
29.098647202	4888572730	-3600.000000000	-3587.000000000	-16.812995911
29.098647202	4888572730	-3600.000000000	-3588.000000000	-16.812995911
29.098690476	4888580000	-3600.000000000	-3588.000000000	5.444530487
29.148646452	4896972604	-3600.000000000	-3588.000000000	5.444530487
29.148646452	4896972604	-3600.000000000	-3623.000000000	5.444530487
29.148690476	4896980000	-3600.000000000	-3623.000000000	-0.035915375
29.198646107	4905372546	-3600.000000000	-3623.000000000	-0.035915375
29.198646107	4905372546	-3600.000000000	-3629.000000000	-0.035915375
29.198690476	4905380000	-3600.000000000	-3629.000000000	18.851448059
29.248646643	4913772636	-3600.000000000	-3629.000000000	18.851448059
29.248646643	4913772636	-3600.000000000	-3601.000000000	18.851448059
29.248690476	4913780000	-3600.000000000	-3601.000000000	-20.398818970
29.298646839	4922172669	-3600.000000000	-3601.000000000	-20.398818970
29.298646839	4922172669	-3600.000000000	-3604.000000000	-20.398818970
29.298690476	4922180000	-3600.000000000	-3604.000000000	17.690345764
29.348646929	4930572684	-3600.000000000	-3604.000000000	17.690345764
29.348646929	4930572684	-3600.000000000	-3636.000000000	17.690345764
29.348690476	4930580000	-3600.000000000	-3636.000000000	0.690345764
29.398646083	4938972542	-3600.000000000	-3636.000000000	0.690345764
29.398646083	4938972542	-3600.000000000	-3641.000000000	0.690345764
29.398690476	4938980000	-3600.000000000	-3641.000000000	10.093257904
29.448646107	4947372546	-3600.000000000	-3641.000000000	10.093257904
29.448646107	4947372546	-3600.000000000	-3615.000000000	10.093257904
29.448690476	4947380000	-3600.000000000	-3615.000000000	-19.492057800
29.498647268	4955772741	-3600.000000000	-3615.000000000	-19.492057800
29.498647268	4955772741	-3600.000000000	-3615.000000000	-19.492057800
29.498690476	4955780000	-3600.000000000	-3615.000000000	2.031036377
29.548647036	4964172702	-3600.000000000	-3615.000000000	2.031036377
29.548647036	4964172702	-3600.000000000	-3646.000000000	2.031036377
29.548690476	4964180000	-3600.000000000	-3646.000000000	-10.603672028
29.598688976	4972579748	-3600.000000000	-3646.000000000	18.460876465
29.648646137	4980972551	-3600.000000000	-3646.000000000	18.460876465
29.648646137	4980972551	-3600.000000000	-3621.000000000	18.460876465
29.648705476	4980982520	-3600.000000000	-3621.000000000	-8.539123535
29.698646685	4989372643	-3600.000000000	-3621.000000000	-8.539123535
29.698646685	4989372643	-3600.000000000	-3620.000000000	-8.539123535
29.698690476	4989380000	-3600.000000000	-3620.000000000	4.776584625
29.748647012	4997772698	-3600.000000000	-3620.000000000	4.776584625
29.748647012	4997772698	-3600.000000000	-3651.000000000	4.776584625
29.748690476	4997780000	-3600.000000000	-3651.000000000	-8.206260681
29.798646095	5006172544	-3600.000000000	-3651.000000000	-8.206260681
29.798646095	5006172544	-3600.000000000	-3655.000000000	-8.206260681
29.798690476	5006180000	-3600.000000000	-3655.000000000	6.811935425
29.848646095	5014572544	-3600.000000000	-3655.000000000	6.811935425
29.848646095	5014572544	-3600.000000000	-3625.000000000	6.811935425
29.848690476	5014580000	-3600.000000000	-3625.000000000	-11.567405701
29.898647119	5022972716	-3600.000000000	-3625.000000000	-11.567405701
29.898647119	5022972716	-3600.000000000	-3622.000000000	-11.567405701
29.898690476	5022980000	-3600.000000000	-3622.000000000	8.882637024
29.948646470	5031372607	-3600.000000000	-3622.000000000	8.882637024
29.948646470	5031372607	-3600.000000000	-3650.000000000	8.882637024
29.948690476	5031380000	-3600.000000000	-3650.000000000	1.882637024
29.998646107	5039772546	-3600.000000000	-3650.000000000	1.882637024
29.998646107	5039772546	-3600.000000000	-3655.000000000	1.882637024
29.998690476	5039780000	-3600.000000000	-3655.000000000	5.578208923
30.048646149	5048172553	-3600.000000000	-3655.000000000	5.578208923
30.048646149	5048172553	-3600.000000000	-3628.000000000	5.578208923
30.048690476	5048180000	-3600.000000000	-3628.000000000	-3.706123352
30.098646685	5056572643	-3600.000000000	-3628.000000000	-3.706123352
30.098646685	5056572643	-3600.000000000	-3624.000000000	-3.706123352
30.098690476	5056580000	-3600.000000000	-3624.000000000	9.626468658
30.148646958	5064972689	-3600.000000000	-3624.000000000	9.626468658
30.148646958	5064972689	-3600.000000000	-3651.000000000	9.626468658
30.148690476	5064980000	-3600.000000000	-3651.000000000	-10.973976135
30.198646101	5073372545	-3600.000000000	-3651.000000000	-10.973976135
30.198646101	5073372545	-3600.000000000	-3652.000000000	-10.973976135
30.198690476	5073380000	-3600.000000000	-3652.000000000	12.004581451
30.248646101	5081772545	-3600.000000000	-3652.000000000	12.004581451
30.248646101	5081772545	-3600.000000000	-3624.000000000	12.004581451
30.248690476	5081780000	-3600.000000000	-3624.000000000	-22.055179596
30.298690476	5090180000	-3600.000000000	-3624.000000000	-22.055179596
30.298690476	5090180000	-3600.000000000	-3623.000000000	-22.055179596
30.298690476	5090180000	-3600.000000000	-3623.000000000	1.944820404
